domain,entity_id,record_name,entity_grain,entity_primary_key,parent_entity_id,element_name,business_name,description,source_type_raw,logical_type,max_length,scale,xml_path,physical_table,physical_columns,is_key,is_reference,reference_entity_id,reference_target_columns,is_collection,confidence,source_sheet,source_row,search_terms,notes
COMPANY,company.company,Company,"One row per COMPANY Company, identified by Id.",Id,,BankParentId,Bank Parent,"Link to company designated as the bank group head.This is normally the same as the company group head, but in some cases may be different.",Int,integer,,,/COMPANY/Companies/Company/BankParentId,Company,BankParentId,false,true,company.company,Id,false,documented,COMPANY_nn.xml,8,"BankParentId | Bank Parent | Link to company designated as the bank group head.This is normally the same as the company group head, but in some cases may be different.",
COMPANY,company.company,Company,"One row per COMPANY Company, identified by Id.",Id,,BrandName,Company Brand Name,"The name by which the company is normally known when reported in the media. This is normally the same as the legal name, but is often different for large, well-known companies.",String(80),string,80,,/COMPANY/Companies/Company/BrandName,Company,BrandName,false,false,,,false,documented,COMPANY_nn.xml,9,"BrandName | Company Brand Name | The name by which the company is normally known when reported in the media. This is normally the same as the legal name, but is often different for large, well-known companies.",
COMPANY,company.company,Company,"One row per COMPANY Company, identified by Id.",Id,,BusinessDescription,Company Business Description,Description of the company's main activities.,String(MAX),text,MAX,,/COMPANY/Companies/Company/BusinessDescription,Company,BusinessDescription,false,false,,,false,documented,COMPANY_nn.xml,10,BusinessDescription | Company Business Description | Description of the company's main activities.,
COMPANY,company.company,Company,"One row per COMPANY Company, identified by Id.",Id,,CapiqId,CapIQ ID,Id of company record in the Capiq datafeed that the Dealogic company is concorded to.,Int,integer,,,/COMPANY/Companies/Company/CapiqId,Company,CapiqId,false,false,,,false,documented,COMPANY_nn.xml,11,CapiqId | CapIQ ID | Id of company record in the Capiq datafeed that the Dealogic company is concorded to.,
COMPANY,company.company,Company,"One row per COMPANY Company, identified by Id.",Id,,City,Company City,City in which the issuer is located.,String(30),string,30,,/COMPANY/Companies/Company/City,Company,City,false,false,,,false,documented,COMPANY_nn.xml,12,City | Company City | City in which the issuer is located.,
COMPANY,company.company,Company,"One row per COMPANY Company, identified by Id.",Id,,CompanyParentId,Company Group Head,Link to the company that is the legal group head. A company group consists of all companies owning or owned at least 50%. The group head is the company with no owner.,Int,integer,,,/COMPANY/Companies/Company/CompanyParentId,Company,CompanyParentId,false,true,company.company,Id,false,documented,COMPANY_nn.xml,13,CompanyParentId | Company Group Head | Link to the company that is the legal group head. A company group consists of all companies owning or owned at least 50%. The group head is the company with no owner.,
COMPANY,company.company,Company,"One row per COMPANY Company, identified by Id.",Id,,CUSIP,Company CUSIP,CUSIP number for the company. This is the 6-digit version.,String(6),string,6,,/COMPANY/Companies/Company/CUSIP,Company,CUSIP,false,false,,,false,documented,COMPANY_nn.xml,14,CUSIP | Company CUSIP | CUSIP number for the company. This is the 6-digit version.,
COMPANY,company.company,Company,"One row per COMPANY Company, identified by Id.",Id,,FinancialSponsorParentId,Financial Sponsor Parent,The topmost financial sponsor in an unbroken hierarchy of majority ownership of financial sponsor companies to which this company belongs.,Int,integer,,,/COMPANY/Companies/Company/FinancialSponsorParentId,Company,FinancialSponsorParentId,false,true,company.company,Id,false,documented,COMPANY_nn.xml,15,FinancialSponsorParentId | Financial Sponsor Parent | The topmost financial sponsor in an unbroken hierarchy of majority ownership of financial sponsor companies to which this company belongs.,
COMPANY,company.company,Company,"One row per COMPANY Company, identified by Id.",Id,,Id,Company Id,Unique Dealogic identifier assigned to a company. Sometimes referred to in documentation as EID or Entity Id.,Int,integer,,,/COMPANY/Companies/Company/Id,Company,Id,true,false,,,false,documented,COMPANY_nn.xml,16,Id | Company Id | Unique Dealogic identifier assigned to a company. Sometimes referred to in documentation as EID or Entity Id.,
COMPANY,company.company,Company,"One row per COMPANY Company, identified by Id.",Id,,ImmediateParentId,Immediate Parent,Pointer to the company which is legal owner of at least 50% of this one.,Int,integer,,,/COMPANY/Companies/Company/ImmediateParentId,Company,ImmediateParentId,false,true,company.company,Id,false,documented,COMPANY_nn.xml,17,ImmediateParentId | Immediate Parent | Pointer to the company which is legal owner of at least 50% of this one.,
COMPANY,company.company,Company,"One row per COMPANY Company, identified by Id.",Id,,IsDeleted,Deleted Flag,Flag to indicate that the company record has been removed from the feed. The most common cause for this is the elimination of duplicate records created for the same company. All links to this deleted record will be replaced in the current update.,Bool,boolean,,,/COMPANY/Companies/Company/IsDeleted,Company,IsDeleted,false,false,,,false,documented,COMPANY_nn.xml,18,IsDeleted | Deleted Flag | Flag to indicate that the company record has been removed from the feed. The most common cause for this is the elimination of duplicate records created for the same company. All links to this deleted record will be replaced in the current update.,
COMPANY,company.company,Company,"One row per COMPANY Company, identified by Id.",Id,,IsFinancialSponsor,Financial Sponsor Flag,Flag set to true if the company acts in the role of financial sponsor in any deal. For most companies therefore this flag will be set to false.,Bool,boolean,,,/COMPANY/Companies/Company/IsFinancialSponsor,Company,IsFinancialSponsor,false,false,,,false,documented,COMPANY_nn.xml,19,IsFinancialSponsor | Financial Sponsor Flag | Flag set to true if the company acts in the role of financial sponsor in any deal. For most companies therefore this flag will be set to false.,
COMPANY,company.company,Company,"One row per COMPANY Company, identified by Id.",Id,,IsInactive,Inactive Flag,Set to true if the company is flagged as inactive.,Bool,boolean,,,/COMPANY/Companies/Company/IsInactive,Company,IsInactive,false,false,,,false,documented,COMPANY_nn.xml,20,IsInactive | Inactive Flag | Set to true if the company is flagged as inactive.,
COMPANY,company.company,Company,"One row per COMPANY Company, identified by Id.",Id,,Listings,Listing,Multi-value field for company stock exchange listings.,Collection,collection,,,/COMPANY/Companies/Company/Listings,CompanyListings,,false,false,,,true,documented,COMPANY_nn.xml,21,Listings | Listing | Multi-value field for company stock exchange listings.,
COMPANY,company.company,Company,"One row per COMPANY Company, identified by Id.",Id,,MediaCode,Media Short Code,This field is populated when a company is commonly referred to in the press by a short acronym eg. IBM.,String(50),string,50,,/COMPANY/Companies/Company/MediaCode,Company,MediaCode,false,false,,,false,documented,COMPANY_nn.xml,22,MediaCode | Media Short Code | This field is populated when a company is commonly referred to in the press by a short acronym eg. IBM.,
COMPANY,company.company,Company,"One row per COMPANY Company, identified by Id.",Id,,NAICSCodes,NAICSCode,Multi-value list of NAICS codes applicable to a company.,Collection,collection,,,/COMPANY/Companies/Company/NAICSCodes,CompanyNAICSCodes,,false,false,,,true,documented,COMPANY_nn.xml,23,NAICSCodes | NAICSCode | Multi-value list of NAICS codes applicable to a company.,
COMPANY,company.company,Company,"One row per COMPANY Company, identified by Id.",Id,,Name,Company Name,The Company name as it should appear on legal documents such as SEC filings or bond prospectuses.,String(100),string,100,,/COMPANY/Companies/Company/Name,Company,Name,false,false,,,false,documented,COMPANY_nn.xml,24,Name | Company Name | The Company name as it should appear on legal documents such as SEC filings or bond prospectuses.,
COMPANY,company.company,Company,"One row per COMPANY Company, identified by Id.",Id,,NationalityOfBusinessISOCode,Nationality of Business Operations,ISO Code of the country representing the nationality of business of the company (in contrast to nationality of incorporation).,String(3),string,3,,/COMPANY/Companies/Company/NationalityOfBusinessISOCode,Company,NationalityOfBusinessISOCode,false,true,reference_files.country,ISOCode,false,documented,COMPANY_nn.xml,25,NationalityOfBusinessISOCode | Nationality of Business Operations | ISO Code of the country representing the nationality of business of the company (in contrast to nationality of incorporation).,
COMPANY,company.company,Company,"One row per COMPANY Company, identified by Id.",Id,,NationalityOfIncorporationISOCode,Company Nationality of Incorporation,ISO Code of the country of the nationality of incorporation of the company (in contrast to nationality of operations).,String(3),string,3,,/COMPANY/Companies/Company/NationalityOfIncorporationISOCode,Company,NationalityOfIncorporationISOCode,false,true,reference_files.country,ISOCode,false,documented,COMPANY_nn.xml,26,NationalityOfIncorporationISOCode | Company Nationality of Incorporation | ISO Code of the country of the nationality of incorporation of the company (in contrast to nationality of operations).,
COMPANY,company.company,Company,"One row per COMPANY Company, identified by Id.",Id,,OrganisationTypeId,Company Type,"Link to reference that indicates whether a company is public, private, state, corporate or financial.",Int,integer,,,/COMPANY/Companies/Company/OrganisationTypeId,Company,OrganisationTypeId,false,true,reference_files.state,Id,false,documented,COMPANY_nn.xml,27,"OrganisationTypeId | Company Type | Link to reference that indicates whether a company is public, private, state, corporate or financial.",
COMPANY,company.company,Company,"One row per COMPANY Company, identified by Id.",Id,,PublicStatusId,Company Public Status,Link for Public Status reference representing a company's ownership status.,Int,integer,,,/COMPANY/Companies/Company/PublicStatusId,Company,PublicStatusId,false,true,reference_files.companypublicstatus,Id,false,documented,COMPANY_nn.xml,28,PublicStatusId | Company Public Status | Link for Public Status reference representing a company's ownership status.,
COMPANY,company.company,Company,"One row per COMPANY Company, identified by Id.",Id,,ReitSubSectorId,Reit Subsector,Type of real estate a REIT corporation invests in.,Int,integer,,,/COMPANY/Companies/Company/ReitSubSectorId,Company,ReitSubSectorId,false,true,reference_files.state,Id,false,documented,COMPANY_nn.xml,29,ReitSubSectorId | Reit Subsector | Type of real estate a REIT corporation invests in.,
COMPANY,company.company,Company,"One row per COMPANY Company, identified by Id.",Id,,ShortCode,Company Short Code,Unique code assigned to a company. Due to the volume of companies held by Dealogic these codes can sometimes be quite obscure.,String(10),string,10,,/COMPANY/Companies/Company/ShortCode,Company,ShortCode,false,false,,,false,documented,COMPANY_nn.xml,30,ShortCode | Company Short Code | Unique code assigned to a company. Due to the volume of companies held by Dealogic these codes can sometimes be quite obscure.,
COMPANY,company.company,Company,"One row per COMPANY Company, identified by Id.",Id,,SICCodes,SICCode,Multi-value list of SIC codes applicable to a company.,Collection,collection,,,/COMPANY/Companies/Company/SICCodes,CompanySICCodes,,false,false,,,true,documented,COMPANY_nn.xml,31,SICCodes | SICCode | Multi-value list of SIC codes applicable to a company.,
COMPANY,company.company,Company,"One row per COMPANY Company, identified by Id.",Id,,SIGId,Company DL SIG,Link to the reference list representing the Dealogic Specific Industry Group for the Company.,Int,integer,,,/COMPANY/Companies/Company/SIGId,Company,SIGId,false,true,reference_files.companysig,Id,false,documented,COMPANY_nn.xml,32,SIGId | Company DL SIG | Link to the reference list representing the Dealogic Specific Industry Group for the Company.,
COMPANY,company.company,Company,"One row per COMPANY Company, identified by Id.",Id,,StateId,Company US State,The state of an American company.,Int,integer,,,/COMPANY/Companies/Company/StateId,Company,StateId,false,true,reference_files.state,Id,false,documented,COMPANY_nn.xml,33,StateId | Company US State | The state of an American company.,
COMPANY,company.company,Company,"One row per COMPANY Company, identified by Id.",Id,,SuccessorCompanyId,Successor Company,Link to the company that is the successor to an inactive entity in cases where an entity has been renamed.,Int,integer,,,/COMPANY/Companies/Company/SuccessorCompanyId,Company,SuccessorCompanyId,false,true,company.company,Id,false,documented,COMPANY_nn.xml,34,SuccessorCompanyId | Successor Company | Link to the company that is the successor to an inactive entity in cases where an entity has been renamed.,
COMPANY,company.company,Company,"One row per COMPANY Company, identified by Id.",Id,,URL,Company URL,Home page URL of Company.,String(225),string,225,,/COMPANY/Companies/Company/URL,Company,URL,false,false,,,false,documented,COMPANY_nn.xml,35,URL | Company URL | Home page URL of Company.,
COMPANY,company.listing,Listing,"One row per COMPANY Listing, identified by Id and ExchangeId.",Id;ExchangeId,company.company,CUSIP9,CUSIP9,CUSIP number.,String(9),string,9,,/COMPANY/Companies/Company/Listings/Listing/CUSIP9,CompanyListings,CUSIP9,false,false,,,false,documented,COMPANY_nn.xml,41,CUSIP9 | CUSIP9 | CUSIP number.,
COMPANY,company.listing,Listing,"One row per COMPANY Listing, identified by Id and ExchangeId.",Id;ExchangeId,company.company,ExchangeId,Company Listing Exchange Id,Link to reference list of stock exchanges representing an exchange on which a company's shares are listed.,Int,integer,,,/COMPANY/Companies/Company/Listings/Listing/ExchangeId,CompanyListings,ExchangeId,true,true,reference_files.exchange,Id,false,documented,COMPANY_nn.xml,42,ExchangeId | Company Listing Exchange Id | Link to reference list of stock exchanges representing an exchange on which a company's shares are listed.,
COMPANY,company.listing,Listing,"One row per COMPANY Listing, identified by Id and ExchangeId.",Id;ExchangeId,company.company,ISIN,ISIN,International Security Identification Number.,String(12),string,12,,/COMPANY/Companies/Company/Listings/Listing/ISIN,CompanyListings,ISIN,false,false,,,false,documented,COMPANY_nn.xml,43,ISIN | ISIN | International Security Identification Number.,
COMPANY,company.listing,Listing,"One row per COMPANY Listing, identified by Id and ExchangeId.",Id;ExchangeId,company.company,IsPrimary,Primary Listing Flag,Flag set to true to indicate that the associated exchange lists the greatest volume of shares of a company.,Bool,boolean,,,/COMPANY/Companies/Company/Listings/Listing/IsPrimary,CompanyListings,IsPrimary,false,false,,,false,documented,COMPANY_nn.xml,44,IsPrimary | Primary Listing Flag | Flag set to true to indicate that the associated exchange lists the greatest volume of shares of a company.,
COMPANY,company.listing,Listing,"One row per COMPANY Listing, identified by Id and ExchangeId.",Id;ExchangeId,company.company,Ticker,Company Ticker,The ticker symbol associated to the company for the associated stock exchange.,String(10),string,10,,/COMPANY/Companies/Company/Listings/Listing/Ticker,CompanyListings,Ticker,false,false,,,false,documented,COMPANY_nn.xml,45,Ticker | Company Ticker | The ticker symbol associated to the company for the associated stock exchange.,
COMPANY,company.naicscode,NAICSCode,"One row per COMPANY NAICSCode, identified by Id and Code.",Id;Code,company.company,Code,NAICS Code,The NAICS code.,String(6),string,6,,/COMPANY/Companies/Company/NAICSCodes/NAICSCode/Code,CompanyNAICSCodes,Code,true,true,reference_files.companynaicscode,Code,false,documented,COMPANY_nn.xml,51,Code | NAICS Code | The NAICS code.,
COMPANY,company.naicscode,NAICSCode,"One row per COMPANY NAICSCode, identified by Id and Code.",Id;Code,company.company,IsPrimary,Primary NAICS Flag,Flag set to true for the NAICS code that represents the most important area of business of the company.,Bool,boolean,,,/COMPANY/Companies/Company/NAICSCodes/NAICSCode/IsPrimary,CompanyNAICSCodes,IsPrimary,false,false,,,false,documented,COMPANY_nn.xml,52,IsPrimary | Primary NAICS Flag | Flag set to true for the NAICS code that represents the most important area of business of the company.,
COMPANY,company.naicscode,NAICSCode,"One row per COMPANY NAICSCode, identified by Id and Code.",Id;Code,company.company,SortNumber,Sort Number,Used to determine the presentation order where there are multiple values.,Int,integer,,,/COMPANY/Companies/Company/NAICSCodes/NAICSCode/SortNumber,CompanyNAICSCodes,SortNumber,false,false,,,false,documented,COMPANY_nn.xml,53,SortNumber | Sort Number | Used to determine the presentation order where there are multiple values.,
COMPANY,company.siccode,SICCode,"One row per COMPANY SICCode, identified by Id and Code.",Id;Code,company.company,Code,SIC code,The actual SIC code.,String(4),string,4,,/COMPANY/Companies/Company/SICCodes/SICCode/Code,CompanySICCodes,Code,true,true,reference_files.companysiccode,Code,false,documented,COMPANY_nn.xml,59,Code | SIC code | The actual SIC code.,
COMPANY,company.siccode,SICCode,"One row per COMPANY SICCode, identified by Id and Code.",Id;Code,company.company,IsPrimary,Primary SIC Flag,Flag field set to true for the SIC code that best describes the main area of business of the company.,Bool,boolean,,,/COMPANY/Companies/Company/SICCodes/SICCode/IsPrimary,CompanySICCodes,IsPrimary,false,false,,,false,documented,COMPANY_nn.xml,60,IsPrimary | Primary SIC Flag | Flag field set to true for the SIC code that best describes the main area of business of the company.,
COMPANY,company.siccode,SICCode,"One row per COMPANY SICCode, identified by Id and Code.",Id;Code,company.company,SortNumber,Sort Number,Used to determine the presentation order where there are multiple values.,Int,integer,,,/COMPANY/Companies/Company/SICCodes/SICCode/SortNumber,CompanySICCodes,SortNumber,false,false,,,false,documented,COMPANY_nn.xml,61,SortNumber | Sort Number | Used to determine the presentation order where there are multiple values.,
COMPANYSHARE,companyshare.company,Company,"One row per COMPANYSHARE Company, identified by Id.",Id,,EnterpriseValue,Company Enterprise Value,"Enterprise value of the company, calculated as Market Cap plus Net Debt",Money,money,,,/COMPANYSHARE/Companies/Company/EnterpriseValue,ShareCompanyEnterpriseValue,ShareCompanyId;CurrencyISOCode;Value,false,false,,,false,documented,COMPANYSHARE_nn.xml,8,"EnterpriseValue | Company Enterprise Value | Enterprise value of the company, calculated as Market Cap plus Net Debt",
COMPANYSHARE,companyshare.company,Company,"One row per COMPANYSHARE Company, identified by Id.",Id,,Id,Company Id,Identifies the company.,Int,integer,,,/COMPANYSHARE/Companies/Company/Id,ShareCompany,Id,true,true,company.company,Id,false,documented,COMPANYSHARE_nn.xml,9,Id | Company Id | Identifies the company.,
COMPANYSHARE,companyshare.company,Company,"One row per COMPANYSHARE Company, identified by Id.",Id,,IsDeleted,Deleted Flag,Flag to indicate that the record identified by the key value has been removed from the feed. Note,Bool,boolean,,,/COMPANYSHARE/Companies/Company/IsDeleted,ShareCompany,IsDeleted,false,false,,,false,documented,COMPANYSHARE_nn.xml,10,IsDeleted | Deleted Flag | Flag to indicate that the record identified by the key value has been removed from the feed. Note,
COMPANYSHARE,companyshare.company,Company,"One row per COMPANYSHARE Company, identified by Id.",Id,,MarketCap,Market Capitalisation,The current market capitalisation of the company based on the latest information on the number of shares and the share price.,Money,money,,,/COMPANYSHARE/Companies/Company/MarketCap,ShareCompanyMarketCap,ShareCompanyId;CurrencyISOCode;Value,false,false,,,false,documented,COMPANYSHARE_nn.xml,11,MarketCap | Market Capitalisation | The current market capitalisation of the company based on the latest information on the number of shares and the share price.,
DCM,dcm.deal,Deal,"One row per DCM Deal, identified by DealId.",DealId,,AnnouncementDate,Announcement Date,Date on which the deal was publically announced.,DateTime,datetime,,,/DCM/Deals/Deal/AnnouncementDate,DCMDeal,AnnouncementDate,false,false,,,false,documented,DCM_nn.xml,7,AnnouncementDate | Announcement Date | Date on which the deal was publically announced.,
DCM,dcm.deal,Deal,"One row per DCM Deal, identified by DealId.",DealId,,BankCount,Deal # Banks,The number of distinct bank parents in fee-earning roles in all tranches of a deal.,Int,integer,,,/DCM/Deals/Deal/BankCount,DCMDeal,BankCount,false,false,,,false,documented,DCM_nn.xml,8,BankCount | Deal # Banks | The number of distinct bank parents in fee-earning roles in all tranches of a deal.,
DCM,dcm.deal,Deal,"One row per DCM Deal, identified by DealId.",DealId,,BookrunnerComment,Bookrunner Subsidiary Comment,Bookrunner deal comment provided to GlobalCapital,Text,text,,,/DCM/Deals/Deal/BookrunnerComment,DCMDeal,BookrunnerComment,false,false,,,false,documented,DCM_nn.xml,9,BookrunnerComment | Bookrunner Subsidiary Comment | Bookrunner deal comment provided to GlobalCapital,
DCM,dcm.deal,Deal,"One row per DCM Deal, identified by DealId.",DealId,,BookrunnerCount,Deal # Bookrunners,The number of distinct bookrunner parents in all tranches of a deal.,Int,integer,,,/DCM/Deals/Deal/BookrunnerCount,DCMDeal,BookrunnerCount,false,false,,,false,documented,DCM_nn.xml,10,BookrunnerCount | Deal # Bookrunners | The number of distinct bookrunner parents in all tranches of a deal.,
DCM,dcm.deal,Deal,"One row per DCM Deal, identified by DealId.",DealId,,CancelledDate,Deal Cancelled Date,Date on which a prospective offering is withdrawn from the market or the intended issuance cancelled.,DateTime,datetime,,,/DCM/Deals/Deal/CancelledDate,DCMDeal,CancelledDate,false,false,,,false,documented,DCM_nn.xml,11,CancelledDate | Deal Cancelled Date | Date on which a prospective offering is withdrawn from the market or the intended issuance cancelled.,
DCM,dcm.deal,Deal,"One row per DCM Deal, identified by DealId.",DealId,,CoManagerCount,Deal # Co-Managers,The number of distinct co-manager parents in all tranches of a deal.,Int,integer,,,/DCM/Deals/Deal/CoManagerCount,DCMDeal,CoManagerCount,false,false,,,false,documented,DCM_nn.xml,12,CoManagerCount | Deal # Co-Managers | The number of distinct co-manager parents in all tranches of a deal.,
DCM,dcm.deal,Deal,"One row per DCM Deal, identified by DealId.",DealId,,CommonStatusId,Deal Status,Link to the Deal Status Reference list.,Int,integer,,,/DCM/Deals/Deal/CommonStatusId,DCMDeal,CommonStatusId,false,true,reference_files.dealstatus.dealstatus,Id,false,database_verified,DCM_nn.xml,13,CommonStatusId | Deal Status | Link to the Deal Status Reference list.,Live TOP (20) verification in July 2026 confirmed CommonStatusId joins to DealStatus.Id; all 20 sampled rows decoded as Priced.
DCM,dcm.deal,Deal,"One row per DCM Deal, identified by DealId.",DealId,,CortexDealId,GIB Deal #,An Id calculated from the Analytics Deal Id offset by a fixed value. This is to provide an unique ID across all products..,Int,integer,,,/DCM/Deals/Deal/CortexDealId,DCMDeal,CortexDealId,false,false,,,false,documented,DCM_nn.xml,14,CortexDealId | GIB Deal # | An Id calculated from the Analytics Deal Id offset by a fixed value. This is to provide an unique ID across all products..,
DCM,dcm.deal,Deal,"One row per DCM Deal, identified by DealId.",DealId,,DealId,DCM Deal #,Unique Dealogic number representing each deal.,Int,integer,,,/DCM/Deals/Deal/DealId,DCMDeal,DealId,true,false,,,false,database_verified,DCM_nn.xml,15,DealId | DCM Deal # | Unique Dealogic number representing each deal.,"Live SQL metadata verified in July 2026: DealId is int NOT NULL; DealNo is nullable and observed as NULL. Live index metadata returned no index involving either column. Treat DealId as the feed-documented logical key, not as a database-enforced unique key."
DCM,dcm.deal,Deal,"One row per DCM Deal, identified by DealId.",DealId,,ExpectedPricingDate,Deal Expected Date,Date security is expected to be priced.,DateTime,datetime,,,/DCM/Deals/Deal/ExpectedPricingDate,DCMDeal,ExpectedPricingDate,false,false,,,false,documented,DCM_nn.xml,16,ExpectedPricingDate | Deal Expected Date | Date security is expected to be priced.,
DCM,dcm.deal,Deal,"One row per DCM Deal, identified by DealId.",DealId,,FilingDate,Deal Filing Date,Date security was filed with the SEC.,DateTime,datetime,,,/DCM/Deals/Deal/FilingDate,DCMDeal,FilingDate,false,false,,,false,documented,DCM_nn.xml,17,FilingDate | Deal Filing Date | Date security was filed with the SEC.,
DCM,dcm.deal,Deal,"One row per DCM Deal, identified by DealId.",DealId,,FinancialSponsors,FinancialSponsor,Financial Sponsors attached to the deal.,Collection,collection,,,/DCM/Deals/Deal/FinancialSponsors,DCMDealFinancialSponsors,,false,false,,,true,documented,DCM_nn.xml,18,FinancialSponsors | FinancialSponsor | Financial Sponsors attached to the deal.,
DCM,dcm.deal,Deal,"One row per DCM Deal, identified by DealId.",DealId,,InnovationId,Instrument Innovation Type,"Indicates if a bond is a debut, a debut currency or a debut product for an issuer.",Int,integer,,,/DCM/Deals/Deal/InnovationId,DCMDeal,InnovationId,false,true,reference_files.currency,Id,false,documented,DCM_nn.xml,19,"InnovationId | Instrument Innovation Type | Indicates if a bond is a debut, a debut currency or a debut product for an issuer.",
DCM,dcm.deal,Deal,"One row per DCM Deal, identified by DealId.",DealId,,IsDeleted,Deleted Flag,Flag to indicate that the deal identified by the DealId key value has been removed from the feed. Note,Bool,boolean,,,/DCM/Deals/Deal/IsDeleted,DCMDeal,IsDeleted,false,false,,,false,documented,DCM_nn.xml,20,IsDeleted | Deleted Flag | Flag to indicate that the deal identified by the DealId key value has been removed from the feed. Note,
DCM,dcm.deal,Deal,"One row per DCM Deal, identified by DealId.",DealId,,IsEmergingMarket,Emerging Market (Y/N),Indicates if the transaction is offered by an issuer from emerging market countries.,Bool,boolean,,,/DCM/Deals/Deal/IsEmergingMarket,DCMDeal,IsEmergingMarket,false,false,,,false,documented,DCM_nn.xml,21,IsEmergingMarket | Emerging Market (Y/N) | Indicates if the transaction is offered by an issuer from emerging market countries.,
DCM,dcm.deal,Deal,"One row per DCM Deal, identified by DealId.",DealId,,IsHybridCapital,Hybrid Capital (Y/N),"Indicates if the deal contains both debt and equity instrument types- inclusion is dependent upon legal maturity, subordination, callable features and coupon deferral option",Bool,boolean,,,/DCM/Deals/Deal/IsHybridCapital,DCMDeal,IsHybridCapital,false,false,,,false,documented,DCM_nn.xml,22,"IsHybridCapital | Hybrid Capital (Y/N) | Indicates if the deal contains both debt and equity instrument types- inclusion is dependent upon legal maturity, subordination, callable features and coupon deferral option",
DCM,dcm.deal,Deal,"One row per DCM Deal, identified by DealId.",DealId,,IsInvestmentGrade,Investment Grade Flag,Indicates if a tranche is investment grade rated.,Bool,boolean,,,/DCM/Deals/Deal/IsInvestmentGrade,DCMDeal,IsInvestmentGrade,false,false,,,false,documented,DCM_nn.xml,23,IsInvestmentGrade | Investment Grade Flag | Indicates if a tranche is investment grade rated.,
DCM,dcm.deal,Deal,"One row per DCM Deal, identified by DealId.",DealId,,IsMTN,MTN Flag,Indicates if the tranche is off an MTN program.,Bool,boolean,,,/DCM/Deals/Deal/IsMTN,DCMDeal,IsMTN,false,false,,,false,documented,DCM_nn.xml,24,IsMTN | MTN Flag | Indicates if the tranche is off an MTN program.,
DCM,dcm.deal,Deal,"One row per DCM Deal, identified by DealId.",DealId,,IsPfandbrief,Pfandbrief Structure (Y/N),Indicates if a deal is a pfandbrief security (covered bonds issued by legally entitled firms in countries with pfanbrief regulation; these bonds are secured on mortgage loans or loans to the public sector),Bool,boolean,,,/DCM/Deals/Deal/IsPfandbrief,DCMDeal,IsPfandbrief,false,false,,,false,documented,DCM_nn.xml,25,IsPfandbrief | Pfandbrief Structure (Y/N) | Indicates if a deal is a pfandbrief security (covered bonds issued by legally entitled firms in countries with pfanbrief regulation; these bonds are secured on mortgage loans or loans to the public sector),
DCM,dcm.deal,Deal,"One row per DCM Deal, identified by DealId.",DealId,,IsSECRegistered,SEC Registered Flag,Identifies if an issue has been sold into the USA under SEC Rule.,Bool,boolean,,,/DCM/Deals/Deal/IsSECRegistered,DCMDeal,IsSECRegistered,false,false,,,false,documented,DCM_nn.xml,26,IsSECRegistered | SEC Registered Flag | Identifies if an issue has been sold into the USA under SEC Rule.,
DCM,dcm.deal,Deal,"One row per DCM Deal, identified by DealId.",DealId,,IsShelf,Shelf Flag,Indicates if the deal has been Shelf register.,Bool,boolean,,,/DCM/Deals/Deal/IsShelf,DCMDeal,IsShelf,false,false,,,false,documented,DCM_nn.xml,27,IsShelf | Shelf Flag | Indicates if the deal has been Shelf register.,
DCM,dcm.deal,Deal,"One row per DCM Deal, identified by DealId.",DealId,,IsSponsorRelated,Sponsor Related Flag,Indicates if the issue has any financial sponsors companies associated to it.,Bool,boolean,,,/DCM/Deals/Deal/IsSponsorRelated,DCMDeal,IsSponsorRelated,false,false,,,false,documented,DCM_nn.xml,28,IsSponsorRelated | Sponsor Related Flag | Indicates if the issue has any financial sponsors companies associated to it.,
DCM,dcm.deal,Deal,"One row per DCM Deal, identified by DealId.",DealId,,IssuerId,DCM Issuer,Link to the Company that is issuing the bonds or notes.,Int,integer,,,/DCM/Deals/Deal/IssuerId,DCMDeal,IssuerId,false,true,company.company,Id,false,database_verified,DCM_nn.xml,29,IssuerId | DCM Issuer | Link to the Company that is issuing the bonds or notes.,Live TOP (20) verification in July 2026 confirmed IssuerId joins to Company.Id. BrandName was populated for 8 of 20 sampled deals; use LEFT JOIN and preserve IssuerId when the name is missing.
DCM,dcm.deal,Deal,"One row per DCM Deal, identified by DealId.",DealId,,LBOMNADeals,LBO MNA Deals,Link to original LBO of portfolio company in the case of sponsor backed deals.,Collection,collection,,,/DCM/Deals/Deal/LBOMNADeals,DCMDealLBOMNADeals,,false,false,,,true,documented,DCM_nn.xml,30,LBOMNADeals | LBO MNA Deals | Link to original LBO of portfolio company in the case of sponsor backed deals.,
DCM,dcm.deal,Deal,"One row per DCM Deal, identified by DealId.",DealId,,LocalIssueTypeId,Local Issue Type,"Contains the name of commonly-issued bonds in the local language, for example Landesschatzanweisung in German or Cedulas Hipotecarias in Spain",Int,integer,,,/DCM/Deals/Deal/LocalIssueTypeId,DCMDeal,LocalIssueTypeId,false,true,reference_files.dcmlocalissuetype,Id,false,documented,DCM_nn.xml,31,"LocalIssueTypeId | Local Issue Type | Contains the name of commonly-issued bonds in the local language, for example Landesschatzanweisung in German or Cedulas Hipotecarias in Spain",
DCM,dcm.deal,Deal,"One row per DCM Deal, identified by DealId.",DealId,,MarketTypeId,Deal Market Type,"Describes the intended market for the deal (Domestic, Euro, etc.)",Int,integer,,,/DCM/Deals/Deal/MarketTypeId,DCMDeal,MarketTypeId,false,false,,,false,documented,DCM_nn.xml,32,"MarketTypeId | Deal Market Type | Describes the intended market for the deal (Domestic, Euro, etc.)",
DCM,dcm.deal,Deal,"One row per DCM Deal, identified by DealId.",DealId,,MTNProgrammeTypeId,Programme Type,Link to reference that categorises the MTN type.,Int,integer,,,/DCM/Deals/Deal/MTNProgrammeTypeId,DCMDeal,MTNProgrammeTypeId,false,true,reference_files.dcmmtnprogramtype,Id,false,documented,DCM_nn.xml,33,MTNProgrammeTypeId | Programme Type | Link to reference that categorises the MTN type.,
DCM,dcm.deal,Deal,"One row per DCM Deal, identified by DealId.",DealId,,NationalityISOCode,Deal Nationality,ISO code of the business nationality of the issuing entity with the exception of Securitizations that are categorized using the nationality of business of the originator or if is undisclosed the nationality of risk.,String(3),string,3,,/DCM/Deals/Deal/NationalityISOCode,DCMDeal,NationalityISOCode,false,true,reference_files.country,ISOCode,false,documented,DCM_nn.xml,34,NationalityISOCode | Deal Nationality | ISO code of the business nationality of the issuing entity with the exception of Securitizations that are categorized using the nationality of business of the originator or if is undisclosed the nationality of risk.,
DCM,dcm.deal,Deal,"One row per DCM Deal, identified by DealId.",DealId,,NumberOfTranches,# Tranches,Indicates the number of tranches on the deal,Int,integer,,,/DCM/Deals/Deal/NumberOfTranches,DCMDeal,NumberOfTranches,false,false,,,false,documented,DCM_nn.xml,35,NumberOfTranches | # Tranches | Indicates the number of tranches on the deal,
DCM,dcm.deal,Deal,"One row per DCM Deal, identified by DealId.",DealId,,OriginatorId,Originator,Name of the originating entity (underlying asset holder) behind the issue.,Int,integer,,,/DCM/Deals/Deal/OriginatorId,DCMDeal,OriginatorId,false,true,company.company,Id,false,documented,DCM_nn.xml,36,OriginatorId | Originator | Name of the originating entity (underlying asset holder) behind the issue.,
DCM,dcm.deal,Deal,"One row per DCM Deal, identified by DealId.",DealId,,PricingDate,Deal Pricing Date,Date the security is priced.,DateTime,datetime,,,/DCM/Deals/Deal/PricingDate,DCMDeal,PricingDate,false,false,,,false,documented,DCM_nn.xml,37,PricingDate | Deal Pricing Date | Date the security is priced.,
DCM,dcm.deal,Deal,"One row per DCM Deal, identified by DealId.",DealId,,PrincipalPayingAgentId,Principal Pay Agent,Principal agent who accepts payments from the issuer of a security and then distributes the payments to the holders of the security,Id,identifier,,,/DCM/Deals/Deal/PrincipalPayingAgentId,DCMDeal,PrincipalPayingAgentId,false,true,company.company,Id,false,documented,DCM_nn.xml,38,PrincipalPayingAgentId | Principal Pay Agent | Principal agent who accepts payments from the issuer of a security and then distributes the payments to the holders of the security,
DCM,dcm.deal,Deal,"One row per DCM Deal, identified by DealId.",DealId,,Proceeds,Deal Value (Proceeds),Total proceeds offered of all tranches.,Money,money,,,/DCM/Deals/Deal/Proceeds,DCMDealProceeds,"DCMDealId,CurrencyISOCode,Value",false,false,,,false,documented,DCM_nn.xml,39,Proceeds | Deal Value (Proceeds) | Total proceeds offered of all tranches.,
DCM,dcm.deal,Deal,"One row per DCM Deal, identified by DealId.",DealId,,ProgrammeAmount,Programme Amount,Indicates the Amount of an MTN programme.,Money,money,,,/DCM/Deals/Deal/ProgrammeAmount,DCMDealProgrammeAmount,"DCMDealId,CurrencyISOCode,Value",false,false,,,false,documented,DCM_nn.xml,40,ProgrammeAmount | Programme Amount | Indicates the Amount of an MTN programme.,
DCM,dcm.deal,Deal,"One row per DCM Deal, identified by DealId.",DealId,,RumourDate,Rumour Date,Date of the deal rumour.,DateTime,datetime,,,/DCM/Deals/Deal/RumourDate,DCMDeal,RumourDate,false,false,,,false,documented,DCM_nn.xml,41,RumourDate | Rumour Date | Date of the deal rumour.,
DCM,dcm.deal,Deal,"One row per DCM Deal, identified by DealId.",DealId,,SECRegistrationNumber,Registration Number,SEC registration number.,String(25),string,25,,/DCM/Deals/Deal/SECRegistrationNumber,DCMDeal,SECRegistrationNumber,false,false,,,false,documented,DCM_nn.xml,42,SECRegistrationNumber | Registration Number | SEC registration number.,
DCM,dcm.deal,Deal,"One row per DCM Deal, identified by DealId.",DealId,,SectorId,Deal Sector Type,"Broad classification of the sector of the deal (ABS/MBS, Corporate, FIG, SSA).",Int,integer,,,/DCM/Deals/Deal/SectorId,DCMDeal,SectorId,false,true,reference_files.dealstatus.dealsectortype,Id,false,documented,DCM_nn.xml,43,"SectorId | Deal Sector Type | Broad classification of the sector of the deal (ABS/MBS, Corporate, FIG, SSA).",
DCM,dcm.deal,Deal,"One row per DCM Deal, identified by DealId.",DealId,,SeriesNumber,Deal Series,Series number of a deal on a security,Int,integer,,,/DCM/Deals/Deal/SeriesNumber,DCMDeal,SeriesNumber,false,false,,,false,documented,DCM_nn.xml,44,SeriesNumber | Deal Series | Series number of a deal on a security,
DCM,dcm.deal,Deal,"One row per DCM Deal, identified by DealId.",DealId,,SettlementDate,Settlement Date,Date by which executed security trade must be settled.,DateTime,datetime,,,/DCM/Deals/Deal/SettlementDate,DCMDeal,SettlementDate,false,false,,,false,documented,DCM_nn.xml,45,SettlementDate | Settlement Date | Date by which executed security trade must be settled.,
DCM,dcm.deal,Deal,"One row per DCM Deal, identified by DealId.",DealId,,TotalProceeds,Deal Total Value (Proceeds),Total proceeds offered of all tranches regardless of eligibility.,Money,money,,,/DCM/Deals/Deal/TotalProceeds,DCMDealTotalProceeds,"DCMDealId,CurrencyISOCode,Value",false,false,,,false,documented,DCM_nn.xml,46,TotalProceeds | Deal Total Value (Proceeds) | Total proceeds offered of all tranches regardless of eligibility.,
DCM,dcm.deal,Deal,"One row per DCM Deal, identified by DealId.",DealId,,TotalValue,Deal Total Value (Face),Total value offered of all tranches regardless of eligibility.,Money,money,,,/DCM/Deals/Deal/TotalValue,DCMDealTotalValue,"DCMDealId,CurrencyISOCode,Value",false,false,,,false,documented,DCM_nn.xml,47,TotalValue | Deal Total Value (Face) | Total value offered of all tranches regardless of eligibility.,
DCM,dcm.deal,Deal,"One row per DCM Deal, identified by DealId.",DealId,,Tranches,Tranche,Collection of Tranche Records.,Collection,collection,,,/DCM/Deals/Deal/Tranches,DCMDealTranches,,false,false,,,true,documented,DCM_nn.xml,48,Tranches | Tranche | Collection of Tranche Records.,
DCM,dcm.deal,Deal,"One row per DCM Deal, identified by DealId.",DealId,,TrusteeId,Trustee,The issuer which has a fiduciary duty on behalf of investors over the collateral on an asset-backed security,Id,identifier,,,/DCM/Deals/Deal/TrusteeId,DCMDeal,TrusteeId,false,true,company.company,Id,false,documented,DCM_nn.xml,49,TrusteeId | Trustee | The issuer which has a fiduciary duty on behalf of investors over the collateral on an asset-backed security,
DCM,dcm.deal,Deal,"One row per DCM Deal, identified by DealId.",DealId,,TypeId,Deal Type,Link to DCM deal type reference to indicate the type of security being sold in the offering.,Int,integer,,,/DCM/Deals/Deal/TypeId,DCMDeal,TypeId,false,true,reference_files.dcmdealtype,Id,false,documented,DCM_nn.xml,50,TypeId | Deal Type | Link to DCM deal type reference to indicate the type of security being sold in the offering.,
DCM,dcm.deal,Deal,"One row per DCM Deal, identified by DealId.",DealId,,UseOfProceeds,Use,Multi-value collection of use-of-proceeds elements.,Collection,collection,,,/DCM/Deals/Deal/UseOfProceeds,DCMDealUseOfProceeds,,false,false,,,true,documented,DCM_nn.xml,51,UseOfProceeds | Use | Multi-value collection of use-of-proceeds elements.,
DCM,dcm.deal,Deal,"One row per DCM Deal, identified by DealId.",DealId,,Value,Deal Value (Face),Total value offered of all tranches.,Money,money,,,/DCM/Deals/Deal/Value,DCMDealValue,"DCMDealId,CurrencyISOCode,Value",false,false,,,false,documented,DCM_nn.xml,52,Value | Deal Value (Face) | Total value offered of all tranches.,
DCM,dcm.tranche,Tranche,"One row per DCM Tranche, identified by DealId and TrancheId.",DealId;TrancheId,dcm.deal,AverageLife,Weighted Avg. Life,Weight average life of a tranche on asset-backed and mortgage-backed securities as stated in SEC filing.,Decimal(3),decimal,,3,/DCM/Deals/Deal/Tranches/Tranche/AverageLife,DCMDealTranches,AverageLife,false,false,,,false,documented,DCM_nn.xml,59,AverageLife | Weighted Avg. Life | Weight average life of a tranche on asset-backed and mortgage-backed securities as stated in SEC filing.,
DCM,dcm.tranche,Tranche,"One row per DCM Tranche, identified by DealId and TrancheId.",DealId;TrancheId,dcm.deal,BasisId,Basis Code,Link to reference representing benchmark used to determine tranche coupon rate.,Int,integer,,,/DCM/Deals/Deal/Tranches/Tranche/BasisId,DCMDealTranches,BasisId,false,true,reference_files.dcmbasis,Id,false,documented,DCM_nn.xml,60,BasisId | Basis Code | Link to reference representing benchmark used to determine tranche coupon rate.,
DCM,dcm.tranche,Tranche,"One row per DCM Tranche, identified by DealId and TrancheId.",DealId;TrancheId,dcm.deal,BearerRegisteredId,Bearer/Registered,Link to BearerRegistered reference that indicates whether the bonds are held in Bearer or Registered form.,Int,integer,,,/DCM/Deals/Deal/Tranches/Tranche/BearerRegisteredId,DCMDealTranches,BearerRegisteredId,false,true,reference_files.bearertype,Id,false,documented,DCM_nn.xml,61,BearerRegisteredId | Bearer/Registered | Link to BearerRegistered reference that indicates whether the bonds are held in Bearer or Registered form.,
DCM,dcm.tranche,Tranche,"One row per DCM Tranche, identified by DealId and TrancheId.",DealId;TrancheId,dcm.deal,Benchmark,Benchmark,The Treasury bond over which the spread at launch is taken.,String(120),string,120,,/DCM/Deals/Deal/Tranches/Tranche/Benchmark,DCMDealTranches,Benchmark,false,false,,,false,documented,DCM_nn.xml,62,Benchmark | Benchmark | The Treasury bond over which the spread at launch is taken.,
DCM,dcm.tranche,Tranche,"One row per DCM Tranche, identified by DealId and TrancheId.",DealId;TrancheId,dcm.deal,CallDaysNotice,Call No of Days Notice,Number of days notice that must be given before a call can be exercised.,Int,integer,,,/DCM/Deals/Deal/Tranches/Tranche/CallDaysNotice,DCMDealTranches,CallDaysNotice,false,false,,,false,documented,DCM_nn.xml,63,CallDaysNotice | Call No of Days Notice | Number of days notice that must be given before a call can be exercised.,
DCM,dcm.tranche,Tranche,"One row per DCM Tranche, identified by DealId and TrancheId.",DealId;TrancheId,dcm.deal,CallDetails,Call Details,Additional details about the call provision.,String(1500),string,1500,,/DCM/Deals/Deal/Tranches/Tranche/CallDetails,DCMDealTranches,CallDetails,false,false,,,false,documented,DCM_nn.xml,64,CallDetails | Call Details | Additional details about the call provision.,
DCM,dcm.tranche,Tranche,"One row per DCM Tranche, identified by DealId and TrancheId.",DealId;TrancheId,dcm.deal,CallFrequencyId,Call Frequency,Link to Frequency reference indicating the time period between opportunities to for the issuer to exercise the call option; eg. Annual / Semi-annual etc.,Int,integer,,,/DCM/Deals/Deal/Tranches/Tranche/CallFrequencyId,DCMDealTranches,CallFrequencyId,false,true,reference_files.frequency,Id,false,documented,DCM_nn.xml,65,CallFrequencyId | Call Frequency | Link to Frequency reference indicating the time period between opportunities to for the issuer to exercise the call option; eg. Annual / Semi-annual etc.,
DCM,dcm.tranche,Tranche,"One row per DCM Tranche, identified by DealId and TrancheId.",DealId;TrancheId,dcm.deal,Class,Tranche Class,Indicates class of the security.,String(30),string,30,,/DCM/Deals/Deal/Tranches/Tranche/Class,DCMDealTranches,Class,false,false,,,false,documented,DCM_nn.xml,66,Class | Tranche Class | Indicates class of the security.,
DCM,dcm.tranche,Tranche,"One row per DCM Tranche, identified by DealId and TrancheId.",DealId;TrancheId,dcm.deal,CollateralTypeId,Tranche Collateral Type,"Code representing the type of collateral backing the asset-backed/mortgage-backed securities on a tranche basis (auto receivables, credit-card receivables)",Int,integer,,,/DCM/Deals/Deal/Tranches/Tranche/CollateralTypeId,DCMDealTranches,CollateralTypeId,false,true,reference_files.dcmcollateraltype,Id,false,documented,DCM_nn.xml,67,"CollateralTypeId | Tranche Collateral Type | Code representing the type of collateral backing the asset-backed/mortgage-backed securities on a tranche basis (auto receivables, credit-card receivables)",
DCM,dcm.tranche,Tranche,"One row per DCM Tranche, identified by DealId and TrancheId.",DealId;TrancheId,dcm.deal,Comment,Tranche Note,Supplementary tranche information in text format,String(1500),string,1500,,/DCM/Deals/Deal/Tranches/Tranche/Comment,DCMDealTranches,Comment,false,false,,,false,documented,DCM_nn.xml,68,Comment | Tranche Note | Supplementary tranche information in text format,
DCM,dcm.tranche,Tranche,"One row per DCM Tranche, identified by DealId and TrancheId.",DealId;TrancheId,dcm.deal,CommonCodes,CommonCode,Multivalkue field listing the common codes As defined by Investopedia,Collection,collection,,,/DCM/Deals/Deal/Tranches/Tranche/CommonCodes,DCMDealTranchesCommonCodes,,false,false,,,true,documented,DCM_nn.xml,69,CommonCodes | CommonCode | Multivalkue field listing the common codes As defined by Investopedia,
DCM,dcm.tranche,Tranche,"One row per DCM Tranche, identified by DealId and TrancheId.",DealId;TrancheId,dcm.deal,CouponDetails,Coupon Details,Additional textual information about the coupon of the bond.,String(1500),string,1500,,/DCM/Deals/Deal/Tranches/Tranche/CouponDetails,DCMDealTranches,CouponDetails,false,false,,,false,documented,DCM_nn.xml,70,CouponDetails | Coupon Details | Additional textual information about the coupon of the bond.,
DCM,dcm.tranche,Tranche,"One row per DCM Tranche, identified by DealId and TrancheId.",DealId;TrancheId,dcm.deal,CouponFrequencyId,Coupon Frequency,LInk to reference representing the frequency at which the borrower must make coupon payments.,Int,integer,,,/DCM/Deals/Deal/Tranches/Tranche/CouponFrequencyId,DCMDealTranches,CouponFrequencyId,false,true,reference_files.frequency,Id,false,documented,DCM_nn.xml,71,CouponFrequencyId | Coupon Frequency | LInk to reference representing the frequency at which the borrower must make coupon payments.,
DCM,dcm.tranche,Tranche,"One row per DCM Tranche, identified by DealId and TrancheId.",DealId;TrancheId,dcm.deal,CouponPercent,Coupon %,Coupon rate of a security (%).,Decimal(2),decimal,,2,/DCM/Deals/Deal/Tranches/Tranche/CouponPercent,DCMDealTranches,CouponPercent,false,false,,,false,documented,DCM_nn.xml,72,CouponPercent | Coupon % | Coupon rate of a security (%).,
DCM,dcm.tranche,Tranche,"One row per DCM Tranche, identified by DealId and TrancheId.",DealId;TrancheId,dcm.deal,CouponSetFrequencyId,Coupon Set,Link to reference indicating the frequency with which the coupon is set on a floating-rate bond. The most common options are annually or semi-annually.,Int,integer,,,/DCM/Deals/Deal/Tranches/Tranche/CouponSetFrequencyId,DCMDealTranches,CouponSetFrequencyId,false,true,reference_files.frequency,Id,false,documented,DCM_nn.xml,73,CouponSetFrequencyId | Coupon Set | Link to reference indicating the frequency with which the coupon is set on a floating-rate bond. The most common options are annually or semi-annually.,
DCM,dcm.tranche,Tranche,"One row per DCM Tranche, identified by DealId and TrancheId.",DealId;TrancheId,dcm.deal,CurrencyISOCode,Currency Code,ISCO code of the currency that the issue is priced in.,Int,integer,,,/DCM/Deals/Deal/Tranches/Tranche/CurrencyISOCode,DCMDealTranches,CurrencyISOCode,false,true,reference_files.currency,ISOCode,false,documented,DCM_nn.xml,74,CurrencyISOCode | Currency Code | ISCO code of the currency that the issue is priced in.,
DCM,dcm.tranche,Tranche,"One row per DCM Tranche, identified by DealId and TrancheId.",DealId;TrancheId,dcm.deal,CUSIP,CUSIP Number,CUSIP number for each tranche.,String(9),string,9,,/DCM/Deals/Deal/Tranches/Tranche/CUSIP,DCMDealTranches,CUSIP,false,false,,,false,documented,DCM_nn.xml,75,CUSIP | CUSIP Number | CUSIP number for each tranche.,
DCM,dcm.tranche,Tranche,"One row per DCM Tranche, identified by DealId and TrancheId.",DealId;TrancheId,dcm.deal,Denominations,Denominations (000s),Denomination on a tranche basis of each security.,String(50),string,50,,/DCM/Deals/Deal/Tranches/Tranche/Denominations,DCMDealTranches,Denominations,false,false,,,false,documented,DCM_nn.xml,76,Denominations | Denominations (000s) | Denomination on a tranche basis of each security.,
DCM,dcm.tranche,Tranche,"One row per DCM Tranche, identified by DealId and TrancheId.",DealId;TrancheId,dcm.deal,DiscountMarginBasisPoints,Discount Margin,Investopedia definition,Decimal(4),decimal,,4,/DCM/Deals/Deal/Tranches/Tranche/DiscountMarginBasisPoints,DCMDealTranches,DiscountMarginBasisPoints,false,false,,,false,documented,DCM_nn.xml,77,DiscountMarginBasisPoints | Discount Margin | Investopedia definition,
DCM,dcm.tranche,Tranche,"One row per DCM Tranche, identified by DealId and TrancheId.",DealId;TrancheId,dcm.deal,EffectiveRatingCurrent,Effective Rating (Current),"This field contains calculated ratings based on available ratings from S&P, Moody’s and Fitch. If an issuer is rated by Moody’s, but not by S&P, the Moody’s rating will be displayed as the calculated rating. Similarly, if S&P rate the issuer as AAA, but Moody’s rate them as Aa2, the calculated rating will taken an average rating and report as AA+. Effective Rating (Current) is the current rating of either the issuer/guarantor or the issue itself (if available) and will update whenever the current rating ch.",String(4),string,4,,/DCM/Deals/Deal/Tranches/Tranche/EffectiveRatingCurrent,DCMDealTranches,EffectiveRatingCurrent,false,false,,,false,documented,DCM_nn.xml,78,"EffectiveRatingCurrent | Effective Rating (Current) | This field contains calculated ratings based on available ratings from S&P, Moody’s and Fitch. If an issuer is rated by Moody’s, but not by S&P, the Moody’s rating will be displayed as the calculated rating. Similarly, if S&P rate the issuer as AAA, but Moody’s rate them as Aa2, the calculated rating will taken an average rating and report as AA+. Effective Rating (Current) is the current rating of either the issuer/guarantor or the issue itself (if available) and will update whenever the current rating ch.",
DCM,dcm.tranche,Tranche,"One row per DCM Tranche, identified by DealId and TrancheId.",DealId;TrancheId,dcm.deal,EffectiveRatingLaunch,Effective Rating (Launch),"If an issue is rated by Moody's, but not by S&P, the Moody's rating will be displayed as the calculated rating. Similarly, if S&P rate the issue as AAA, but Moody's rate it as Aa2, the calculated rating will take an average rating and report as AA+. Effective Rating (Launch) is calculated based only on launch issue ratings and these will not change during the life of the bond.",String(4),string,4,,/DCM/Deals/Deal/Tranches/Tranche/EffectiveRatingLaunch,DCMDealTranches,EffectiveRatingLaunch,false,false,,,false,documented,DCM_nn.xml,79,"EffectiveRatingLaunch | Effective Rating (Launch) | If an issue is rated by Moody's, but not by S&P, the Moody's rating will be displayed as the calculated rating. Similarly, if S&P rate the issue as AAA, but Moody's rate it as Aa2, the calculated rating will take an average rating and report as AA+. Effective Rating (Launch) is calculated based only on launch issue ratings and these will not change during the life of the bond.",
DCM,dcm.tranche,Tranche,"One row per DCM Tranche, identified by DealId and TrancheId.",DealId;TrancheId,dcm.deal,ExchangeRates,Exchange rate,Exchange rate from tranche currency to USD and Euro prevailing at the time the deal was completed.,ExchangeRate,exchange_rate,,,/DCM/Deals/Deal/Tranches/Tranche/ExchangeRates,DCMDealTranchesExchangeRates,"DCMDealTracheDealId,DCMDealTrancheTrancheId,Date,FromCurrencyISOCode,Rate,ToCurrencyISOCode",false,false,,,false,documented,DCM_nn.xml,80,ExchangeRates | Exchange rate | Exchange rate from tranche currency to USD and Euro prevailing at the time the deal was completed.,
DCM,dcm.tranche,Tranche,"One row per DCM Tranche, identified by DealId and TrancheId.",DealId;TrancheId,dcm.deal,ExpectedMaturityDate,Expected Maturity,Expected maturity date of a tranche on asset-backed securities based on its weighted average life.,DateTime,datetime,,,/DCM/Deals/Deal/Tranches/Tranche/ExpectedMaturityDate,DCMDealTranches,ExpectedMaturityDate,false,false,,,false,documented,DCM_nn.xml,81,ExpectedMaturityDate | Expected Maturity | Expected maturity date of a tranche on asset-backed securities based on its weighted average life.,
DCM,dcm.tranche,Tranche,"One row per DCM Tranche, identified by DealId and TrancheId.",DealId;TrancheId,dcm.deal,FirstCallDate,First Call Date,Date of first call option of security.,DateTime,datetime,,,/DCM/Deals/Deal/Tranches/Tranche/FirstCallDate,DCMDealTranches,FirstCallDate,false,false,,,false,documented,DCM_nn.xml,82,FirstCallDate | First Call Date | Date of first call option of security.,
DCM,dcm.tranche,Tranche,"One row per DCM Tranche, identified by DealId and TrancheId.",DealId;TrancheId,dcm.deal,FirstCallPricePercent,First Call Price,The price at which the call may be exercised on the first call date.,Decimal(3),decimal,,3,/DCM/Deals/Deal/Tranches/Tranche/FirstCallPricePercent,DCMDealTranches,FirstCallPricePercent,false,false,,,false,documented,DCM_nn.xml,83,FirstCallPricePercent | First Call Price | The price at which the call may be exercised on the first call date.,
DCM,dcm.tranche,Tranche,"One row per DCM Tranche, identified by DealId and TrancheId.",DealId;TrancheId,dcm.deal,FirstCouponDate,First Coupon Payment Date,Date on which the first coupon payment will be made by the issuer.,DateTime,datetime,,,/DCM/Deals/Deal/Tranches/Tranche/FirstCouponDate,DCMDealTranches,FirstCouponDate,false,false,,,false,documented,DCM_nn.xml,84,FirstCouponDate | First Coupon Payment Date | Date on which the first coupon payment will be made by the issuer.,
DCM,dcm.tranche,Tranche,"One row per DCM Tranche, identified by DealId and TrancheId.",DealId;TrancheId,dcm.deal,FirstPutPricePercent,First Put Price,The price at which the put may be made on the first put date.,Decimal(3),decimal,,3,/DCM/Deals/Deal/Tranches/Tranche/FirstPutPricePercent,DCMDealTranches,FirstPutPricePercent,false,false,,,false,documented,DCM_nn.xml,85,FirstPutPricePercent | First Put Price | The price at which the put may be made on the first put date.,
DCM,dcm.tranche,Tranche,"One row per DCM Tranche, identified by DealId and TrancheId.",DealId;TrancheId,dcm.deal,FixedReofferPricePercent,Fixed Re-Offer Price,Price at which underwriters are obliged to sell the securities on to investors until the syndicate breaks.,Decimal(3),decimal,,3,/DCM/Deals/Deal/Tranches/Tranche/FixedReofferPricePercent,DCMDealTranches,FixedReofferPricePercent,false,false,,,false,documented,DCM_nn.xml,86,FixedReofferPricePercent | Fixed Re-Offer Price | Price at which underwriters are obliged to sell the securities on to investors until the syndicate breaks.,
DCM,dcm.tranche,Tranche,"One row per DCM Tranche, identified by DealId and TrancheId.",DealId;TrancheId,dcm.deal,Guarantors,Guarantor,Guarantors of the tranche.,Collection,collection,,,/DCM/Deals/Deal/Tranches/Tranche/Guarantors,DCMDealTranchesGuarantors,,false,false,,,true,documented,DCM_nn.xml,87,Guarantors | Guarantor | Guarantors of the tranche.,
DCM,dcm.tranche,Tranche,"One row per DCM Tranche, identified by DealId and TrancheId.",DealId;TrancheId,dcm.deal,HasMakeWholeCall,Make-Whole Call Flag,Indicates if a deal has a make-whole call provision.,Bool,boolean,,,/DCM/Deals/Deal/Tranches/Tranche/HasMakeWholeCall,DCMDealTranches,HasMakeWholeCall,false,false,,,false,documented,DCM_nn.xml,88,HasMakeWholeCall | Make-Whole Call Flag | Indicates if a deal has a make-whole call provision.,
DCM,dcm.tranche,Tranche,"One row per DCM Tranche, identified by DealId and TrancheId.",DealId;TrancheId,dcm.deal,IsAmortized,Amortization (Y/N),Indicates if a given tranche on a security has been amortized (gradual repayment over time) on asset-backed and mortgage-backed securities.,Bool,boolean,,,/DCM/Deals/Deal/Tranches/Tranche/IsAmortized,DCMDealTranches,IsAmortized,false,false,,,false,documented,DCM_nn.xml,89,IsAmortized | Amortization (Y/N) | Indicates if a given tranche on a security has been amortized (gradual repayment over time) on asset-backed and mortgage-backed securities.,
DCM,dcm.tranche,Tranche,"One row per DCM Tranche, identified by DealId and TrancheId.",DealId;TrancheId,dcm.deal,IsCallable,Callable (Y/N),Indicates if the issue is callable by issuer.,Bool,boolean,,,/DCM/Deals/Deal/Tranches/Tranche/IsCallable,DCMDealTranches,IsCallable,false,false,,,false,documented,DCM_nn.xml,90,IsCallable | Callable (Y/N) | Indicates if the issue is callable by issuer.,
DCM,dcm.tranche,Tranche,"One row per DCM Tranche, identified by DealId and TrancheId.",DealId;TrancheId,dcm.deal,IsCancelled,Tranche Cancelled (Y/N),Idenitifies whether a prospective offering is withdrawn from the market or the intended issuance cancelled,Bool,boolean,,,/DCM/Deals/Deal/Tranches/Tranche/IsCancelled,DCMDealTranches,IsCancelled,false,false,,,false,documented,DCM_nn.xml,91,IsCancelled | Tranche Cancelled (Y/N) | Idenitifies whether a prospective offering is withdrawn from the market or the intended issuance cancelled,
DCM,dcm.tranche,Tranche,"One row per DCM Tranche, identified by DealId and TrancheId.",DealId;TrancheId,dcm.deal,IsCollateralized,Collateralized (Y/N),Indicates if a given tranche on a security has been backed by a collateral.,Bool,boolean,,,/DCM/Deals/Deal/Tranches/Tranche/IsCollateralized,DCMDealTranches,IsCollateralized,false,false,,,false,documented,DCM_nn.xml,92,IsCollateralized | Collateralized (Y/N) | Indicates if a given tranche on a security has been backed by a collateral.,
DCM,dcm.tranche,Tranche,"One row per DCM Tranche, identified by DealId and TrancheId.",DealId;TrancheId,dcm.deal,IsFloatingRate,Float Flag,Indicates if coupon is floating rate.,Bool,boolean,,,/DCM/Deals/Deal/Tranches/Tranche/IsFloatingRate,DCMDealTranches,IsFloatingRate,false,false,,,false,documented,DCM_nn.xml,93,IsFloatingRate | Float Flag | Indicates if coupon is floating rate.,
DCM,dcm.tranche,Tranche,"One row per DCM Tranche, identified by DealId and TrancheId.",DealId;TrancheId,dcm.deal,IsFungible,Fungible (Y/N),Fungible securities are kept in a clearing system without specific bonds being assigned to particular accounts by their serial numbers. This flag indicates whether the issue is fungible with an outstanding issue or whether a subsequent issue is fungible with it.,Bool,boolean,,,/DCM/Deals/Deal/Tranches/Tranche/IsFungible,DCMDealTranches,IsFungible,false,false,,,false,documented,DCM_nn.xml,94,IsFungible | Fungible (Y/N) | Fungible securities are kept in a clearing system without specific bonds being assigned to particular accounts by their serial numbers. This flag indicates whether the issue is fungible with an outstanding issue or whether a subsequent issue is fungible with it.,
DCM,dcm.tranche,Tranche,"One row per DCM Tranche, identified by DealId and TrancheId.",DealId;TrancheId,dcm.deal,IsGovernmentGuaranteed,Government Guaranteed Scheme Flag,Indicates if the tranche is part of the government guaranteed scheme.,Bool,boolean,,,/DCM/Deals/Deal/Tranches/Tranche/IsGovernmentGuaranteed,DCMDealTranches,IsGovernmentGuaranteed,false,false,,,false,documented,DCM_nn.xml,95,IsGovernmentGuaranteed | Government Guaranteed Scheme Flag | Indicates if the tranche is part of the government guaranteed scheme.,
DCM,dcm.tranche,Tranche,"One row per DCM Tranche, identified by DealId and TrancheId.",DealId;TrancheId,dcm.deal,IsHighYield,Global High Yield Flag,Indicates class of the security.,Bool,boolean,,,/DCM/Deals/Deal/Tranches/Tranche/IsHighYield,DCMDealTranches,IsHighYield,false,false,,,false,documented,DCM_nn.xml,96,IsHighYield | Global High Yield Flag | Indicates class of the security.,
DCM,dcm.tranche,Tranche,"One row per DCM Tranche, identified by DealId and TrancheId.",DealId;TrancheId,dcm.deal,ISINs,ISIN,Multi-value list of ISINs associated with the tranche.,Collection,collection,,,/DCM/Deals/Deal/Tranches/Tranche/ISINs,DCMDealTranchesISINs,,false,false,,,true,documented,DCM_nn.xml,97,ISINs | ISIN | Multi-value list of ISINs associated with the tranche.,
DCM,dcm.tranche,Tranche,"One row per DCM Tranche, identified by DealId and TrancheId.",DealId;TrancheId,dcm.deal,IsInternational,International Market Flag,Indicates if a tranche of an issue is internationally marketed or domestic.,Bool,boolean,,,/DCM/Deals/Deal/Tranches/Tranche/IsInternational,DCMDealTranches,IsInternational,false,false,,,false,documented,DCM_nn.xml,98,IsInternational | International Market Flag | Indicates if a tranche of an issue is internationally marketed or domestic.,
DCM,dcm.tranche,Tranche,"One row per DCM Tranche, identified by DealId and TrancheId.",DealId;TrancheId,dcm.deal,IsIssuerCrossDefault,Cross Default Issuer (Y/N),A provisions in a bond indenture or loan agreement that puts the borrower in default if the borrower defaults on another obligation.,Bool,boolean,,,/DCM/Deals/Deal/Tranches/Tranche/IsIssuerCrossDefault,DCMDealTranches,IsIssuerCrossDefault,false,false,,,false,documented,DCM_nn.xml,99,IsIssuerCrossDefault | Cross Default Issuer (Y/N) | A provisions in a bond indenture or loan agreement that puts the borrower in default if the borrower defaults on another obligation.,
DCM,dcm.tranche,Tranche,"One row per DCM Tranche, identified by DealId and TrancheId.",DealId;TrancheId,dcm.deal,IsIssuerNegativePledge,Negative Pledge Issuer (Y/N),a provision in a contract which prohibits the issuer from creating any security interests over certain property specified in the provision.,Bool,boolean,,,/DCM/Deals/Deal/Tranches/Tranche/IsIssuerNegativePledge,DCMDealTranches,IsIssuerNegativePledge,false,false,,,false,documented,DCM_nn.xml,100,IsIssuerNegativePledge | Negative Pledge Issuer (Y/N) | a provision in a contract which prohibits the issuer from creating any security interests over certain property specified in the provision.,
DCM,dcm.tranche,Tranche,"One row per DCM Tranche, identified by DealId and TrancheId.",DealId;TrancheId,dcm.deal,IsPuttable,Is Puttable,Flag indicating that a bond has a put option.,Bool,boolean,,,/DCM/Deals/Deal/Tranches/Tranche/IsPuttable,DCMDealTranches,IsPuttable,false,false,,,false,documented,DCM_nn.xml,101,IsPuttable | Is Puttable | Flag indicating that a bond has a put option.,
DCM,dcm.tranche,Tranche,"One row per DCM Tranche, identified by DealId and TrancheId.",DealId;TrancheId,dcm.deal,IsRankEligible,Rank Eligible Flag,Indicates that the tranche is eligible for ranking credit (ie. the deal is underwritten and has a maturity date of 18 months or more from its settlement date)..,Bool,boolean,,,/DCM/Deals/Deal/Tranches/Tranche/IsRankEligible,DCMDealTranches,IsRankEligible,false,false,,,false,documented,DCM_nn.xml,102,IsRankEligible | Rank Eligible Flag | Indicates that the tranche is eligible for ranking credit (ie. the deal is underwritten and has a maturity date of 18 months or more from its settlement date)..,
DCM,dcm.tranche,Tranche,"One row per DCM Tranche, identified by DealId and TrancheId.",DealId;TrancheId,dcm.deal,IsRegD,Tranche Reg D (Y/N),Indicates if a tranche is US marketed via Regulation D,Bool,boolean,,,/DCM/Deals/Deal/Tranches/Tranche/IsRegD,DCMDealTranches,IsRegD,false,false,,,false,documented,DCM_nn.xml,103,IsRegD | Tranche Reg D (Y/N) | Indicates if a tranche is US marketed via Regulation D,
DCM,dcm.tranche,Tranche,"One row per DCM Tranche, identified by DealId and TrancheId.",DealId;TrancheId,dcm.deal,IsRegS,Reg S Flag,Identifies if a tranche complies with Reg S.,Bool,boolean,,,/DCM/Deals/Deal/Tranches/Tranche/IsRegS,DCMDealTranches,IsRegS,false,false,,,false,documented,DCM_nn.xml,104,IsRegS | Reg S Flag | Identifies if a tranche complies with Reg S.,
DCM,dcm.tranche,Tranche,"One row per DCM Tranche, identified by DealId and TrancheId.",DealId;TrancheId,dcm.deal,IsRetail,Retail Flag,Indicates if the tranche is marketed to retail investors.,Bool,boolean,,,/DCM/Deals/Deal/Tranches/Tranche/IsRetail,DCMDealTranches,IsRetail,false,false,,,false,documented,DCM_nn.xml,105,IsRetail | Retail Flag | Indicates if the tranche is marketed to retail investors.,
DCM,dcm.tranche,Tranche,"One row per DCM Tranche, identified by DealId and TrancheId.",DealId;TrancheId,dcm.deal,IsRetained,Tranche Retained (Y/N),Indicates if the tranche has been held on the issuer's balance sheet,Bool,boolean,,,/DCM/Deals/Deal/Tranches/Tranche/IsRetained,DCMDealTranches,IsRetained,false,false,,,false,documented,DCM_nn.xml,106,IsRetained | Tranche Retained (Y/N) | Indicates if the tranche has been held on the issuer's balance sheet,
DCM,dcm.tranche,Tranche,"One row per DCM Tranche, identified by DealId and TrancheId.",DealId;TrancheId,dcm.deal,IsRule144a,Rule 144a (Y/N),set true to Indicate that the tranche is US marketed via 144A.,Bool,boolean,,,/DCM/Deals/Deal/Tranches/Tranche/IsRule144a,DCMDealTranches,IsRule144a,false,false,,,false,documented,DCM_nn.xml,107,IsRule144a | Rule 144a (Y/N) | set true to Indicate that the tranche is US marketed via 144A.,
DCM,dcm.tranche,Tranche,"One row per DCM Tranche, identified by DealId and TrancheId.",DealId;TrancheId,dcm.deal,IsSelfFunded,Self-Funded Flag,Indicates an unsyndicated tranche of an offering where the issuer is the bookrunner.,Bool,boolean,,,/DCM/Deals/Deal/Tranches/Tranche/IsSelfFunded,DCMDealTranches,IsSelfFunded,false,false,,,false,documented,DCM_nn.xml,108,IsSelfFunded | Self-Funded Flag | Indicates an unsyndicated tranche of an offering where the issuer is the bookrunner.,
DCM,dcm.tranche,Tranche,"One row per DCM Tranche, identified by DealId and TrancheId.",DealId;TrancheId,dcm.deal,IsSubordinated,Subordinated Debt Flag,Indicates if the transaction is subordinated debt.,Bool,boolean,,,/DCM/Deals/Deal/Tranches/Tranche/IsSubordinated,DCMDealTranches,IsSubordinated,false,false,,,false,documented,DCM_nn.xml,109,IsSubordinated | Subordinated Debt Flag | Indicates if the transaction is subordinated debt.,
DCM,dcm.tranche,Tranche,"One row per DCM Tranche, identified by DealId and TrancheId.",DealId;TrancheId,dcm.deal,IssueTypeId,Issue Type,Link to reference indicating whether the issue is floating or fixed rate note.,Int,integer,,,/DCM/Deals/Deal/Tranches/Tranche/IssueTypeId,DCMDealTranches,IssueTypeId,false,true,reference_files.dcmissuetype,Id,false,documented,DCM_nn.xml,110,IssueTypeId | Issue Type | Link to reference indicating whether the issue is floating or fixed rate note.,
DCM,dcm.tranche,Tranche,"One row per DCM Tranche, identified by DealId and TrancheId.",DealId;TrancheId,dcm.deal,IsSyndicated,Syndicated Flag,Indicates if the tranche has been syndicated.,Bool,boolean,,,/DCM/Deals/Deal/Tranches/Tranche/IsSyndicated,DCMDealTranches,IsSyndicated,false,false,,,false,documented,DCM_nn.xml,111,IsSyndicated | Syndicated Flag | Indicates if the tranche has been syndicated.,
DCM,dcm.tranche,Tranche,"One row per DCM Tranche, identified by DealId and TrancheId.",DealId;TrancheId,dcm.deal,IsUSDomestic,US Domestic Market (Y/N),A bond that is solely offered in the US domestic market.,Bool,boolean,,,/DCM/Deals/Deal/Tranches/Tranche/IsUSDomestic,DCMDealTranches,IsUSDomestic,false,false,,,false,documented,DCM_nn.xml,112,IsUSDomestic | US Domestic Market (Y/N) | A bond that is solely offered in the US domestic market.,
DCM,dcm.tranche,Tranche,"One row per DCM Tranche, identified by DealId and TrancheId.",DealId;TrancheId,dcm.deal,IsUSMarketed,US Marketed Flag,"A bond that has been marketed in the US (144A, SEC registration etc).",Bool,boolean,,,/DCM/Deals/Deal/Tranches/Tranche/IsUSMarketed,DCMDealTranches,IsUSMarketed,false,false,,,false,documented,DCM_nn.xml,113,"IsUSMarketed | US Marketed Flag | A bond that has been marketed in the US (144A, SEC registration etc).",
DCM,dcm.tranche,Tranche,"One row per DCM Tranche, identified by DealId and TrancheId.",DealId;TrancheId,dcm.deal,MakeWholeCallPrice,Make-Whole Price,Price of the make-whole call provision.,String(50),string,50,,/DCM/Deals/Deal/Tranches/Tranche/MakeWholeCallPrice,DCMDealTranches,MakeWholeCallPrice,false,false,,,false,documented,DCM_nn.xml,114,MakeWholeCallPrice | Make-Whole Price | Price of the make-whole call provision.,
DCM,dcm.tranche,Tranche,"One row per DCM Tranche, identified by DealId and TrancheId.",DealId;TrancheId,dcm.deal,MarginPercent,Spread To Benchmark/Discount margin %,Spread between coupon rate of security and Benchmark,Decimal(3),decimal,,3,/DCM/Deals/Deal/Tranches/Tranche/MarginPercent,DCMDealTranches,MarginPercent,false,false,,,false,documented,DCM_nn.xml,115,MarginPercent | Spread To Benchmark/Discount margin % | Spread between coupon rate of security and Benchmark,
DCM,dcm.tranche,Tranche,"One row per DCM Tranche, identified by DealId and TrancheId.",DealId;TrancheId,dcm.deal,MarketSubTypeId,Tranche Foreign Offer Type,"Code representing different types of foreign bonds (Yankee, Formosa, Kangaroo)",Int,integer,,,/DCM/Deals/Deal/Tranches/Tranche/MarketSubTypeId,DCMDealTranches,MarketSubTypeId,false,true,reference_files.dcmmarketsubtype,Id,false,documented,DCM_nn.xml,116,"MarketSubTypeId | Tranche Foreign Offer Type | Code representing different types of foreign bonds (Yankee, Formosa, Kangaroo)",
DCM,dcm.tranche,Tranche,"One row per DCM Tranche, identified by DealId and TrancheId.",DealId;TrancheId,dcm.deal,MarketTypeId,Tranche Market Type,"Describes the intended market for each tranche of a deal (Domestic, Euro, etc.)",Int,integer,,,/DCM/Deals/Deal/Tranches/Tranche/MarketTypeId,DCMDealTranches,MarketTypeId,false,false,,,false,documented,DCM_nn.xml,117,"MarketTypeId | Tranche Market Type | Describes the intended market for each tranche of a deal (Domestic, Euro, etc.)",
DCM,dcm.tranche,Tranche,"One row per DCM Tranche, identified by DealId and TrancheId.",DealId;TrancheId,dcm.deal,MaturityDate,Maturity Date,Legal maturity date of a tranche.,DateTime,datetime,,,/DCM/Deals/Deal/Tranches/Tranche/MaturityDate,DCMDealTranches,MaturityDate,false,false,,,false,documented,DCM_nn.xml,118,MaturityDate | Maturity Date | Legal maturity date of a tranche.,
DCM,dcm.tranche,Tranche,"One row per DCM Tranche, identified by DealId and TrancheId.",DealId;TrancheId,dcm.deal,MaxCouponPercent,Maximum Coupon,FRN issues only. The highest coupon payable after any individual rate fix.,Decimal(3),decimal,,3,/DCM/Deals/Deal/Tranches/Tranche/MaxCouponPercent,DCMDealTranches,MaxCouponPercent,false,false,,,false,documented,DCM_nn.xml,119,MaxCouponPercent | Maximum Coupon | FRN issues only. The highest coupon payable after any individual rate fix.,
DCM,dcm.tranche,Tranche,"One row per DCM Tranche, identified by DealId and TrancheId.",DealId;TrancheId,dcm.deal,MinCouponPercent,Minimum Coupon,FRN issues only. The lowest coupon payable after any individual rate fix.,Decimal(3),decimal,,3,/DCM/Deals/Deal/Tranches/Tranche/MinCouponPercent,DCMDealTranches,MinCouponPercent,false,false,,,false,documented,DCM_nn.xml,120,MinCouponPercent | Minimum Coupon | FRN issues only. The lowest coupon payable after any individual rate fix.,
DCM,dcm.tranche,Tranche,"One row per DCM Tranche, identified by DealId and TrancheId.",DealId;TrancheId,dcm.deal,OfferPricePercent,Offer Price %,% of face value that tranche is offered to public.,Decimal(3),decimal,,3,/DCM/Deals/Deal/Tranches/Tranche/OfferPricePercent,DCMDealTranches,OfferPricePercent,false,false,,,false,documented,DCM_nn.xml,121,OfferPricePercent | Offer Price % | % of face value that tranche is offered to public.,
DCM,dcm.tranche,Tranche,"One row per DCM Tranche, identified by DealId and TrancheId.",DealId;TrancheId,dcm.deal,Proceeds,Tranche Value (Proceeds),Face value of tranche multiplied by offer price percentage.,Money,money,,,/DCM/Deals/Deal/Tranches/Tranche/Proceeds,DCMDealTranchesProceeds,"DCMDealTrancheDealId,DCMDealTrancheTrancheId,CurrencyISOCode,Value",false,false,,,false,documented,DCM_nn.xml,122,Proceeds | Tranche Value (Proceeds) | Face value of tranche multiplied by offer price percentage.,
DCM,dcm.tranche,Tranche,"One row per DCM Tranche, identified by DealId and TrancheId.",DealId;TrancheId,dcm.deal,PutDaysNotice,Put No of Days Notice,Number of days notice that must be given before a put can be exercised.,Int,integer,,,/DCM/Deals/Deal/Tranches/Tranche/PutDaysNotice,DCMDealTranches,PutDaysNotice,false,false,,,false,documented,DCM_nn.xml,123,PutDaysNotice | Put No of Days Notice | Number of days notice that must be given before a put can be exercised.,
DCM,dcm.tranche,Tranche,"One row per DCM Tranche, identified by DealId and TrancheId.",DealId;TrancheId,dcm.deal,PutDetails,Put Details,Additional details about the put provision.,String(1500),string,1500,,/DCM/Deals/Deal/Tranches/Tranche/PutDetails,DCMDealTranches,PutDetails,false,false,,,false,documented,DCM_nn.xml,124,PutDetails | Put Details | Additional details about the put provision.,
DCM,dcm.tranche,Tranche,"One row per DCM Tranche, identified by DealId and TrancheId.",DealId;TrancheId,dcm.deal,PutFrequencyId,Put Frequency,Link to Frequency reference indicating the time period between opportunities to exercise the put option; eg. Annual / Semi-annual etc.,Int,integer,,,/DCM/Deals/Deal/Tranches/Tranche/PutFrequencyId,DCMDealTranches,PutFrequencyId,false,true,reference_files.frequency,Id,false,documented,DCM_nn.xml,125,PutFrequencyId | Put Frequency | Link to Frequency reference indicating the time period between opportunities to exercise the put option; eg. Annual / Semi-annual etc.,
DCM,dcm.tranche,Tranche,"One row per DCM Tranche, identified by DealId and TrancheId.",DealId;TrancheId,dcm.deal,RedemptionDetails,Redemption Details,Additional information about the redemption of the issue.,String(1200),string,1200,,/DCM/Deals/Deal/Tranches/Tranche/RedemptionDetails,DCMDealTranches,RedemptionDetails,false,false,,,false,documented,DCM_nn.xml,126,RedemptionDetails | Redemption Details | Additional information about the redemption of the issue.,
DCM,dcm.tranche,Tranche,"One row per DCM Tranche, identified by DealId and TrancheId.",DealId;TrancheId,dcm.deal,RedemptionPricePercent,Redemption Price %,The price per bond payed to the holder of the issue on maturity. Expressed as a percentage.,Decimal(3),decimal,,3,/DCM/Deals/Deal/Tranches/Tranche/RedemptionPricePercent,DCMDealTranches,RedemptionPricePercent,false,false,,,false,documented,DCM_nn.xml,127,RedemptionPricePercent | Redemption Price % | The price per bond payed to the holder of the issue on maturity. Expressed as a percentage.,
DCM,dcm.tranche,Tranche,"One row per DCM Tranche, identified by DealId and TrancheId.",DealId;TrancheId,dcm.deal,SecurityNumbers,SecurityNumber,Multi-value list of issue security numbers.,Collection,collection,,,/DCM/Deals/Deal/Tranches/Tranche/SecurityNumbers,DCMDealTranchesSecurityNumbers,,false,false,,,true,documented,DCM_nn.xml,128,SecurityNumbers | SecurityNumber | Multi-value list of issue security numbers.,
DCM,dcm.tranche,Tranche,"One row per DCM Tranche, identified by DealId and TrancheId.",DealId;TrancheId,dcm.deal,SecurityTypeId,Security Type,Link to reference representing the type of security sold in the offering.,Int,integer,,,/DCM/Deals/Deal/Tranches/Tranche/SecurityTypeId,DCMDealTranches,SecurityTypeId,false,true,reference_files.dcmsecuritytype,Id,false,documented,DCM_nn.xml,129,SecurityTypeId | Security Type | Link to reference representing the type of security sold in the offering.,
DCM,dcm.tranche,Tranche,"One row per DCM Tranche, identified by DealId and TrancheId.",DealId;TrancheId,dcm.deal,SellingConcessionPercent,Selling Concession (%),The portion of the gross fees paid to the syndicate members as remuneration for their services in the distribution of securities.,Decimal(3),decimal,,3,/DCM/Deals/Deal/Tranches/Tranche/SellingConcessionPercent,DCMDealTranches,SellingConcessionPercent,false,false,,,false,documented,DCM_nn.xml,130,SellingConcessionPercent | Selling Concession (%) | The portion of the gross fees paid to the syndicate members as remuneration for their services in the distribution of securities.,
DCM,dcm.tranche,Tranche,"One row per DCM Tranche, identified by DealId and TrancheId.",DealId;TrancheId,dcm.deal,SeriesNumber,Tranche Series,Series number of a tranche on a security,Int,integer,,,/DCM/Deals/Deal/Tranches/Tranche/SeriesNumber,DCMDealTranches,SeriesNumber,false,false,,,false,documented,DCM_nn.xml,131,SeriesNumber | Tranche Series | Series number of a tranche on a security,
DCM,dcm.tranche,Tranche,"One row per DCM Tranche, identified by DealId and TrancheId.",DealId;TrancheId,dcm.deal,SpreadToBenchmarkBasisPoints,Spread to Benchmark/Discount margin (bps),Spread between coupon rate of security and US Treasury or Benchmark expressed in basis points.,Decimal(3),decimal,,3,/DCM/Deals/Deal/Tranches/Tranche/SpreadToBenchmarkBasisPoints,DCMDealTranches,SpreadToBenchmarkBasisPoints,false,false,,,false,documented,DCM_nn.xml,132,SpreadToBenchmarkBasisPoints | Spread to Benchmark/Discount margin (bps) | Spread between coupon rate of security and US Treasury or Benchmark expressed in basis points.,
DCM,dcm.tranche,Tranche,"One row per DCM Tranche, identified by DealId and TrancheId.",DealId;TrancheId,dcm.deal,SpreadToSwapBasisPoints,Tranche Spread to Swap (bp),Spread between coupon rate of security and Swap (bps),Decimal(7),decimal,,7,/DCM/Deals/Deal/Tranches/Tranche/SpreadToSwapBasisPoints,DCMDealTranches,SpreadToSwapBasisPoints,false,false,,,false,documented,DCM_nn.xml,133,SpreadToSwapBasisPoints | Tranche Spread to Swap (bp) | Spread between coupon rate of security and Swap (bps),
DCM,dcm.tranche,Tranche,"One row per DCM Tranche, identified by DealId and TrancheId.",DealId;TrancheId,dcm.deal,Syndicate,SyndicateMember,List of Bank Syndicate records.,Collection,collection,,,/DCM/Deals/Deal/Tranches/Tranche/Syndicate,DCMDealTranchesSyndicate,,false,false,,,true,documented,DCM_nn.xml,134,Syndicate | SyndicateMember | List of Bank Syndicate records.,
DCM,dcm.tranche,Tranche,"One row per DCM Tranche, identified by DealId and TrancheId.",DealId;TrancheId,dcm.deal,TakeOutDate,Take-out Date,"The earliest of maturity date, first call date and first put date.",DateTime,datetime,,,/DCM/Deals/Deal/Tranches/Tranche/TakeOutDate,DCMDealTranches,TakeOutDate,false,false,,,false,documented,DCM_nn.xml,135,"TakeOutDate | Take-out Date | The earliest of maturity date, first call date and first put date.",
DCM,dcm.tranche,Tranche,"One row per DCM Tranche, identified by DealId and TrancheId.",DealId;TrancheId,dcm.deal,TefraRule,Tefra,Tefra rules are part of US securities legislation. There are two varieties applicable to bonds; Rule C and Rule D.,String(1),string,1,,/DCM/Deals/Deal/Tranches/Tranche/TefraRule,DCMDealTranches,TefraRule,false,false,,,false,documented,DCM_nn.xml,136,TefraRule | Tefra | Tefra rules are part of US securities legislation. There are two varieties applicable to bonds; Rule C and Rule D.,
DCM,dcm.tranche,Tranche,"One row per DCM Tranche, identified by DealId and TrancheId.",DealId;TrancheId,dcm.deal,TierCapitalId,Tier Capital,"Link to DCM tier capital reference. Tier Capital shows the level of subordination of bank debt, breaking down into Tier 1, Tier 2, Upper Tier 2, Lower Tier 2 Tier 3, with Tier 1 being the most reliable form of capital.",Int,integer,,,/DCM/Deals/Deal/Tranches/Tranche/TierCapitalId,DCMDealTranches,TierCapitalId,false,true,reference_files.dcmtiercapital,Id,false,documented,DCM_nn.xml,137,"TierCapitalId | Tier Capital | Link to DCM tier capital reference. Tier Capital shows the level of subordination of bank debt, breaking down into Tier 1, Tier 2, Upper Tier 2, Lower Tier 2 Tier 3, with Tier 1 being the most reliable form of capital.",
DCM,dcm.tranche,Tranche,"One row per DCM Tranche, identified by DealId and TrancheId.",DealId;TrancheId,dcm.deal,TrancheId,Tranche Sequence number,Where a deal has multiple tranches they are sequenced starting at 1. A tranche with an Id of 1 should be regarded as the most significant or head tranche.,Int,integer,,,/DCM/Deals/Deal/Tranches/Tranche/TrancheId,DCMDealTranches,TrancheId,true,false,,,false,documented,DCM_nn.xml,138,TrancheId | Tranche Sequence number | Where a deal has multiple tranches they are sequenced starting at 1. A tranche with an Id of 1 should be regarded as the most significant or head tranche.,
DCM,dcm.tranche,Tranche,"One row per DCM Tranche, identified by DealId and TrancheId.",DealId;TrancheId,dcm.deal,Value,Tranche Value (Face),Principal amount of tranche.,Money,money,,,/DCM/Deals/Deal/Tranches/Tranche/Value,DCMDealTranchesValue,"DCMDealTrancheDealId,DCMDealTrancheTrancheId,CurrencyISOCode,Value",false,false,,,false,documented,DCM_nn.xml,139,Value | Tranche Value (Face) | Principal amount of tranche.,
DCM,dcm.tranche,Tranche,"One row per DCM Tranche, identified by DealId and TrancheId.",DealId;TrancheId,dcm.deal,YearsToCall,Years to Call,Number of years from settlement date to first call date.,Decimal(3),decimal,,3,/DCM/Deals/Deal/Tranches/Tranche/YearsToCall,DCMDealTranches,YearsToCall,false,false,,,false,documented,DCM_nn.xml,140,YearsToCall | Years to Call | Number of years from settlement date to first call date.,
DCM,dcm.tranche,Tranche,"One row per DCM Tranche, identified by DealId and TrancheId.",DealId;TrancheId,dcm.deal,YearsToMaturity,Years to Maturity,Number of years from settlement date to legal maturity date.,Decimal(3),decimal,,3,/DCM/Deals/Deal/Tranches/Tranche/YearsToMaturity,DCMDealTranches,YearsToMaturity,false,false,,,false,documented,DCM_nn.xml,141,YearsToMaturity | Years to Maturity | Number of years from settlement date to legal maturity date.,
DCM,dcm.tranche,Tranche,"One row per DCM Tranche, identified by DealId and TrancheId.",DealId;TrancheId,dcm.deal,YieldToMaturityAnnualPercent,Yield to Maturity,Rate of return on security assuming it is held until maturity.,Decimal(3),decimal,,3,/DCM/Deals/Deal/Tranches/Tranche/YieldToMaturityAnnualPercent,DCMDealTranches,YieldToMaturityAnnualPercent,false,false,,,false,documented,DCM_nn.xml,142,YieldToMaturityAnnualPercent | Yield to Maturity | Rate of return on security assuming it is held until maturity.,
DCM,dcm.tranche,Tranche,"One row per DCM Tranche, identified by DealId and TrancheId.",DealId;TrancheId,dcm.deal,YieldToMaturitySemiAnnualPercent,Yeild to Maturity Semi Annual,Semi-annual yield to maturity of the issue calculated from the annual value.,Decimal (3),decimal,,3,/DCM/Deals/Deal/Tranches/Tranche/YieldToMaturitySemiAnnualPercent,DCMDealTranches,YieldToMaturitySemiAnnualPercent,false,false,,,false,documented,DCM_nn.xml,143,YieldToMaturitySemiAnnualPercent | Yeild to Maturity Semi Annual | Semi-annual yield to maturity of the issue calculated from the annual value.,
DCM,dcm.financialsponsor,FinancialSponsor,"One row per DCM FinancialSponsor, identified by DealId and FinancialSponsorId and ActivityTypeId.",DealId;FinancialSponsorId;ActivityTypeId,dcm.deal,ActivityTypeId,Financial Sponsor Activity Type,"Activity type of the sponsor on the deal (Entry, Exit, Portfolio)",Int,integer,,,/DCM/Deals/Deal/FinancialSponsors/FinancialSponsor/ActivityTypeId,DCMDealFinancialSponsors,ActivityTypeId,true,true,reference_files.sponsoractivitytype,Id,false,documented,DCM_nn.xml,149,"ActivityTypeId | Financial Sponsor Activity Type | Activity type of the sponsor on the deal (Entry, Exit, Portfolio)",
DCM,dcm.financialsponsor,FinancialSponsor,"One row per DCM FinancialSponsor, identified by DealId and FinancialSponsorId and ActivityTypeId.",DealId;FinancialSponsorId;ActivityTypeId,dcm.deal,FinancialSponsorId,Financial Sponsor,Name of the Financial Sponsor company involved in the issue.,Int,integer,,,/DCM/Deals/Deal/FinancialSponsors/FinancialSponsor/FinancialSponsorId,DCMDealFinancialSponsors,FinancialSponsorId,true,true,company.company,Id,false,documented,DCM_nn.xml,150,FinancialSponsorId | Financial Sponsor | Name of the Financial Sponsor company involved in the issue.,
DCM,dcm.financialsponsor,FinancialSponsor,"One row per DCM FinancialSponsor, identified by DealId and FinancialSponsorId and ActivityTypeId.",DealId;FinancialSponsorId;ActivityTypeId,dcm.deal,IsAddOn,Financial Sponsor Add-On (Y/N),True if deal is related to a company that was added by a financial sponsor to one of it's existing portfolio companies.,Bool,boolean,,,/DCM/Deals/Deal/FinancialSponsors/FinancialSponsor/IsAddOn,DCMDealFinancialSponsors,IsAddOn,false,false,,,false,documented,DCM_nn.xml,151,IsAddOn | Financial Sponsor Add-On (Y/N) | True if deal is related to a company that was added by a financial sponsor to one of it's existing portfolio companies.,
DCM,dcm.financialsponsor,FinancialSponsor,"One row per DCM FinancialSponsor, identified by DealId and FinancialSponsorId and ActivityTypeId.",DealId;FinancialSponsorId;ActivityTypeId,dcm.deal,SortNumber,Sort Number,Used to determine the presentation order where there are multiple values. The item with sequence number 0 is generally the most significant or primary value.,Int,integer,,,/DCM/Deals/Deal/FinancialSponsors/FinancialSponsor/SortNumber,DCMDealFinancialSponsors,SortNumber,false,false,,,false,documented,DCM_nn.xml,152,SortNumber | Sort Number | Used to determine the presentation order where there are multiple values. The item with sequence number 0 is generally the most significant or primary value.,
DCM,dcm.commoncode,CommonCode,"One row per DCM CommonCode, identified by DealId and TrancheId and Code.",DealId;TrancheId;Code,dcm.tranche,Code,Common Code,A nine-digit identification code issued jointly by CEDEL and Euroclear.,String(9),string,9,,/DCM/Deals/Deal/Tranches/Tranche/CommonCodes/CommonCode/Code,DCMDealTranchesCommonCodes,Code,true,false,,,false,documented,DCM_nn.xml,158,Code | Common Code | A nine-digit identification code issued jointly by CEDEL and Euroclear.,
DCM,dcm.commoncode,CommonCode,"One row per DCM CommonCode, identified by DealId and TrancheId and Code.",DealId;TrancheId;Code,dcm.tranche,SortNumber,Sort Number,Presentation order for multi-valued code field. Normally the most important code is assigned a sort number of 0.,Int,integer,,,/DCM/Deals/Deal/Tranches/Tranche/CommonCodes/CommonCode/SortNumber,DCMDealTranchesCommonCodes,SortNumber,false,false,,,false,documented,DCM_nn.xml,159,SortNumber | Sort Number | Presentation order for multi-valued code field. Normally the most important code is assigned a sort number of 0.,
DCM,dcm.guarantor,Guarantor,"One row per DCM Guarantor, identified by DealId and TrancheId and GuarantorId.",DealId;TrancheId;GuarantorId,dcm.tranche,GuarantorId,Guarantor,The institution guaranteeing the repayment of securities in the event of default of the issuer.,Int,integer,,,/DCM/Deals/Deal/Tranches/Tranche/Guarantors/Guarantor/GuarantorId,DCMDealTranchesGuarantors,GuarantorId,true,true,company.company,Id,false,documented,DCM_nn.xml,165,GuarantorId | Guarantor | The institution guaranteeing the repayment of securities in the event of default of the issuer.,
DCM,dcm.guarantor,Guarantor,"One row per DCM Guarantor, identified by DealId and TrancheId and GuarantorId.",DealId;TrancheId;GuarantorId,dcm.tranche,SortNumber,Sort Number,Used to determine the presentation order where there are multiple values. The item with sequence number 0 is generally the most significant or primary value.,Int,integer,,,/DCM/Deals/Deal/Tranches/Tranche/Guarantors/Guarantor/SortNumber,DCMDealTranchesGuarantors,SortNumber,false,false,,,false,documented,DCM_nn.xml,166,SortNumber | Sort Number | Used to determine the presentation order where there are multiple values. The item with sequence number 0 is generally the most significant or primary value.,
DCM,dcm.isin,ISIN,"One row per DCM ISIN, identified by DealId and TrancheId and ISIN.",DealId;TrancheId;ISIN,dcm.tranche,ISIN,ISIN,International Security Identification Number.,String(15),string,15,,/DCM/Deals/Deal/Tranches/Tranche/ISINs/ISIN/ISIN,DCMDealTranchesISINs,SecurityNumber,true,false,,,false,documented,DCM_nn.xml,172,ISIN | ISIN | International Security Identification Number.,
DCM,dcm.isin,ISIN,"One row per DCM ISIN, identified by DealId and TrancheId and ISIN.",DealId;TrancheId;ISIN,dcm.tranche,SortNumber,Sort Number,Used to determine the presentation order where there are multiple values. The item with sequence number 0 is generally the most significant or primary value.,Int,integer,,,/DCM/Deals/Deal/Tranches/Tranche/ISINs/ISIN/SortNumber,DCMDealTranchesISINs,SortNumber,false,false,,,false,documented,DCM_nn.xml,173,SortNumber | Sort Number | Used to determine the presentation order where there are multiple values. The item with sequence number 0 is generally the most significant or primary value.,
DCM,dcm.lbomnadeal,LBOMNADeal,"One row per DCM LBOMNADeal, identified by DealId and LBOMNADealId.",DealId;LBOMNADealId,dcm.deal,LBOMNADealId,LBO MNA Deal #,Link to original LBO of portfolio company in the case of sponsor backed deals.,Int,integer,,,/DCM/Deals/Deal/LBOMNADeals/LBOMNADeal/LBOMNADealId,DCMDealLBOMNADeals,LBOMNADealId,true,true,mna.deal,DealId,false,documented,DCM_nn.xml,179,LBOMNADealId | LBO MNA Deal # | Link to original LBO of portfolio company in the case of sponsor backed deals.,
DCM,dcm.securitynumber,SecurityNumber,"One row per DCM SecurityNumber, identified by DealId and TrancheId and SecurityNumber.",DealId;TrancheId;SecurityNumber,dcm.tranche,SecurityNumber,Security Number,Part of the ISIN number for Non-US domestic and foreign bonds.,String(15),string,15,,/DCM/Deals/Deal/Tranches/Tranche/SecurityNumbers/SecurityNumber/SecurityNumber,DCMDealTranchesSecurityNumbers,SecurityNumber,true,false,,,false,documented,DCM_nn.xml,185,SecurityNumber | Security Number | Part of the ISIN number for Non-US domestic and foreign bonds.,
DCM,dcm.securitynumber,SecurityNumber,"One row per DCM SecurityNumber, identified by DealId and TrancheId and SecurityNumber.",DealId;TrancheId;SecurityNumber,dcm.tranche,SortNumber,Sort Number,Used to determine the presentation order where there are multiple values. The item with sequence number 0 is generally the most significant or primary value.,Int,integer,,,/DCM/Deals/Deal/Tranches/Tranche/SecurityNumbers/SecurityNumber/SortNumber,DCMDealTranchesSecurityNumbers,SortNumber,false,false,,,false,documented,DCM_nn.xml,186,SortNumber | Sort Number | Used to determine the presentation order where there are multiple values. The item with sequence number 0 is generally the most significant or primary value.,
DCM,dcm.syndicatemember,SyndicateMember,"One row per DCM SyndicateMember, identified by DealId and TrancheId and BankId and BankRoleId.",DealId;TrancheId;BankId;BankRoleId,dcm.tranche,BankId,Bank Id,"Link to a company, normally a bank, that is a member of the syndicate of lending institutions involved in the tranche.",Int,integer,,,/DCM/Deals/Deal/Tranches/Tranche/Syndicate/SyndicateMember/BankId,DCMDealTranchesSyndicate,BankId,true,true,company.company,Id,false,documented,DCM_nn.xml,192,"BankId | Bank Id | Link to a company, normally a bank, that is a member of the syndicate of lending institutions involved in the tranche.",
DCM,dcm.syndicatemember,SyndicateMember,"One row per DCM SyndicateMember, identified by DealId and TrancheId and BankId and BankRoleId.",DealId;TrancheId;BankId;BankRoleId,dcm.tranche,BankRoleId,DCM Bank Role Id,"Link to the DCM bank role reference indicating the role played by a particular bank in the tranche (eg. Bookrunner, underwriter etc.).",Int,integer,,,/DCM/Deals/Deal/Tranches/Tranche/Syndicate/SyndicateMember/BankRoleId,DCMDealTranchesSyndicate,BankRoleId,true,true,reference_files.dcmbankrole,Id,false,documented,DCM_nn.xml,193,"BankRoleId | DCM Bank Role Id | Link to the DCM bank role reference indicating the role played by a particular bank in the tranche (eg. Bookrunner, underwriter etc.).",
DCM,dcm.syndicatemember,SyndicateMember,"One row per DCM SyndicateMember, identified by DealId and TrancheId and BankId and BankRoleId.",DealId;TrancheId;BankId;BankRoleId,dcm.tranche,IsLeadLeft,Lead Left (Y/N),Indicates if the bank was the lead bookrunner on the transaction.,Bool,boolean,,,/DCM/Deals/Deal/Tranches/Tranche/Syndicate/SyndicateMember/IsLeadLeft,DCMDealTranchesSyndicate,IsLeadLeft,false,false,,,false,documented,DCM_nn.xml,194,IsLeadLeft | Lead Left (Y/N) | Indicates if the bank was the lead bookrunner on the transaction.,
DCM,dcm.syndicatemember,SyndicateMember,"One row per DCM SyndicateMember, identified by DealId and TrancheId and BankId and BankRoleId.",DealId;TrancheId;BankId;BankRoleId,dcm.tranche,IsSelfLed,Self-Led (Y/N),Indicates if the bank is in the same group as the Issuer.,Bool,boolean,,,/DCM/Deals/Deal/Tranches/Tranche/Syndicate/SyndicateMember/IsSelfLed,DCMDealTranchesSyndicate,IsSelfLed,false,false,,,false,documented,DCM_nn.xml,195,IsSelfLed | Self-Led (Y/N) | Indicates if the bank is in the same group as the Issuer.,
DCM,dcm.syndicatemember,SyndicateMember,"One row per DCM SyndicateMember, identified by DealId and TrancheId and BankId and BankRoleId.",DealId;TrancheId;BankId;BankRoleId,dcm.tranche,Participation,Bookrunner Participation,Amount Bookrunner allotment of tranche .,Money,money,,,/DCM/Deals/Deal/Tranches/Tranche/Syndicate/SyndicateMember/Participation,DCMDealTranchesSyndicateParticipation,"DCMDealTrancheSyndicateMemberDealId,DCMDealTrancheSyndicateMemberTrancheId,DCMDealTrancheSyndicateMemberBankId,DCMDealTrancheSyndicateMemberBankRoleId,CurrencyISOCode,Value",false,false,,,false,documented,DCM_nn.xml,196,Participation | Bookrunner Participation | Amount Bookrunner allotment of tranche .,
DCM,dcm.syndicatemember,SyndicateMember,"One row per DCM SyndicateMember, identified by DealId and TrancheId and BankId and BankRoleId.",DealId;TrancheId;BankId;BankRoleId,dcm.tranche,SortNumber,Bank sequence number,"Provides an ordering for the tranche bank syndicate for presentation purposes, starting from 0. Generally banks in the most significant roles (Bookkrunners) are top of the list.",Int,integer,,,/DCM/Deals/Deal/Tranches/Tranche/Syndicate/SyndicateMember/SortNumber,DCMDealTranchesSyndicate,SortNumber,false,false,,,false,documented,DCM_nn.xml,197,"SortNumber | Bank sequence number | Provides an ordering for the tranche bank syndicate for presentation purposes, starting from 0. Generally banks in the most significant roles (Bookkrunners) are top of the list.",
DCM,dcm.use,Use,"One row per DCM Use, identified by DealId and UseId.",DealId;UseId,dcm.deal,SortNumber,Item Sequence number,Used to determine the presentation order of use of proceeds in cases where there are multiple values associated with a tranche. The item with sequence number 0 is generally the most significant or primary value.,Int,integer,,,/DCM/Deals/Deal/UseOfProceeds/Use/SortNumber,DCMDealUseOfProceeds,SortNumber,false,false,,,false,documented,DCM_nn.xml,203,SortNumber | Item Sequence number | Used to determine the presentation order of use of proceeds in cases where there are multiple values associated with a tranche. The item with sequence number 0 is generally the most significant or primary value.,
DCM,dcm.use,Use,"One row per DCM Use, identified by DealId and UseId.",DealId;UseId,dcm.deal,UseId,Use of Proceeds id,Link to use of proceeds reference indicating how the company intends to use the money raised from the debt issue.,Int,integer,,,/DCM/Deals/Deal/UseOfProceeds/Use/UseId,DCMDealUseOfProceeds,UseId,true,true,reference_files.proceeds,Id,false,documented,DCM_nn.xml,204,UseId | Use of Proceeds id | Link to use of proceeds reference indicating how the company intends to use the money raised from the debt issue.,
ECM,ecm.deal,Deal,"One row per ECM Deal, identified by DealId.",DealId,,AccountingFee,Accounting Fees,Fees and expenses as declared in SEC filing.,Money(3),money,,3,/ECM/Deals/Deal/AccountingFee,ECMDealAccountingFee,ECMDealDealId;CurrencyISOCode;Value,false,false,,,false,documented,ECM_nn.xml,9,AccountingFee | Accounting Fees | Fees and expenses as declared in SEC filing.,
ECM,ecm.deal,Deal,"One row per ECM Deal, identified by DealId.",DealId,,AnnouncementDate,Announcement Date,Date registration information is announced.,DateTime,datetime,,,/ECM/Deals/Deal/AnnouncementDate,ECMDeal,AnnouncementDate,false,false,,,false,documented,ECM_nn.xml,10,AnnouncementDate | Announcement Date | Date registration information is announced.,
ECM,ecm.deal,Deal,"One row per ECM Deal, identified by DealId.",DealId,,ATMBasisId,ATM Basis,Indicates whether the size of an At-The-Market offering tranche is expressed as cash or shares.,Int,integer,,,/ECM/Deals/Deal/ATMBasisId,ECMDeal,ATMBasisId,false,false,,,false,documented,ECM_nn.xml,11,ATMBasisId | ATM Basis | Indicates whether the size of an At-The-Market offering tranche is expressed as cash or shares.,
ECM,ecm.deal,Deal,"One row per ECM Deal, identified by DealId.",DealId,,Attorneys,Attorney,Attorneys involved in the deal.,Collection,collection,,,/ECM/Deals/Deal/Attorneys,ECMDealAttorneys,,false,false,,,true,documented,ECM_nn.xml,12,Attorneys | Attorney | Attorneys involved in the deal.,
ECM,ecm.deal,Deal,"One row per ECM Deal, identified by DealId.",DealId,,BlueskyFee,Bluesky Fees,Fees and Expense related to Blue-sky laws .,Money(3),money,,3,/ECM/Deals/Deal/BlueskyFee,ECMDealBlueSkyFee,ECMDealDealId;CurrencyISOCode;Value,false,false,,,false,documented,ECM_nn.xml,13,BlueskyFee | Bluesky Fees | Fees and Expense related to Blue-sky laws .,
ECM,ecm.deal,Deal,"One row per ECM Deal, identified by DealId.",DealId,,CanadianIncomeTrustId,Canadian Income Trust,Link to reference Indicating whether issuer is a Canadian Income Trust.,Int,integer,,,/ECM/Deals/Deal/CanadianIncomeTrustId,ECMDeal,CanadianIncomeTrustId,false,true,reference_files.ecmcit,Id,false,documented,ECM_nn.xml,14,CanadianIncomeTrustId | Canadian Income Trust | Link to reference Indicating whether issuer is a Canadian Income Trust.,
ECM,ecm.deal,Deal,"One row per ECM Deal, identified by DealId.",DealId,,CancelledDate,Withdrawn/Postponed Date,Date on which a prospective offering is withdrawn from the market or the intended issuance cancelled.,DateTime,datetime,,,/ECM/Deals/Deal/CancelledDate,ECMDeal,CancelledDate,false,false,,,false,documented,ECM_nn.xml,15,CancelledDate | Withdrawn/Postponed Date | Date on which a prospective offering is withdrawn from the market or the intended issuance cancelled.,
ECM,ecm.deal,Deal,"One row per ECM Deal, identified by DealId.",DealId,,CommonDividend,Common Dividend,Dividend of underlying common stock.,Money(3),money,,3,/ECM/Deals/Deal/CommonDividend,ECMDealCommonDividend,ECMDealDealId;CurrencyISOCode;Value,false,false,,,false,documented,ECM_nn.xml,16,CommonDividend | Common Dividend | Dividend of underlying common stock.,
ECM,ecm.deal,Deal,"One row per ECM Deal, identified by DealId.",DealId,,CommonStatusId,Deal Status,Link to reference indicating the current status of deal.,Int,integer,,,/ECM/Deals/Deal/CommonStatusId,ECMDeal,CommonStatusId,false,true,reference_files.dealstatus.dealstatus,Id,false,documented,ECM_nn.xml,17,CommonStatusId | Deal Status | Link to reference indicating the current status of deal.,
ECM,ecm.deal,Deal,"One row per ECM Deal, identified by DealId.",DealId,,CommonYield,Common Yield,Yield of common stock.,Decimal(4),decimal,,4,/ECM/Deals/Deal/CommonYield,ECMDeal,CommonYield,false,false,,,false,documented,ECM_nn.xml,18,CommonYield | Common Yield | Yield of common stock.,
ECM,ecm.deal,Deal,"One row per ECM Deal, identified by DealId.",DealId,,CompanySoldPercent,% of Company Sold,"% of company's stakes, which have been offered in the deal",Decimal(4),decimal,,4,/ECM/Deals/Deal/CompanySoldPercent,ECMDeal,CompanySoldPercent,false,false,,,false,documented,ECM_nn.xml,19,"CompanySoldPercent | % of Company Sold | % of company's stakes, which have been offered in the deal",
ECM,ecm.deal,Deal,"One row per ECM Deal, identified by DealId.",DealId,,CurrencyISOCode,Currency,The ISO Code of the Deal or Head Tranche currency.,String(3),string,3,,/ECM/Deals/Deal/CurrencyISOCode,ECMDeal,CurrencyISOCode,false,true,reference_files.currency,ISOCode,false,documented,ECM_nn.xml,20,CurrencyISOCode | Currency | The ISO Code of the Deal or Head Tranche currency.,
ECM,ecm.deal,Deal,"One row per ECM Deal, identified by DealId.",DealId,,DaysFromFilingToOffer,# Days Since Filed,Number of days from filing date to pricing date.,Int,integer,,,/ECM/Deals/Deal/DaysFromFilingToOffer,ECMDeal,DaysFromFilingToOffer,false,false,,,false,documented,ECM_nn.xml,21,DaysFromFilingToOffer | # Days Since Filed | Number of days from filing date to pricing date.,
ECM,ecm.deal,Deal,"One row per ECM Deal, identified by DealId.",DealId,,DealId,ECM Deal #,Unique numeric identifier for a deal.,Int,integer,,,/ECM/Deals/Deal/DealId,ECMDeal,DealId,true,false,,,false,documented,ECM_nn.xml,22,DealId | ECM Deal # | Unique numeric identifier for a deal.,
ECM,ecm.deal,Deal,"One row per ECM Deal, identified by DealId.",DealId,,DebtEquity,Debt to Equity,Ratio of a firm's total debt to its shareholders' equity.,Decimal(4),decimal,,4,/ECM/Deals/Deal/DebtEquity,ECMDeal,DebtEquity,false,false,,,false,documented,ECM_nn.xml,23,DebtEquity | Debt to Equity | Ratio of a firm's total debt to its shareholders' equity.,
ECM,ecm.deal,Deal,"One row per ECM Deal, identified by DealId.",DealId,,EPSDiluted,EPS (FD),Earnings per share (net income divided by shares outstanding).,Money(3),money,,3,/ECM/Deals/Deal/EPSDiluted,ECMDealEPSDiluted,ECMDealDealId;CurrencyISOCode;Value,false,false,,,false,documented,ECM_nn.xml,24,EPSDiluted | EPS (FD) | Earnings per share (net income divided by shares outstanding).,
ECM,ecm.deal,Deal,"One row per ECM Deal, identified by DealId.",DealId,,ExchangeRates,Deal currency exchange rates,The exchanges rates from the Deal currency to USD and Euro.,ExchangeRate,exchange_rate,,,/ECM/Deals/Deal/ExchangeRates,ECMDealExchangeRates,ECMDealDealId;Date;FromCurrencyISOCode;Rate;ToCurrencyISOCode,false,false,,,false,documented,ECM_nn.xml,25,ExchangeRates | Deal currency exchange rates | The exchanges rates from the Deal currency to USD and Euro.,
ECM,ecm.deal,Deal,"One row per ECM Deal, identified by DealId.",DealId,,ExpectedDate,Expected Date,Date issuer expects to price security.,DateTime,datetime,,,/ECM/Deals/Deal/ExpectedDate,ECMDeal,ExpectedDate,false,false,,,false,documented,ECM_nn.xml,26,ExpectedDate | Expected Date | Date issuer expects to price security.,
ECM,ecm.deal,Deal,"One row per ECM Deal, identified by DealId.",DealId,,FiledRangeHigh,Filing Range High,High end of pricing range when issue is filed.,Money(4),money,,4,/ECM/Deals/Deal/FiledRangeHigh,ECMDealFiledRangeHigh,ECMDealDealId;CurrencyISOCode;Value,false,false,,,false,documented,ECM_nn.xml,27,FiledRangeHigh | Filing Range High | High end of pricing range when issue is filed.,
ECM,ecm.deal,Deal,"One row per ECM Deal, identified by DealId.",DealId,,FiledRangeLow,Filing Range Low,Low end of pricing range when issue is filed.,Money(4),money,,4,/ECM/Deals/Deal/FiledRangeLow,ECMDealFiledRangeLow,ECMDealDealId;CurrencyISOCode;Value,false,false,,,false,documented,ECM_nn.xml,28,FiledRangeLow | Filing Range Low | Low end of pricing range when issue is filed.,
ECM,ecm.deal,Deal,"One row per ECM Deal, identified by DealId.",DealId,,FilingDate,Filing Date,Date security was filed with the SEC.,DateTime,datetime,,,/ECM/Deals/Deal/FilingDate,ECMDeal,FilingDate,false,false,,,false,documented,ECM_nn.xml,29,FilingDate | Filing Date | Date security was filed with the SEC.,
ECM,ecm.deal,Deal,"One row per ECM Deal, identified by DealId.",DealId,,FinancialsDate,Financials Date,Date of the financial statements that appear on the deal profile.,DateTime,datetime,,,/ECM/Deals/Deal/FinancialsDate,ECMDeal,FinancialsDate,false,false,,,false,documented,ECM_nn.xml,30,FinancialsDate | Financials Date | Date of the financial statements that appear on the deal profile.,
ECM,ecm.deal,Deal,"One row per ECM Deal, identified by DealId.",DealId,,FirstTradeDate,First Trade Date,Security's first day of trading on the stock exchange.,DateTime,datetime,,,/ECM/Deals/Deal/FirstTradeDate,ECMDeal,FirstTradeDate,false,false,,,false,documented,ECM_nn.xml,31,FirstTradeDate | First Trade Date | Security's first day of trading on the stock exchange.,
ECM,ecm.deal,Deal,"One row per ECM Deal, identified by DealId.",DealId,,GrossFeeDisclosed,Gross Fee (Disc),Total gross spread fee (disclosed) in dollars for the offering.,Money(4),money,,4,/ECM/Deals/Deal/GrossFeeDisclosed,ECMDealGrossFeeDisclosed,ECMDealDealId;CurrencyISOCode;Value,false,false,,,false,documented,ECM_nn.xml,32,GrossFeeDisclosed | Gross Fee (Disc) | Total gross spread fee (disclosed) in dollars for the offering.,
ECM,ecm.deal,Deal,"One row per ECM Deal, identified by DealId.",DealId,,Guarantors,Guarantor,Guarantors of the tranche.,Collection,collection,,,/ECM/Deals/Deal/Guarantors,ECMDealGuarantors,,false,false,,,true,documented,ECM_nn.xml,33,Guarantors | Guarantor | Guarantors of the tranche.,
ECM,ecm.deal,Deal,"One row per ECM Deal, identified by DealId.",DealId,,HasLoan,Syndicated Loan Flag,Banks had a prior lending relationship with the Issuer.,Bool,boolean,,,/ECM/Deals/Deal/HasLoan,ECMDeal,HasLoan,false,false,,,false,documented,ECM_nn.xml,34,HasLoan | Syndicated Loan Flag | Banks had a prior lending relationship with the Issuer.,
ECM,ecm.deal,Deal,"One row per ECM Deal, identified by DealId.",DealId,,InitialTermsDate,Initial Terms Date,Date security's initial terms were filed with the SEC.,DateTime,datetime,,,/ECM/Deals/Deal/InitialTermsDate,ECMDeal,InitialTermsDate,false,false,,,false,documented,ECM_nn.xml,35,InitialTermsDate | Initial Terms Date | Date security's initial terms were filed with the SEC.,
ECM,ecm.deal,Deal,"One row per ECM Deal, identified by DealId.",DealId,,IsBCCorSPAC,BCC/SPAC Flag,Indicates whether the issuer is a Blank Check Company or Special Purpose Acquisition Vehicle.,Bool,boolean,,,/ECM/Deals/Deal/IsBCCorSPAC,ECMDeal,IsBCCorSPAC,false,false,,,false,documented,ECM_nn.xml,36,IsBCCorSPAC | BCC/SPAC Flag | Indicates whether the issuer is a Blank Check Company or Special Purpose Acquisition Vehicle.,
ECM,ecm.deal,Deal,"One row per ECM Deal, identified by DealId.",DealId,,IsBDC,BDC Flag,Indicates whether the issuer is a Business Development Company.,Bool,boolean,,,/ECM/Deals/Deal/IsBDC,ECMDeal,IsBDC,false,false,,,false,documented,ECM_nn.xml,37,IsBDC | BDC Flag | Indicates whether the issuer is a Business Development Company.,
ECM,ecm.deal,Deal,"One row per ECM Deal, identified by DealId.",DealId,,IsBeneficialInterest,Shares of Beneficial Interest Flag,Identifies transaction as consisting of shares of beneficial interest.,Bool,boolean,,,/ECM/Deals/Deal/IsBeneficialInterest,ECMDeal,IsBeneficialInterest,false,false,,,false,documented,ECM_nn.xml,38,IsBeneficialInterest | Shares of Beneficial Interest Flag | Identifies transaction as consisting of shares of beneficial interest.,
ECM,ecm.deal,Deal,"One row per ECM Deal, identified by DealId.",DealId,,IsBestEfforts,Best Efforts Flag,Non-underwritten offering.,Bool,boolean,,,/ECM/Deals/Deal/IsBestEfforts,ECMDeal,IsBestEfforts,false,false,,,false,documented,ECM_nn.xml,39,IsBestEfforts | Best Efforts Flag | Non-underwritten offering.,
ECM,ecm.deal,Deal,"One row per ECM Deal, identified by DealId.",DealId,,IsCarveOut,Carve Out (Y/N),Set to true if the deal is a carve out.,Bool,boolean,,,/ECM/Deals/Deal/IsCarveOut,ECMDeal,IsCarveOut,false,false,,,false,documented,ECM_nn.xml,40,IsCarveOut | Carve Out (Y/N) | Set to true if the deal is a carve out.,
ECM,ecm.deal,Deal,"One row per ECM Deal, identified by DealId.",DealId,,IsCumulative,Cumulative Flag,Arrangement in which a payment due is carried over to the following period.,Bool,boolean,,,/ECM/Deals/Deal/IsCumulative,ECMDeal,IsCumulative,false,false,,,false,documented,ECM_nn.xml,41,IsCumulative | Cumulative Flag | Arrangement in which a payment due is carried over to the following period.,
ECM,ecm.deal,Deal,"One row per ECM Deal, identified by DealId.",DealId,,IsDeleted,Record deleted flag,Flag to indicate that the deal identified by the DealNo key value has been removed from the feed.,Bool,boolean,,,/ECM/Deals/Deal/IsDeleted,ECMDeal,IsDeleted,false,false,,,false,documented,ECM_nn.xml,42,IsDeleted | Record deleted flag | Flag to indicate that the deal identified by the DealNo key value has been removed from the feed.,
ECM,ecm.deal,Deal,"One row per ECM Deal, identified by DealId.",DealId,,IsFirstFollowOn,First Follow-On Flag,Issuers first follow-on following an IPO.,Bool,boolean,,,/ECM/Deals/Deal/IsFirstFollowOn,ECMDeal,IsFirstFollowOn,false,false,,,false,documented,ECM_nn.xml,43,IsFirstFollowOn | First Follow-On Flag | Issuers first follow-on following an IPO.,
ECM,ecm.deal,Deal,"One row per ECM Deal, identified by DealId.",DealId,,IsInternet,Internet Related Flag,Indicates if the issuer's primary business is internet-related.,Bool,boolean,,,/ECM/Deals/Deal/IsInternet,ECMDeal,IsInternet,false,false,,,false,documented,ECM_nn.xml,44,IsInternet | Internet Related Flag | Indicates if the issuer's primary business is internet-related.,
ECM,ecm.deal,Deal,"One row per ECM Deal, identified by DealId.",DealId,,IsMLP,MLP Flag,Indicates whether issuer is a Master Limited Partnership.,Bool,boolean,,,/ECM/Deals/Deal/IsMLP,ECMDeal,IsMLP,false,false,,,false,documented,ECM_nn.xml,45,IsMLP | MLP Flag | Indicates whether issuer is a Master Limited Partnership.,
ECM,ecm.deal,Deal,"One row per ECM Deal, identified by DealId.",DealId,,IsNewListing,New Listing Flag,Indicates whether the offering is an IPO or listing on a new exchange for the first time.,Bool,boolean,,,/ECM/Deals/Deal/IsNewListing,ECMDeal,IsNewListing,false,false,,,false,documented,ECM_nn.xml,46,IsNewListing | New Listing Flag | Indicates whether the offering is an IPO or listing on a new exchange for the first time.,
ECM,ecm.deal,Deal,"One row per ECM Deal, identified by DealId.",DealId,,IsNoExposureOvernight,No Trading Exposure (Overnight) Flag,Indicates the offering launched after the trading market had closed and priced before it reopened.,Bool,boolean,,,/ECM/Deals/Deal/IsNoExposureOvernight,ECMDeal,IsNoExposureOvernight,false,false,,,false,documented,ECM_nn.xml,47,IsNoExposureOvernight | No Trading Exposure (Overnight) Flag | Indicates the offering launched after the trading market had closed and priced before it reopened.,
ECM,ecm.deal,Deal,"One row per ECM Deal, identified by DealId.",DealId,,IsNonUsDomestic,Domestic Deal (non-US) Flag,Identifies a deal that has raised capital just in the domestic market.,Bool,boolean,,,/ECM/Deals/Deal/IsNonUsDomestic,ECMDeal,IsNonUsDomestic,false,false,,,false,documented,ECM_nn.xml,48,IsNonUsDomestic | Domestic Deal (non-US) Flag | Identifies a deal that has raised capital just in the domestic market.,
ECM,ecm.deal,Deal,"One row per ECM Deal, identified by DealId.",DealId,,IsOpenAuction,Open/Auction Deal Flag,Indicates whether the offering was sold via an open or Dutch auction.,Bool,boolean,,,/ECM/Deals/Deal/IsOpenAuction,ECMDeal,IsOpenAuction,false,false,,,false,documented,ECM_nn.xml,49,IsOpenAuction | Open/Auction Deal Flag | Indicates whether the offering was sold via an open or Dutch auction.,
ECM,ecm.deal,Deal,"One row per ECM Deal, identified by DealId.",DealId,,IsPermanentCapital,Permanent Capital Flag,Indicates whether the company is a Permanent Capital Vehicle.,Bool,boolean,,,/ECM/Deals/Deal/IsPermanentCapital,ECMDeal,IsPermanentCapital,false,false,,,false,documented,ECM_nn.xml,50,IsPermanentCapital | Permanent Capital Flag | Indicates whether the company is a Permanent Capital Vehicle.,
ECM,ecm.deal,Deal,"One row per ECM Deal, identified by DealId.",DealId,,IsPrivatization,Privatization Flag,"A state/government owned entity, which does an equity offering.",Bool,boolean,,,/ECM/Deals/Deal/IsPrivatization,ECMDeal,IsPrivatization,false,false,,,false,documented,ECM_nn.xml,51,"IsPrivatization | Privatization Flag | A state/government owned entity, which does an equity offering.",
ECM,ecm.deal,Deal,"One row per ECM Deal, identified by DealId.",DealId,,IsRedChip,Red Chip Flag,Companies incorporated and listed in Hong Kong whose main business is in mainland China.,Bool,boolean,,,/ECM/Deals/Deal/IsRedChip,ECMDeal,IsRedChip,false,false,,,false,documented,ECM_nn.xml,52,IsRedChip | Red Chip Flag | Companies incorporated and listed in Hong Kong whose main business is in mainland China.,
ECM,ecm.deal,Deal,"One row per ECM Deal, identified by DealId.",DealId,,IsRule415,Rule 415 Flag,Indicates if the offering is under the SEC rule allowing for shelf registrations to be issued in the future.,Bool,boolean,,,/ECM/Deals/Deal/IsRule415,ECMDeal,IsRule415,false,false,,,false,documented,ECM_nn.xml,53,IsRule415 | Rule 415 Flag | Indicates if the offering is under the SEC rule allowing for shelf registrations to be issued in the future.,
ECM,ecm.deal,Deal,"One row per ECM Deal, identified by DealId.",DealId,,IsSECRegistered,SEC Registered Flag,Indicates if the issue is registered with the SEC.,Bool,boolean,,,/ECM/Deals/Deal/IsSECRegistered,ECMDeal,IsSECRegistered,false,false,,,false,documented,ECM_nn.xml,54,IsSECRegistered | SEC Registered Flag | Indicates if the issue is registered with the SEC.,
ECM,ecm.deal,Deal,"One row per ECM Deal, identified by DealId.",DealId,,IsSelfFunded,Self Funded,"Indicates that the issuer on the deal matches any bank in any role on the syndicate, on at least one tranche of the deal.",Bool,boolean,,,/ECM/Deals/Deal/IsSelfFunded,ECMDeal,IsSelfFunded,false,false,,,false,documented,ECM_nn.xml,55,"IsSelfFunded | Self Funded | Indicates that the issuer on the deal matches any bank in any role on the syndicate, on at least one tranche of the deal.",
ECM,ecm.deal,Deal,"One row per ECM Deal, identified by DealId.",DealId,,IsShelfTakedown,Shelf Takedown Flag,Indicates if the security is being issued from a shelf registration.,Bool,boolean,,,/ECM/Deals/Deal/IsShelfTakedown,ECMDeal,IsShelfTakedown,false,false,,,false,documented,ECM_nn.xml,56,IsShelfTakedown | Shelf Takedown Flag | Indicates if the security is being issued from a shelf registration.,
ECM,ecm.deal,Deal,"One row per ECM Deal, identified by DealId.",DealId,,IsSimultaneousOffering,Simultaneous Offering Flag,Indicates whether the issuer is simultaneously offering a different security.,Bool,boolean,,,/ECM/Deals/Deal/IsSimultaneousOffering,ECMDeal,IsSimultaneousOffering,false,false,,,false,documented,ECM_nn.xml,57,IsSimultaneousOffering | Simultaneous Offering Flag | Indicates whether the issuer is simultaneously offering a different security.,
ECM,ecm.deal,Deal,"One row per ECM Deal, identified by DealId.",DealId,,IsSponsorRelated,Financial Sponsor Related Flag,Indicates whether there is a Financial Sponsor on the deal.,Bool,boolean,,,/ECM/Deals/Deal/IsSponsorRelated,ECMDeal,IsSponsorRelated,false,false,,,false,documented,ECM_nn.xml,58,IsSponsorRelated | Financial Sponsor Related Flag | Indicates whether there is a Financial Sponsor on the deal.,
ECM,ecm.deal,Deal,"One row per ECM Deal, identified by DealId.",DealId,,IssuerId,ECM Issuer,Pointer to the Company Record for the Issuer of the deal.,Int,integer,,,/ECM/Deals/Deal/IssuerId,ECMDeal,IssuerId,false,true,company.company,Id,false,documented,ECM_nn.xml,59,IssuerId | ECM Issuer | Pointer to the Company Record for the Issuer of the deal.,
ECM,ecm.deal,Deal,"One row per ECM Deal, identified by DealId.",DealId,,IssuerRevenue,Revenue,Issuer revenue for the fiscal year displayed in the deal profile.,Money(3),money,,3,/ECM/Deals/Deal/IssuerRevenue,ECMDealIssuerRevenue,ECMDealDealId;CurrencyISOCode;Value,false,false,,,false,documented,ECM_nn.xml,60,IssuerRevenue | Revenue | Issuer revenue for the fiscal year displayed in the deal profile.,
ECM,ecm.deal,Deal,"One row per ECM Deal, identified by DealId.",DealId,,IsTrackingStock,Tracking Stock Flag,Stock which pays a dividend based on the performance of a part of a company.,Bool,boolean,,,/ECM/Deals/Deal/IsTrackingStock,ECMDeal,IsTrackingStock,false,false,,,false,documented,ECM_nn.xml,61,IsTrackingStock | Tracking Stock Flag | Stock which pays a dividend based on the performance of a part of a company.,
ECM,ecm.deal,Deal,"One row per ECM Deal, identified by DealId.",DealId,,IsUSIPO,US IPO Flag,Indicates whether the offering is the first time an issuer has made a public offering in the US.,Bool,boolean,,,/ECM/Deals/Deal/IsUSIPO,ECMDeal,IsUSIPO,false,false,,,false,documented,ECM_nn.xml,62,IsUSIPO | US IPO Flag | Indicates whether the offering is the first time an issuer has made a public offering in the US.,
ECM,ecm.deal,Deal,"One row per ECM Deal, identified by DealId.",DealId,,IsUSMarketed,Deal US Marketed Flag,Sold to US investors either SEC registered or 144A.,Bool,boolean,,,/ECM/Deals/Deal/IsUSMarketed,ECMDeal,IsUSMarketed,false,false,,,false,documented,ECM_nn.xml,63,IsUSMarketed | Deal US Marketed Flag | Sold to US investors either SEC registered or 144A.,
ECM,ecm.deal,Deal,"One row per ECM Deal, identified by DealId.",DealId,,IsWithdrawnPostLaunch,Withdrawn Post Launch Flag,Indicates whether an offering was withdrawn after the start of the launch period.,Bool,boolean,,,/ECM/Deals/Deal/IsWithdrawnPostLaunch,ECMDeal,IsWithdrawnPostLaunch,false,false,,,false,documented,ECM_nn.xml,64,IsWithdrawnPostLaunch | Withdrawn Post Launch Flag | Indicates whether an offering was withdrawn after the start of the launch period.,
ECM,ecm.deal,Deal,"One row per ECM Deal, identified by DealId.",DealId,,LatestFilingDate,Latest Filing Date,"Latest of filing date, initial terms date or revision date.",DateTime,datetime,,,/ECM/Deals/Deal/LatestFilingDate,ECMDeal,LatestFilingDate,false,false,,,false,documented,ECM_nn.xml,65,"LatestFilingDate | Latest Filing Date | Latest of filing date, initial terms date or revision date.",
ECM,ecm.deal,Deal,"One row per ECM Deal, identified by DealId.",DealId,,LBOMNADeals,LBO MNA Deals,Link to original LBO of portfolio company in the case of sponsor backed deals.,Collection,collection,,,/ECM/Deals/Deal/LBOMNADeals,ECMDealLBOMNADeals,,false,false,,,true,documented,ECM_nn.xml,66,LBOMNADeals | LBO MNA Deals | Link to original LBO of portfolio company in the case of sponsor backed deals.,
ECM,ecm.deal,Deal,"One row per ECM Deal, identified by DealId.",DealId,,Listings,Stock Exchanges,List of Stock Exchanges where the transaction is being listed.,Collection,collection,,,/ECM/Deals/Deal/Listings,ECMDealListings,,false,false,,,true,documented,ECM_nn.xml,67,Listings | Stock Exchanges | List of Stock Exchanges where the transaction is being listed.,
ECM,ecm.deal,Deal,"One row per ECM Deal, identified by DealId.",DealId,,LockupExpiryDate,Lock-up Expiration Date,"Expiration date of the lock-up period, in case of multiple lock-up periods the shortest period.",DateTime,datetime,,,/ECM/Deals/Deal/LockupExpiryDate,ECMDeal,LockupExpiryDate,false,false,,,false,documented,ECM_nn.xml,68,"LockupExpiryDate | Lock-up Expiration Date | Expiration date of the lock-up period, in case of multiple lock-up periods the shortest period.",
ECM,ecm.deal,Deal,"One row per ECM Deal, identified by DealId.",DealId,,LockupNote,Lockup Note,Comment on the lockup,String(1000),string,1000,,/ECM/Deals/Deal/LockupNote,ECMDeal,LockupNote,false,false,,,false,documented,ECM_nn.xml,69,LockupNote | Lockup Note | Comment on the lockup,
ECM,ecm.deal,Deal,"One row per ECM Deal, identified by DealId.",DealId,,LockupProvisionDays,Lockup Provision,Period of time following an IPO where options cannot be sold,Int,integer,,,/ECM/Deals/Deal/LockupProvisionDays,ECMDeal,LockupProvisionDays,false,false,,,false,documented,ECM_nn.xml,70,LockupProvisionDays | Lockup Provision | Period of time following an IPO where options cannot be sold,
ECM,ecm.deal,Deal,"One row per ECM Deal, identified by DealId.",DealId,,LockupShares,Lockup Shares,The number of shares the Lock-Up entity owns which are subject to the lock-up,Float,float,,,/ECM/Deals/Deal/LockupShares,ECMDeal,LockupShares,false,false,,,false,documented,ECM_nn.xml,71,LockupShares | Lockup Shares | The number of shares the Lock-Up entity owns which are subject to the lock-up,
ECM,ecm.deal,Deal,"One row per ECM Deal, identified by DealId.",DealId,,MarketCapital,Market Value,Indicates the issuer's market capitalization upon completion of the offer.,Money(4),money,,4,/ECM/Deals/Deal/MarketCapital,ECMDealMarketCapital,ECMDealDealId;CurrencyISOCode;Value,false,false,,,false,documented,ECM_nn.xml,72,MarketCapital | Market Value | Indicates the issuer's market capitalization upon completion of the offer.,
ECM,ecm.deal,Deal,"One row per ECM Deal, identified by DealId.",DealId,,MarketCapitalPostDealIncludingOverallotment,Market Value (Post Deal incl Ovl),The market value of the issuing company after the deal is executed expressed in the Deal's (head tranche's) currency.,Money(4),money,,4,/ECM/Deals/Deal/MarketCapitalPostDealIncludingOverallotment,ECMDealMarketCapitalPostDealIncludingOverallotment,ECMDealDealId;CurrencyISOCode;Value,false,false,,,false,documented,ECM_nn.xml,73,MarketCapitalPostDealIncludingOverallotment | Market Value (Post Deal incl Ovl) | The market value of the issuing company after the deal is executed expressed in the Deal's (head tranche's) currency.,
ECM,ecm.deal,Deal,"One row per ECM Deal, identified by DealId.",DealId,,MarketCapitalPreDeal,Market Value (Pre Deal),The market value of the issuing company before the deal is executed expressed in the Deal's (head tranche's) currency.,Money(4),money,,4,/ECM/Deals/Deal/MarketCapitalPreDeal,ECMDealMarketCapitalPreDeal,ECMDealDealId;CurrencyISOCode;Value,false,false,,,false,documented,ECM_nn.xml,74,MarketCapitalPreDeal | Market Value (Pre Deal) | The market value of the issuing company before the deal is executed expressed in the Deal's (head tranche's) currency.,
ECM,ecm.deal,Deal,"One row per ECM Deal, identified by DealId.",DealId,,MarketListingFee,Market Listing Fees,Fees associated with listing the issue on the market exchange.,Money(3),money,,3,/ECM/Deals/Deal/MarketListingFee,ECMDealMarketListingFee,ECMDealDealId;CurrencyISOCode;Value,false,false,,,false,documented,ECM_nn.xml,75,MarketListingFee | Market Listing Fees | Fees associated with listing the issue on the market exchange.,
ECM,ecm.deal,Deal,"One row per ECM Deal, identified by DealId.",DealId,,MiscellaneousFee,Miscellaneous Fees,Other fees associated with the issue.,Money(3),money,,3,/ECM/Deals/Deal/MiscellaneousFee,ECMDealMiscellaneousFee,ECMDealDealId;CurrencyISOCode;Value,false,false,,,false,documented,ECM_nn.xml,76,MiscellaneousFee | Miscellaneous Fees | Other fees associated with the issue.,
ECM,ecm.deal,Deal,"One row per ECM Deal, identified by DealId.",DealId,,MNAAnnouncementDate,M&A Announcement Date,Date on which related M&A deal was announced.,DateTime,datetime,,,/ECM/Deals/Deal/MNAAnnouncementDate,ECMDeal,MNAAnnouncementDate,false,false,,,false,documented,ECM_nn.xml,77,MNAAnnouncementDate | M&A Announcement Date | Date on which related M&A deal was announced.,
ECM,ecm.deal,Deal,"One row per ECM Deal, identified by DealId.",DealId,,MNACompletionDate,M&A Completion Date,Date on which related M&A deal completed.,DateTime,datetime,,,/ECM/Deals/Deal/MNACompletionDate,ECMDeal,MNACompletionDate,false,false,,,false,documented,ECM_nn.xml,78,MNACompletionDate | M&A Completion Date | Date on which related M&A deal completed.,
ECM,ecm.deal,Deal,"One row per ECM Deal, identified by DealId.",DealId,,MNAValue,M&A Value,Value of related M&A deal.,Money(4),money,,4,/ECM/Deals/Deal/MNAValue,ECMDealMNAValue,ECMDealDealId;CurrencyISOCode;Value,false,false,,,false,documented,ECM_nn.xml,79,MNAValue | M&A Value | Value of related M&A deal.,
ECM,ecm.deal,Deal,"One row per ECM Deal, identified by DealId.",DealId,,NASDFee,NASD Filing Fees,Fee associated with filing issue with the NASD.,Money(3),money,,3,/ECM/Deals/Deal/NASDFee,ECMDealNASDFee,ECMDealDealId;CurrencyISOCode;Value,false,false,,,false,documented,ECM_nn.xml,80,NASDFee | NASD Filing Fees | Fee associated with filing issue with the NASD.,
ECM,ecm.deal,Deal,"One row per ECM Deal, identified by DealId.",DealId,,NationalityISOCode,Nationality,The ISO code of the Nationality associated with the deal.,String(3),string,3,,/ECM/Deals/Deal/NationalityISOCode,ECMDeal,NationalityISOCode,false,false,,,false,documented,ECM_nn.xml,81,NationalityISOCode | Nationality | The ISO code of the Nationality associated with the deal.,
ECM,ecm.deal,Deal,"One row per ECM Deal, identified by DealId.",DealId,,OfferPrice,Offer Price,Offer price in tranche's local currency.,Money(4),money,,4,/ECM/Deals/Deal/OfferPrice,ECMDealOfferPrice,ECMDealDealId;CurrencyISOCode;Value,false,false,,,false,documented,ECM_nn.xml,82,OfferPrice | Offer Price | Offer price in tranche's local currency.,
ECM,ecm.deal,Deal,"One row per ECM Deal, identified by DealId.",DealId,,OverallotmentExercisedDate,Overallotment Date,Date on which the Overallotment Option on the deal was exercised.,DateTime,datetime,,,/ECM/Deals/Deal/OverallotmentExercisedDate,ECMDeal,OverallotmentExercisedDate,false,false,,,false,documented,ECM_nn.xml,83,OverallotmentExercisedDate | Overallotment Date | Date on which the Overallotment Option on the deal was exercised.,
ECM,ecm.deal,Deal,"One row per ECM Deal, identified by DealId.",DealId,,OverallotmentSharesExercised,Ovl Exercised (Shares),Number of overallotment shares that are offered,Decimal(4),decimal,,4,/ECM/Deals/Deal/OverallotmentSharesExercised,ECMDeal,OverallotmentSharesExercised,false,false,,,false,documented,ECM_nn.xml,84,OverallotmentSharesExercised | Ovl Exercised (Shares) | Number of overallotment shares that are offered,
ECM,ecm.deal,Deal,"One row per ECM Deal, identified by DealId.",DealId,,OverallotmentValueExercised,Ovl Value $,Overallotment in all tranches,Money(4),money,,4,/ECM/Deals/Deal/OverallotmentValueExercised,ECMDealOverallotmentValueExercised,ECMDealDealId;CurrencyISOCode;Value,false,false,,,false,documented,ECM_nn.xml,85,OverallotmentValueExercised | Ovl Value $ | Overallotment in all tranches,
ECM,ecm.deal,Deal,"One row per ECM Deal, identified by DealId.",DealId,,PERatio,P/E Ratio,Price to earnings ratio from the end of the last fiscal year.,Decimal(4),decimal,,4,/ECM/Deals/Deal/PERatio,ECMDeal,PERatio,false,false,,,false,documented,ECM_nn.xml,86,PERatio | P/E Ratio | Price to earnings ratio from the end of the last fiscal year.,
ECM,ecm.deal,Deal,"One row per ECM Deal, identified by DealId.",DealId,,PricingDate,Pricing Date,Date the security is priced.,DateTime,datetime,,,/ECM/Deals/Deal/PricingDate,ECMDeal,PricingDate,false,false,,,false,documented,ECM_nn.xml,87,PricingDate | Pricing Date | Date the security is priced.,
ECM,ecm.deal,Deal,"One row per ECM Deal, identified by DealId.",DealId,,PrimarySharesOffered,Shares Offered (Primary Shares),Total primary (new) shares including any primary (new) overallotment shares sold in the offering.,Decimal(4),decimal,,4,/ECM/Deals/Deal/PrimarySharesOffered,ECMDeal,PrimarySharesOffered,false,false,,,false,documented,ECM_nn.xml,88,PrimarySharesOffered | Shares Offered (Primary Shares) | Total primary (new) shares including any primary (new) overallotment shares sold in the offering.,
ECM,ecm.deal,Deal,"One row per ECM Deal, identified by DealId.",DealId,,PrimarySharesOfferedPercent,Shares by Issuer as %,Percentage number of primary (new) shares from total shares offered.,Decimal(4),decimal,,4,/ECM/Deals/Deal/PrimarySharesOfferedPercent,ECMDeal,PrimarySharesOfferedPercent,false,false,,,false,documented,ECM_nn.xml,89,PrimarySharesOfferedPercent | Shares by Issuer as % | Percentage number of primary (new) shares from total shares offered.,
ECM,ecm.deal,Deal,"One row per ECM Deal, identified by DealId.",DealId,,PrintingFee,Printing Fees,Fee charged by financial printer for red herring and prospectus printing.,Money(3),money,,3,/ECM/Deals/Deal/PrintingFee,ECMDealPrintingFee,ECMDealDealId;CurrencyISOCode;Value,false,false,,,false,documented,ECM_nn.xml,90,PrintingFee | Printing Fees | Fee charged by financial printer for red herring and prospectus printing.,
ECM,ecm.deal,Deal,"One row per ECM Deal, identified by DealId.",DealId,,ProFormaValue,Pro-Forma Value,Total amount including overallotment for priced deals or total amount expected to be offered for expected deals for all rank eligible tranches expressed in currencies.,Money(4),money,,4,/ECM/Deals/Deal/ProFormaValue,ECMDealProFormaValue,ECMDealDealId;CurrencyISOCode;Value,false,false,,,false,documented,ECM_nn.xml,91,ProFormaValue | Pro-Forma Value | Total amount including overallotment for priced deals or total amount expected to be offered for expected deals for all rank eligible tranches expressed in currencies.,
ECM,ecm.deal,Deal,"One row per ECM Deal, identified by DealId.",DealId,,ProspectusOffDate,Prospectus Off Date,"For SEC registered deals, date by which point final prospectus must be delivered to investors. 180 days from Trade Date.",DateTime,datetime,,,/ECM/Deals/Deal/ProspectusOffDate,ECMDeal,ProspectusOffDate,false,false,,,false,documented,ECM_nn.xml,92,"ProspectusOffDate | Prospectus Off Date | For SEC registered deals, date by which point final prospectus must be delivered to investors. 180 days from Trade Date.",
ECM,ecm.deal,Deal,"One row per ECM Deal, identified by DealId.",DealId,,RevisedPremium,Revised Premium,Premium in the last revision statement .,String(15),string,15,,/ECM/Deals/Deal/RevisedPremium,ECMDeal,RevisedPremium,false,false,,,false,documented,ECM_nn.xml,93,RevisedPremium | Revised Premium | Premium in the last revision statement .,
ECM,ecm.deal,Deal,"One row per ECM Deal, identified by DealId.",DealId,,RevisedRangeHigh,Revised Range High,High end of pricing range in the latest revision statement.,Money(4),money,,4,/ECM/Deals/Deal/RevisedRangeHigh,ECMDealRevisedRangeHigh,ECMDealDealId;CurrencyISOCode;Value,false,false,,,false,documented,ECM_nn.xml,94,RevisedRangeHigh | Revised Range High | High end of pricing range in the latest revision statement.,
ECM,ecm.deal,Deal,"One row per ECM Deal, identified by DealId.",DealId,,RevisedRangeLow,Revised Range Low,Low end of pricing range in the latest revision statement.,Money(4),money,,4,/ECM/Deals/Deal/RevisedRangeLow,ECMDealRevisedRangeLow,ECMDealDealId;CurrencyISOCode;Value,false,false,,,false,documented,ECM_nn.xml,95,RevisedRangeLow | Revised Range Low | Low end of pricing range in the latest revision statement.,
ECM,ecm.deal,Deal,"One row per ECM Deal, identified by DealId.",DealId,,RevisionDate,Revision Date,Date the latest revision was filed with the SEC,DateTime,datetime,,,/ECM/Deals/Deal/RevisionDate,ECMDeal,RevisionDate,false,false,,,false,documented,ECM_nn.xml,96,RevisionDate | Revision Date | Date the latest revision was filed with the SEC,
ECM,ecm.deal,Deal,"One row per ECM Deal, identified by DealId.",DealId,,RevisionDirectionId,Tranche Revision Direction,Indicates what amount the revision specifies as compared to the original filing of the tranche.,Int,integer,,,/ECM/Deals/Deal/RevisionDirectionId,ECMDeal,RevisionDirectionId,false,true,reference_files.ecmrevisiondirection,Id,false,documented,ECM_nn.xml,97,RevisionDirectionId | Tranche Revision Direction | Indicates what amount the revision specifies as compared to the original filing of the tranche.,
ECM,ecm.deal,Deal,"One row per ECM Deal, identified by DealId.",DealId,,RightsDiscountToTERP,Discount to TERP,Percentage the offer price is discounted by in relation to the TERP. Negative values indicate a discount.,Decimal(4),decimal,,4,/ECM/Deals/Deal/RightsDiscountToTERP,ECMDeal,RightsDiscountToTERP,false,false,,,false,documented,ECM_nn.xml,98,RightsDiscountToTERP | Discount to TERP | Percentage the offer price is discounted by in relation to the TERP. Negative values indicate a discount.,
ECM,ecm.deal,Deal,"One row per ECM Deal, identified by DealId.",DealId,,RightsRatio,Rights Ratio,"The entitlement ratio for existing shareholders expressed in a new-for-old format, expressed as a ratio.",String(100),string,100,,/ECM/Deals/Deal/RightsRatio,ECMDeal,RightsRatio,false,false,,,false,documented,ECM_nn.xml,99,"RightsRatio | Rights Ratio | The entitlement ratio for existing shareholders expressed in a new-for-old format, expressed as a ratio.",
ECM,ecm.deal,Deal,"One row per ECM Deal, identified by DealId.",DealId,,RightsRatioFactor,Rights Ratio factor,"The entitlement ratio for existing shareholders expressed in a new-for-old format, expressed as a decimal.",Decimal(4),decimal,,4,/ECM/Deals/Deal/RightsRatioFactor,ECMDeal,RightsRatioFactor,false,false,,,false,documented,ECM_nn.xml,100,"RightsRatioFactor | Rights Ratio factor | The entitlement ratio for existing shareholders expressed in a new-for-old format, expressed as a decimal.",
ECM,ecm.deal,Deal,"One row per ECM Deal, identified by DealId.",DealId,,RightsRatioNewShares,Rights Ratio (New),Numerator number in a Rights Ratio.,Decimal(4),decimal,,4,/ECM/Deals/Deal/RightsRatioNewShares,ECMDeal,RightsRatioNewShares,false,false,,,false,documented,ECM_nn.xml,101,RightsRatioNewShares | Rights Ratio (New) | Numerator number in a Rights Ratio.,
ECM,ecm.deal,Deal,"One row per ECM Deal, identified by DealId.",DealId,,RightsRatioOldShares,Rights Ratio (Old),Denominator number in a Rights Ratio.,Decimal(4),decimal,,4,/ECM/Deals/Deal/RightsRatioOldShares,ECMDeal,RightsRatioOldShares,false,false,,,false,documented,ECM_nn.xml,102,RightsRatioOldShares | Rights Ratio (Old) | Denominator number in a Rights Ratio.,
ECM,ecm.deal,Deal,"One row per ECM Deal, identified by DealId.",DealId,,RoadShowEndDate,Roadshow End Date,Date on which roadshows for the deal ended.,DateTime,datetime,,,/ECM/Deals/Deal/RoadShowEndDate,ECMDeal,RoadShowEndDate,false,false,,,false,documented,ECM_nn.xml,103,RoadShowEndDate | Roadshow End Date | Date on which roadshows for the deal ended.,
ECM,ecm.deal,Deal,"One row per ECM Deal, identified by DealId.",DealId,,RoadShowStartDate,Roadshow Start Date,Date on which roadshows for the deal started.,DateTime,datetime,,,/ECM/Deals/Deal/RoadShowStartDate,ECMDeal,RoadShowStartDate,false,false,,,false,documented,ECM_nn.xml,104,RoadShowStartDate | Roadshow Start Date | Date on which roadshows for the deal started.,
ECM,ecm.deal,Deal,"One row per ECM Deal, identified by DealId.",DealId,,SECFileForm,SEC File Form,Type of Securities and Exchange Commission filing.,String(12),string,12,,/ECM/Deals/Deal/SECFileForm,ECMDeal,SECFileForm,false,false,,,false,documented,ECM_nn.xml,105,SECFileForm | SEC File Form | Type of Securities and Exchange Commission filing.,
ECM,ecm.deal,Deal,"One row per ECM Deal, identified by DealId.",DealId,,SecondarySharesOffered,SecondarySharesOffered,Total secondary (existing) shares including any secondary (existing) overallotment shares sold in the offering.,Decimal(0),decimal,,0,/ECM/Deals/Deal/SecondarySharesOffered,ECMDeal,SecondarySharesOffered,false,false,,,false,documented,ECM_nn.xml,106,SecondarySharesOffered | SecondarySharesOffered | Total secondary (existing) shares including any secondary (existing) overallotment shares sold in the offering.,
ECM,ecm.deal,Deal,"One row per ECM Deal, identified by DealId.",DealId,,SecondarySharesOfferedPercent,Shares by Shareholder as %,Percentage number of secondary (existing) shares from total shares offered.,Decimal(4),decimal,,4,/ECM/Deals/Deal/SecondarySharesOfferedPercent,ECMDeal,SecondarySharesOfferedPercent,false,false,,,false,documented,ECM_nn.xml,107,SecondarySharesOfferedPercent | Shares by Shareholder as % | Percentage number of secondary (existing) shares from total shares offered.,
ECM,ecm.deal,Deal,"One row per ECM Deal, identified by DealId.",DealId,,SECRegistrationFee,SEC Registration Fee,Fee associated with registering issue with the SEC.,Money(3),money,,3,/ECM/Deals/Deal/SECRegistrationFee,ECMDealSECRegistrationFee,ECMDealDealId;CurrencyISOCode;Value,false,false,,,false,documented,ECM_nn.xml,108,SECRegistrationFee | SEC Registration Fee | Fee associated with registering issue with the SEC.,
ECM,ecm.deal,Deal,"One row per ECM Deal, identified by DealId.",DealId,,SECRegistrationNumber,Registration #,Number assigned to the offering by the SEC.,String(15),string,15,,/ECM/Deals/Deal/SECRegistrationNumber,ECMDeal,SECRegistrationNumber,false,false,,,false,documented,ECM_nn.xml,109,SECRegistrationNumber | Registration # | Number assigned to the offering by the SEC.,
ECM,ecm.deal,Deal,"One row per ECM Deal, identified by DealId.",DealId,,SettlementDate,Settlement Date,Date an executed transaction must be settled.,DateTime,datetime,,,/ECM/Deals/Deal/SettlementDate,ECMDeal,SettlementDate,false,false,,,false,documented,ECM_nn.xml,110,SettlementDate | Settlement Date | Date an executed transaction must be settled.,
ECM,ecm.deal,Deal,"One row per ECM Deal, identified by DealId.",DealId,,ShareDescription,Share Description,Free text describing shares in the offering.,String(100),string,100,,/ECM/Deals/Deal/ShareDescription,ECMDeal,ShareDescription,false,false,,,false,documented,ECM_nn.xml,111,ShareDescription | Share Description | Free text describing shares in the offering.,
ECM,ecm.deal,Deal,"One row per ECM Deal, identified by DealId.",DealId,,SharesInitial,Shares Initial,Number of shares initially announced or filed,Decimal(4),decimal,,4,/ECM/Deals/Deal/SharesInitial,ECMDeal,SharesInitial,false,false,,,false,documented,ECM_nn.xml,112,SharesInitial | Shares Initial | Number of shares initially announced or filed,
ECM,ecm.deal,Deal,"One row per ECM Deal, identified by DealId.",DealId,,SharesOffered,Shares Offered,Total shares including overallotment offered in all tranches.,Decimal(0),decimal,,0,/ECM/Deals/Deal/SharesOffered,ECMDeal,SharesOffered,false,false,,,false,documented,ECM_nn.xml,113,SharesOffered | Shares Offered | Total shares including overallotment offered in all tranches.,
ECM,ecm.deal,Deal,"One row per ECM Deal, identified by DealId.",DealId,,SharesOfferedExcludingOverallotment,Share Offered Excl Ovl,Number of shares offered excluding overallotment shares,Decimal (4),decimal,,4,/ECM/Deals/Deal/SharesOfferedExcludingOverallotment,ECMDeal,SharesOfferedExcludingOverallotment,false,false,,,false,documented,ECM_nn.xml,114,SharesOfferedExcludingOverallotment | Share Offered Excl Ovl | Number of shares offered excluding overallotment shares,
ECM,ecm.deal,Deal,"One row per ECM Deal, identified by DealId.",DealId,,SharesOutstandingPostDealExcludingOverallotment,Shares Outstanding,Number of outstanding shares after the offer.,Decimal(0),decimal,,0,/ECM/Deals/Deal/SharesOutstandingPostDealExcludingOverallotment,ECMDeal,SharesOutstandingPostDealExcludingOverallotment,false,false,,,false,documented,ECM_nn.xml,115,SharesOutstandingPostDealExcludingOverallotment | Shares Outstanding | Number of outstanding shares after the offer.,
ECM,ecm.deal,Deal,"One row per ECM Deal, identified by DealId.",DealId,,SharesOutstandingPostDealIncludingOverallotment,Shares Outstanding (Post Deal incl Ovl),"Number of shares issued and outstanding post deal, including overallotment if exercised.",Decimal(0),decimal,,0,/ECM/Deals/Deal/SharesOutstandingPostDealIncludingOverallotment,ECMDeal,SharesOutstandingPostDealIncludingOverallotment,false,false,,,false,documented,ECM_nn.xml,116,"SharesOutstandingPostDealIncludingOverallotment | Shares Outstanding (Post Deal incl Ovl) | Number of shares issued and outstanding post deal, including overallotment if exercised.",
ECM,ecm.deal,Deal,"One row per ECM Deal, identified by DealId.",DealId,,SharesOutstandingPreDeal,Shares Outstanding (Pre Deal),Number of shares issues and outstanding pre-deal.,Decimal(0),decimal,,0,/ECM/Deals/Deal/SharesOutstandingPreDeal,ECMDeal,SharesOutstandingPreDeal,false,false,,,false,documented,ECM_nn.xml,117,SharesOutstandingPreDeal | Shares Outstanding (Pre Deal) | Number of shares issues and outstanding pre-deal.,
ECM,ecm.deal,Deal,"One row per ECM Deal, identified by DealId.",DealId,,SharesRevised,Shares Revised,Global Shares filed in all tranches as of last revision statement .,Decimal(0),decimal,,0,/ECM/Deals/Deal/SharesRevised,ECMDeal,SharesRevised,false,false,,,false,documented,ECM_nn.xml,118,SharesRevised | Shares Revised | Global Shares filed in all tranches as of last revision statement .,
ECM,ecm.deal,Deal,"One row per ECM Deal, identified by DealId.",DealId,,SharesRevisedExcludingOverallotment,SharesRevisedExcludingOverallotment,Total shares filed excluding overallotment for all rank eligible tranches as of last revision statement.,Decimal (4),decimal,,4,/ECM/Deals/Deal/SharesRevisedExcludingOverallotment,ECMDeal,SharesRevisedExcludingOverallotment,false,false,,,false,documented,ECM_nn.xml,119,SharesRevisedExcludingOverallotment | SharesRevisedExcludingOverallotment | Total shares filed excluding overallotment for all rank eligible tranches as of last revision statement.,
ECM,ecm.deal,Deal,"One row per ECM Deal, identified by DealId.",DealId,,ShelfDate,Shelf Date,Date the shelf was registered with the SEC.,DateTime,datetime,,,/ECM/Deals/Deal/ShelfDate,ECMDeal,ShelfDate,false,false,,,false,documented,ECM_nn.xml,120,ShelfDate | Shelf Date | Date the shelf was registered with the SEC.,
ECM,ecm.deal,Deal,"One row per ECM Deal, identified by DealId.",DealId,,ShelfSharesPrimary,Shelf Shares Primary,Number of primary shares filed in a shelf offering.,Decimal(0),decimal,,0,/ECM/Deals/Deal/ShelfSharesPrimary,ECMDeal,ShelfSharesPrimary,false,false,,,false,documented,ECM_nn.xml,121,ShelfSharesPrimary | Shelf Shares Primary | Number of primary shares filed in a shelf offering.,
ECM,ecm.deal,Deal,"One row per ECM Deal, identified by DealId.",DealId,,ShelfSharesSecondary,Shelf Shares Secondary,Number of secondary shares filed in a shelf offering.,Decimal(0),decimal,,0,/ECM/Deals/Deal/ShelfSharesSecondary,ECMDeal,ShelfSharesSecondary,false,false,,,false,documented,ECM_nn.xml,122,ShelfSharesSecondary | Shelf Shares Secondary | Number of secondary shares filed in a shelf offering.,
ECM,ecm.deal,Deal,"One row per ECM Deal, identified by DealId.",DealId,,ShelfTypeId,Shelf Type,Type of shelf filing.,Int,integer,,,/ECM/Deals/Deal/ShelfTypeId,ECMDeal,ShelfTypeId,false,true,reference_files.ecmshelftype,Id,false,documented,ECM_nn.xml,123,ShelfTypeId | Shelf Type | Type of shelf filing.,
ECM,ecm.deal,Deal,"One row per ECM Deal, identified by DealId.",DealId,,ShelfValue,Shelf Value,Value of the shelf registration.,Money(3),money,,3,/ECM/Deals/Deal/ShelfValue,ECMDealShelfValue,ECMDealDealId;CurrencyISOCode;Value,false,false,,,false,documented,ECM_nn.xml,124,ShelfValue | Shelf Value | Value of the shelf registration.,
ECM,ecm.deal,Deal,"One row per ECM Deal, identified by DealId.",DealId,,StockholdersEquity,Stockholders Equity,Stockholders equity for prior 12 months (specified date in profile).,Money(3),money,,3,/ECM/Deals/Deal/StockholdersEquity,ECMDealStockholdersEquity,ECMDealDealId;CurrencyISOCode;Value,false,false,,,false,documented,ECM_nn.xml,125,StockholdersEquity | Stockholders Equity | Stockholders equity for prior 12 months (specified date in profile).,
ECM,ecm.deal,Deal,"One row per ECM Deal, identified by DealId.",DealId,,SubTypes,SubType,Multivalue field.,Collection,collection,,,/ECM/Deals/Deal/SubTypes,ECMDealSubTypes,,false,false,,,true,documented,ECM_nn.xml,126,SubTypes | SubType | Multivalue field.,
ECM,ecm.deal,Deal,"One row per ECM Deal, identified by DealId.",DealId,,TERP,TERP,"Theoretical Ex-Rights Price, expressed in currency terms.",Money(4),money,,4,/ECM/Deals/Deal/TERP,ECMDealTERP,ECMDealDealId;CurrencyISOCode;Value,false,false,,,false,documented,ECM_nn.xml,127,"TERP | TERP | Theoretical Ex-Rights Price, expressed in currency terms.",
ECM,ecm.deal,Deal,"One row per ECM Deal, identified by DealId.",DealId,,Ticker,Deal Ticker Symbol,Ticker symbol for head tranche offering.,String(10),string,10,,/ECM/Deals/Deal/Ticker,ECMDeal,Ticker,false,false,,,false,documented,ECM_nn.xml,128,Ticker | Deal Ticker Symbol | Ticker symbol for head tranche offering.,
ECM,ecm.deal,Deal,"One row per ECM Deal, identified by DealId.",DealId,,TotalAssets,Total Assets,Issuer's total assets for prior 12 months (specified date in profile).,Money(3),money,,3,/ECM/Deals/Deal/TotalAssets,ECMDealTotalAssets,ECMDealDealId;CurrencyISOCode;Value,false,false,,,false,documented,ECM_nn.xml,129,TotalAssets | Total Assets | Issuer's total assets for prior 12 months (specified date in profile).,
ECM,ecm.deal,Deal,"One row per ECM Deal, identified by DealId.",DealId,,TotalGrossFeeDisclosed,Gross Fee (Disc),Total gross spread fee (disclosed) in dollars for the offering.,Money(4),money,,4,/ECM/Deals/Deal/TotalGrossFeeDisclosed,ECMDealTotalGrossFeeDisclosed,ECMDealDealId;CurrencyISOCode;Value,false,false,,,false,documented,ECM_nn.xml,130,TotalGrossFeeDisclosed | Gross Fee (Disc) | Total gross spread fee (disclosed) in dollars for the offering.,
ECM,ecm.deal,Deal,"One row per ECM Deal, identified by DealId.",DealId,,TotalLiabilities,Total Liabilities,Issuer's total debt for prior 12 months (specified date in profile).,Money(3),money,,3,/ECM/Deals/Deal/TotalLiabilities,ECMDealTotalLiabilities,ECMDealDealId;CurrencyISOCode;Value,false,false,,,false,documented,ECM_nn.xml,131,TotalLiabilities | Total Liabilities | Issuer's total debt for prior 12 months (specified date in profile).,
ECM,ecm.deal,Deal,"One row per ECM Deal, identified by DealId.",DealId,,TotalOverallotmentSharesExercised,TotalOverallotmentSharesExercised,The number of shares authorized to be sold in the overallotment for all tranches (including non rank-eligible tranches).,Decimal,decimal,,,/ECM/Deals/Deal/TotalOverallotmentSharesExercised,ECMDeal,TotalOverallotmentSharesExercised,false,false,,,false,documented,ECM_nn.xml,132,TotalOverallotmentSharesExercised | TotalOverallotmentSharesExercised | The number of shares authorized to be sold in the overallotment for all tranches (including non rank-eligible tranches).,
ECM,ecm.deal,Deal,"One row per ECM Deal, identified by DealId.",DealId,,TotalSharesInitial,TotalSharesInitial,Total shares filed including overallotment for all tranches (including non rank-eligible tranches).,Decimal(4),decimal,,4,/ECM/Deals/Deal/TotalSharesInitial,ECMDeal,TotalSharesInitial,false,false,,,false,documented,ECM_nn.xml,133,TotalSharesInitial | TotalSharesInitial | Total shares filed including overallotment for all tranches (including non rank-eligible tranches).,
ECM,ecm.deal,Deal,"One row per ECM Deal, identified by DealId.",DealId,,TotalSharesOffered,TotalSharesOffered,Total shares including overallotment offered for all tranches (including non rank-eligible tranches).,Decimal(4),decimal,,4,/ECM/Deals/Deal/TotalSharesOffered,ECMDeal,TotalSharesOffered,false,false,,,false,documented,ECM_nn.xml,134,TotalSharesOffered | TotalSharesOffered | Total shares including overallotment offered for all tranches (including non rank-eligible tranches).,
ECM,ecm.deal,Deal,"One row per ECM Deal, identified by DealId.",DealId,,TotalSharesOfferedExcludingOverallotment,TotalSharesOfferedExcludingOverallotment,Total shares excluding overallotment for all rank eligible tranches.,Decimal(4),decimal,,4,/ECM/Deals/Deal/TotalSharesOfferedExcludingOverallotment,ECMDeal,TotalSharesOfferedExcludingOverallotment,false,false,,,false,documented,ECM_nn.xml,135,TotalSharesOfferedExcludingOverallotment | TotalSharesOfferedExcludingOverallotment | Total shares excluding overallotment for all rank eligible tranches.,
ECM,ecm.deal,Deal,"One row per ECM Deal, identified by DealId.",DealId,,TotalValue,Total Value $ Incl Non-Deal,Deal value including overallotment for all tranches regardless of rank eligibility,Money(4),money,,4,/ECM/Deals/Deal/TotalValue,ECMDealTotalValue,ECMDealDealId;CurrencyISOCode;Value,false,false,,,false,documented,ECM_nn.xml,136,TotalValue | Total Value $ Incl Non-Deal | Deal value including overallotment for all tranches regardless of rank eligibility,
ECM,ecm.deal,Deal,"One row per ECM Deal, identified by DealId.",DealId,,TradeDate,Trade Date,Offer date of an issue.,DateTime,datetime,,,/ECM/Deals/Deal/TradeDate,ECMDeal,TradeDate,false,false,,,false,documented,ECM_nn.xml,137,TradeDate | Trade Date | Offer date of an issue.,
ECM,ecm.deal,Deal,"One row per ECM Deal, identified by DealId.",DealId,,Tranches,Tranche,Collection of Tranche Records.,Collection,collection,,,/ECM/Deals/Deal/Tranches,ECMDealTranches,,false,false,,,true,documented,ECM_nn.xml,138,Tranches | Tranche | Collection of Tranche Records.,
ECM,ecm.deal,Deal,"One row per ECM Deal, identified by DealId.",DealId,,TypeId,Deal Type,Type of security being sold in the offering.,Int,integer,,,/ECM/Deals/Deal/TypeId,ECMDeal,TypeId,false,true,reference_files.ecmdealtype,Id,false,documented,ECM_nn.xml,139,TypeId | Deal Type | Type of security being sold in the offering.,
ECM,ecm.deal,Deal,"One row per ECM Deal, identified by DealId.",DealId,,UnderlyingAssetId,Underlying Asset,reference to company representing the issuer.,Int,integer,,,/ECM/Deals/Deal/UnderlyingAssetId,ECMDeal,UnderlyingAssetId,false,true,company.company,Id,false,documented,ECM_nn.xml,140,UnderlyingAssetId | Underlying Asset | reference to company representing the issuer.,
ECM,ecm.deal,Deal,"One row per ECM Deal, identified by DealId.",DealId,,UseOfProceeds,Use,Multi-value list of use of proceeds items.,Collection,collection,,,/ECM/Deals/Deal/UseOfProceeds,ECMDealUseOfProceeds,,false,false,,,true,documented,ECM_nn.xml,141,UseOfProceeds | Use | Multi-value list of use of proceeds items.,
ECM,ecm.deal,Deal,"One row per ECM Deal, identified by DealId.",DealId,,UseOfProceedsNote,Use of Proceeds Note,General description describing how the funds raised in the issue will be used.,String(1000),string,1000,,/ECM/Deals/Deal/UseOfProceedsNote,ECMDeal,UseOfProceedsNote,false,false,,,false,documented,ECM_nn.xml,142,UseOfProceedsNote | Use of Proceeds Note | General description describing how the funds raised in the issue will be used.,
ECM,ecm.deal,Deal,"One row per ECM Deal, identified by DealId.",DealId,,Value,Deal Value,Total amount offered including overallotment in all tranches.,Money(4),money,,4,/ECM/Deals/Deal/Value,ECMDealValue,ECMDealDealId;CurrencyISOCode;Value,false,false,,,false,documented,ECM_nn.xml,143,Value | Deal Value | Total amount offered including overallotment in all tranches.,
ECM,ecm.deal,Deal,"One row per ECM Deal, identified by DealId.",DealId,,ValueExcludingOverallotment,Deal Value Excl Ovl,Total amount offered in all tranches.,Money(4),money,,4,/ECM/Deals/Deal/ValueExcludingOverallotment,ECMDealValueExcludingOverallotment,ECMDealDealId;CurrencyISOCode;Value,false,false,,,false,documented,ECM_nn.xml,144,ValueExcludingOverallotment | Deal Value Excl Ovl | Total amount offered in all tranches.,
ECM,ecm.deal,Deal,"One row per ECM Deal, identified by DealId.",DealId,,ValueInitial,Deal Value Initial,Total amount filed in all tranches.,Money(4),money,,4,/ECM/Deals/Deal/ValueInitial,ECMDealValueInitial,ECMDealDealId;CurrencyISOCode;Value,false,false,,,false,documented,ECM_nn.xml,145,ValueInitial | Deal Value Initial | Total amount filed in all tranches.,
ECM,ecm.deal,Deal,"One row per ECM Deal, identified by DealId.",DealId,,ValueRevised,Deal Value Current,Total current amount expected to be offered including overallotment (if exercised) in all tranches in dollars accounting for rank eligibility,Money(4),money,,4,/ECM/Deals/Deal/ValueRevised,ECMDealValueRevised,ECMDealDealId;CurrencyISOCode;Value,false,false,,,false,documented,ECM_nn.xml,146,ValueRevised | Deal Value Current | Total current amount expected to be offered including overallotment (if exercised) in all tranches in dollars accounting for rank eligibility,
ECM,ecm.deal,Deal,"One row per ECM Deal, identified by DealId.",DealId,,Vendors,Vendor,Selling shareholders.,Collection,collection,,,/ECM/Deals/Deal/Vendors,ECMDealVendors,,false,false,,,true,documented,ECM_nn.xml,147,Vendors | Vendor | Selling shareholders.,
ECM,ecm.deal,Deal,"One row per ECM Deal, identified by DealId.",DealId,,WithdrawnComment,Withdrawn/Postponed Comment,Reason behind withdrawing or postponing a deal,String(500),string,500,,/ECM/Deals/Deal/WithdrawnComment,ECMDeal,WithdrawnComment,false,false,,,false,documented,ECM_nn.xml,148,WithdrawnComment | Withdrawn/Postponed Comment | Reason behind withdrawing or postponing a deal,
ECM,ecm.deal,Deal,"One row per ECM Deal, identified by DealId.",DealId,,WithdrawnPostponedId,Deal Withdrawn or Postponed indicator,Link to reference set to non-zero or non-empty when a deal has been withdrawn from the market.,Int,integer,,,/ECM/Deals/Deal/WithdrawnPostponedId,ECMDeal,WithdrawnPostponedId,false,true,reference_files.ecmwithdrawn,,false,documented,ECM_nn.xml,149,WithdrawnPostponedId | Deal Withdrawn or Postponed indicator | Link to reference set to non-zero or non-empty when a deal has been withdrawn from the market.,
ECM,ecm.tranche,Tranche,"One row per ECM Tranche, identified by DealId and TrancheId.",DealId;TrancheId,ecm.deal,ADSExcludingOverallotment,Tranche ADS Excl Ovl,Number of ADS offered in a tranche excluding overallotment.,Decimal(0),decimal,,0,/ECM/Deals/Deal/Tranches/Tranche/ADSExcludingOverallotment,ECMDealTranches,ADSExcludingOverallotment,false,false,,,false,documented,ECM_nn.xml,156,ADSExcludingOverallotment | Tranche ADS Excl Ovl | Number of ADS offered in a tranche excluding overallotment.,
ECM,ecm.tranche,Tranche,"One row per ECM Tranche, identified by DealId and TrancheId.",DealId;TrancheId,ecm.deal,ADSFactor,ADS Factor,Number of shares to convert ordinary shares into ADS.,Decimal(4),decimal,,4,/ECM/Deals/Deal/Tranches/Tranche/ADSFactor,ECMDealTranches,ADSFactor,false,false,,,false,documented,ECM_nn.xml,157,ADSFactor | ADS Factor | Number of shares to convert ordinary shares into ADS.,
ECM,ecm.tranche,Tranche,"One row per ECM Tranche, identified by DealId and TrancheId.",DealId;TrancheId,ecm.deal,ADSInitialExcludingOverallotment,Tranche ADS Initial Excl Ovl,Number of ADS initially announced in a tranche excluding overallotment.,Decimal(0),decimal,,0,/ECM/Deals/Deal/Tranches/Tranche/ADSInitialExcludingOverallotment,ECMDealTranches,ADSInitialExcludingOverallotment,false,false,,,false,documented,ECM_nn.xml,158,ADSInitialExcludingOverallotment | Tranche ADS Initial Excl Ovl | Number of ADS initially announced in a tranche excluding overallotment.,
ECM,ecm.tranche,Tranche,"One row per ECM Tranche, identified by DealId and TrancheId.",DealId;TrancheId,ecm.deal,ADSRevisedExcludingOverallotment,Tranche ADS Revised Excl Ovl,Number of revised ADS in a tranche excluding overallotment.,Decimal(0),decimal,,0,/ECM/Deals/Deal/Tranches/Tranche/ADSRevisedExcludingOverallotment,ECMDealTranches,ADSRevisedExcludingOverallotment,false,false,,,false,documented,ECM_nn.xml,159,ADSRevisedExcludingOverallotment | Tranche ADS Revised Excl Ovl | Number of revised ADS in a tranche excluding overallotment.,
ECM,ecm.tranche,Tranche,"One row per ECM Tranche, identified by DealId and TrancheId.",DealId;TrancheId,ecm.deal,ATMAveragePrice,Tranche ATM Average Sales Price,Tranche average Price of shares sold in an At-The-Market offering.,Money(4),money,,4,/ECM/Deals/Deal/Tranches/Tranche/ATMAveragePrice,ECMDealTranchesATMAveragePrice,ECMDealTrancheDealId;ECMDealTrancheTrancheId;CurrencyISOCode;Value,false,false,,,false,documented,ECM_nn.xml,160,ATMAveragePrice | Tranche ATM Average Sales Price | Tranche average Price of shares sold in an At-The-Market offering.,
ECM,ecm.tranche,Tranche,"One row per ECM Tranche, identified by DealId and TrancheId.",DealId;TrancheId,ecm.deal,ATMBasisId,Tranche ATM Basis,Link to reference table indicating whether the size of an At-The-Market offering tranche is expressed as cash or shares.,Int,integer,,,/ECM/Deals/Deal/Tranches/Tranche/ATMBasisId,ECMDealTranches,ATMBasisId,false,true,reference_files.ecmatmbasis,Id,false,documented,ECM_nn.xml,161,ATMBasisId | Tranche ATM Basis | Link to reference table indicating whether the size of an At-The-Market offering tranche is expressed as cash or shares.,
ECM,ecm.tranche,Tranche,"One row per ECM Tranche, identified by DealId and TrancheId.",DealId;TrancheId,ecm.deal,ATMSharesLimit,Tranche ATM Shares Limit,Tranche maximum number of shares available for sale in an At-The-Market offering.,Decimal(0),decimal,,0,/ECM/Deals/Deal/Tranches/Tranche/ATMSharesLimit,ECMDealTranches,ATMSharesLimit,false,false,,,false,documented,ECM_nn.xml,162,ATMSharesLimit | Tranche ATM Shares Limit | Tranche maximum number of shares available for sale in an At-The-Market offering.,
ECM,ecm.tranche,Tranche,"One row per ECM Tranche, identified by DealId and TrancheId.",DealId;TrancheId,ecm.deal,ATMSharesRemaining,Tranche ATM Shares Remaining,Tranche number of shares remaining for sale in an At-The-Market offering.,Decimal(0),decimal,,0,/ECM/Deals/Deal/Tranches/Tranche/ATMSharesRemaining,ECMDealTranches,ATMSharesRemaining,false,false,,,false,documented,ECM_nn.xml,163,ATMSharesRemaining | Tranche ATM Shares Remaining | Tranche number of shares remaining for sale in an At-The-Market offering.,
ECM,ecm.tranche,Tranche,"One row per ECM Tranche, identified by DealId and TrancheId.",DealId;TrancheId,ecm.deal,ATMSharesSold,Tranche ATM Shares Sold,Tranche number of shares sold in an At-The-Market offering.,Decimal(0),decimal,,0,/ECM/Deals/Deal/Tranches/Tranche/ATMSharesSold,ECMDealTranches,ATMSharesSold,false,false,,,false,documented,ECM_nn.xml,164,ATMSharesSold | Tranche ATM Shares Sold | Tranche number of shares sold in an At-The-Market offering.,
ECM,ecm.tranche,Tranche,"One row per ECM Tranche, identified by DealId and TrancheId.",DealId;TrancheId,ecm.deal,ATMValueLimit,Tranche ATM Value Limit,Tranche maximum cash value of an At-The-Market offering.,Money(0),money,,0,/ECM/Deals/Deal/Tranches/Tranche/ATMValueLimit,ECMDealTranchesATMValueLimit,ECMDealTrancheDealId;ECMDealTrancheTrancheId;CurrencyISOCode;Value,false,false,,,false,documented,ECM_nn.xml,165,ATMValueLimit | Tranche ATM Value Limit | Tranche maximum cash value of an At-The-Market offering.,
ECM,ecm.tranche,Tranche,"One row per ECM Tranche, identified by DealId and TrancheId.",DealId;TrancheId,ecm.deal,ATMValueRemaining,Tranche ATM Value Remaining,Tranche Cash value remaining for sale in an At-The-Market offering.,Money(0),money,,0,/ECM/Deals/Deal/Tranches/Tranche/ATMValueRemaining,ECMDealTranchesATMValueRemaining,ECMDealTrancheDealId;ECMDealTrancheTrancheId;CurrencyISOCode;Value,false,false,,,false,documented,ECM_nn.xml,166,ATMValueRemaining | Tranche ATM Value Remaining | Tranche Cash value remaining for sale in an At-The-Market offering.,
ECM,ecm.tranche,Tranche,"One row per ECM Tranche, identified by DealId and TrancheId.",DealId;TrancheId,ecm.deal,ATMValueSold,Tranche ATM Value Sold,Tranche cash value sold in an At-The-Market offering.,Money(0),money,,0,/ECM/Deals/Deal/Tranches/Tranche/ATMValueSold,ECMDealTranchesATMValueSold,ECMDealTrancheDealId;ECMDealTrancheTrancheId;CurrencyISOCode;Value,false,false,,,false,documented,ECM_nn.xml,167,ATMValueSold | Tranche ATM Value Sold | Tranche cash value sold in an At-The-Market offering.,
ECM,ecm.tranche,Tranche,"One row per ECM Tranche, identified by DealId and TrancheId.",DealId;TrancheId,ecm.deal,BankCount,Tranche # Banks,Number of banks assigned to a particular tranche.,Int,integer,,,/ECM/Deals/Deal/Tranches/Tranche/BankCount,ECMDealTranches,BankCount,false,false,,,false,documented,ECM_nn.xml,168,BankCount | Tranche # Banks | Number of banks assigned to a particular tranche.,
ECM,ecm.tranche,Tranche,"One row per ECM Tranche, identified by DealId and TrancheId.",DealId;TrancheId,ecm.deal,BearerRegisteredId,Bearer/Registered,Link to reference table indicating whether the shares are held in Bearer or Registered form.,Int,integer,,,/ECM/Deals/Deal/Tranches/Tranche/BearerRegisteredId,ECMDealTranches,BearerRegisteredId,false,true,reference_files.bearertype,Id,false,documented,ECM_nn.xml,169,BearerRegisteredId | Bearer/Registered | Link to reference table indicating whether the shares are held in Bearer or Registered form.,
ECM,ecm.tranche,Tranche,"One row per ECM Tranche, identified by DealId and TrancheId.",DealId;TrancheId,ecm.deal,BookrunnerCount,Tranche # Bookrunners,Number of bookrunners assigned to a particular tranche.,Int,integer,,,/ECM/Deals/Deal/Tranches/Tranche/BookrunnerCount,ECMDealTranches,BookrunnerCount,false,false,,,false,documented,ECM_nn.xml,170,BookrunnerCount | Tranche # Bookrunners | Number of bookrunners assigned to a particular tranche.,
ECM,ecm.tranche,Tranche,"One row per ECM Tranche, identified by DealId and TrancheId.",DealId;TrancheId,ecm.deal,BookrunnerParticipationPercent,Tranche Bookrunner Participation % (Combined),Combines in one cell the underwriting commitment of each Bookrunner as a % of shares for that specific tranche and the name of the bookrunner(s),Decimal(3),decimal,,3,/ECMDeals/Deal/Tranches/Tranche/BookrunnerParticipationPercent,ECMDealTranches,BookrunnerParticipationPercent,false,false,,,false,documented,ECM_nn.xml,171,BookrunnerParticipationPercent | Tranche Bookrunner Participation % (Combined) | Combines in one cell the underwriting commitment of each Bookrunner as a % of shares for that specific tranche and the name of the bookrunner(s),
ECM,ecm.tranche,Tranche,"One row per ECM Tranche, identified by DealId and TrancheId.",DealId;TrancheId,ecm.deal,CallFrequencyId,Call Frequency,Link to reference indicating the frequency at which the call option can be exercised.,Int,integer,,,/ECM/Deals/Deal/Tranches/Tranche/CallFrequencyId,ECMDealTranches,CallFrequencyId,false,true,reference_files.frequency,Id,false,documented,ECM_nn.xml,172,CallFrequencyId | Call Frequency | Link to reference indicating the frequency at which the call option can be exercised.,
ECM,ecm.tranche,Tranche,"One row per ECM Tranche, identified by DealId and TrancheId.",DealId;TrancheId,ecm.deal,CallProvision,Call Provision,Clause granting the issuer the right to retire an issue prior to maturity.,String(100),string,100,,/ECM/Deals/Deal/Tranches/Tranche/CallProvision,ECMDealTranches,CallProvision,false,false,,,false,documented,ECM_nn.xml,173,CallProvision | Call Provision | Clause granting the issuer the right to retire an issue prior to maturity.,
ECM,ecm.tranche,Tranche,"One row per ECM Tranche, identified by DealId and TrancheId.",DealId;TrancheId,ecm.deal,CoManagerParticipationPercent,Tranche Co-Manager Participation %,Underwriting commitment of each Co-Manager as a % of shares for that specific tranche,Decimal(3),decimal,,3,/ECM/Deals/Deal/Tranches/Tranche/CoManagerParticipationPercent,ECMDealTranches,CoManagerParticipationPercent,false,false,,,false,documented,ECM_nn.xml,174,CoManagerParticipationPercent | Tranche Co-Manager Participation % | Underwriting commitment of each Co-Manager as a % of shares for that specific tranche,
ECM,ecm.tranche,Tranche,"One row per ECM Tranche, identified by DealId and TrancheId.",DealId;TrancheId,ecm.deal,ConversionPrice,Conversion Price,Price per common share at which a security is converted.,Money(3),money,,3,/ECM/Deals/Deal/Tranches/Tranche/ConversionPrice,ECMDealTranchesConversionPrice,ECMDealTrancheDealId;ECMDealTrancheTrancheId;CurrencyISOCode;Value,false,false,,,false,documented,ECM_nn.xml,175,ConversionPrice | Conversion Price | Price per common share at which a security is converted.,
ECM,ecm.tranche,Tranche,"One row per ECM Tranche, identified by DealId and TrancheId.",DealId;TrancheId,ecm.deal,ConvertibleDebtFilePricePercent,Conv Debt File Price %,File price of a convertible debt instrument.,Decimal(3),decimal,,3,/ECM/Deals/Deal/Tranches/Tranche/ConvertibleDebtFilePricePercent,ECMDealTranches,ConvertibleDebtFilePricePercent,false,false,,,false,documented,ECM_nn.xml,176,ConvertibleDebtFilePricePercent | Conv Debt File Price % | File price of a convertible debt instrument.,
ECM,ecm.tranche,Tranche,"One row per ECM Tranche, identified by DealId and TrancheId.",DealId;TrancheId,ecm.deal,ConvertibleDebtOfferPricePercent,Convertible Debt Offer Price %,Offer price of a convertible debt instrument.,Decimal(3),decimal,,3,/ECM/Deals/Deal/Tranches/Tranche/ConvertibleDebtOfferPricePercent,ECMDealTranches,ConvertibleDebtOfferPricePercent,false,false,,,false,documented,ECM_nn.xml,177,ConvertibleDebtOfferPricePercent | Convertible Debt Offer Price % | Offer price of a convertible debt instrument.,
ECM,ecm.tranche,Tranche,"One row per ECM Tranche, identified by DealId and TrancheId.",DealId;TrancheId,ecm.deal,ConvertibleRankId,Convertible Rank,Pointer to reference table that Indicates if the issue is senior or subordinated.,Int,integer,,,/ECM/Deals/Deal/Tranches/Tranche/ConvertibleRankId,ECMDealTranches,ConvertibleRankId,false,true,reference_files.ecmconvertiblerank,Id,false,documented,ECM_nn.xml,178,ConvertibleRankId | Convertible Rank | Pointer to reference table that Indicates if the issue is senior or subordinated.,
ECM,ecm.tranche,Tranche,"One row per ECM Tranche, identified by DealId and TrancheId.",DealId;TrancheId,ecm.deal,CouponFrequencyId,Coupon Frequency,Link to reference indicating the frequency of the coupon period.,Int,integer,,,/ECM/Deals/Deal/Tranches/Tranche/CouponFrequencyId,ECMDealTranches,CouponFrequencyId,false,true,reference_files.frequency,Id,false,documented,ECM_nn.xml,179,CouponFrequencyId | Coupon Frequency | Link to reference indicating the frequency of the coupon period.,
ECM,ecm.tranche,Tranche,"One row per ECM Tranche, identified by DealId and TrancheId.",DealId;TrancheId,ecm.deal,CouponPercent,Coupon,The interest rate on a fixed income security expressed as a percentage of par.,Decimal(3),decimal,,3,/ECM/Deals/Deal/Tranches/Tranche/CouponPercent,ECMDealTranches,CouponPercent,false,false,,,false,documented,ECM_nn.xml,180,CouponPercent | Coupon | The interest rate on a fixed income security expressed as a percentage of par.,
ECM,ecm.tranche,Tranche,"One row per ECM Tranche, identified by DealId and TrancheId.",DealId;TrancheId,ecm.deal,CurrencyISOCode,Tranche Currency,ISO code of the currency that the issue is traded in on the tranche.,Int,integer,,,/ECM/Deals/Deal/Tranches/Tranche/CurrencyISOCode,ECMDealTranches,CurrencyISOCode,false,true,reference_files.currency,ISOCode,false,documented,ECM_nn.xml,181,CurrencyISOCode | Tranche Currency | ISO code of the currency that the issue is traded in on the tranche.,
ECM,ecm.tranche,Tranche,"One row per ECM Tranche, identified by DealId and TrancheId.",DealId;TrancheId,ecm.deal,CurrentTalkCoupon,Current Talk Coupon,Initial range of the coupon .,String(15),string,15,,/ECM/Deals/Deal/Tranches/Tranche/CurrentTalkCoupon,ECMDealTranches,CurrentTalkCoupon,false,false,,,false,documented,ECM_nn.xml,182,CurrentTalkCoupon | Current Talk Coupon | Initial range of the coupon .,
ECM,ecm.tranche,Tranche,"One row per ECM Tranche, identified by DealId and TrancheId.",DealId;TrancheId,ecm.deal,CurrentTalkPremium,Current Talk Premium,Initial range of the premium.,String(15),string,15,,/ECM/Deals/Deal/Tranches/Tranche/CurrentTalkPremium,ECMDealTranches,CurrentTalkPremium,false,false,,,false,documented,ECM_nn.xml,183,CurrentTalkPremium | Current Talk Premium | Initial range of the premium.,
ECM,ecm.tranche,Tranche,"One row per ECM Tranche, identified by DealId and TrancheId.",DealId;TrancheId,ecm.deal,CUSIP,CUSIP #,Cusip number of issue.,String(9),string,9,,/ECM/Deals/Deal/Tranches/Tranche/CUSIP,ECMDealTranches,CUSIP,false,false,,,false,documented,ECM_nn.xml,184,CUSIP | CUSIP # | Cusip number of issue.,
ECM,ecm.tranche,Tranche,"One row per ECM Tranche, identified by DealId and TrancheId.",DealId;TrancheId,ecm.deal,Denomination,Denomination,"The denominations of a bond, which are available for purchase.",String(50),string,50,,/ECM/Deals/Deal/Tranches/Tranche/Denomination,ECMDealTranches,Denomination,false,false,,,false,documented,ECM_nn.xml,185,"Denomination | Denomination | The denominations of a bond, which are available for purchase.",
ECM,ecm.tranche,Tranche,"One row per ECM Tranche, identified by DealId and TrancheId.",DealId;TrancheId,ecm.deal,EffectiveRating,Effective Rating (Launch),Average rating based on Issuer's S&P and Moody's bond rating.,String(4),string,4,,/ECM/Deals/Deal/Tranches/Tranche/EffectiveRating,ECMDealTranches,EffectiveRating,false,false,,,false,documented,ECM_nn.xml,186,EffectiveRating | Effective Rating (Launch) | Average rating based on Issuer's S&P and Moody's bond rating.,
ECM,ecm.tranche,Tranche,"One row per ECM Tranche, identified by DealId and TrancheId.",DealId;TrancheId,ecm.deal,ExchangeRates,Tranche Exch. Rates,Tranche Exchange Rates from the tranche local currency to USD and EUR,ExchangeRate,exchange_rate,,,/ECM/Deals/Deal/Tranches/Tranche/ExchangeRates,ECMDealTranchesExchangeRates,ECMDealTrancheDealId;ECMDealTrancheTrancheId;Date;FromCurrencyISOCode;Rate;ToCurrencyISOCode,false,false,,,false,documented,ECM_nn.xml,187,ExchangeRates | Tranche Exch. Rates | Tranche Exchange Rates from the tranche local currency to USD and EUR,
ECM,ecm.tranche,Tranche,"One row per ECM Tranche, identified by DealId and TrancheId.",DealId;TrancheId,ecm.deal,FiledRangeHigh,Tranche Filing Range Low,The lowest potential expected offer price per share on the tranche.,Money(Float),money,,FLOAT,/ECM/Deals/Deal/Tranches/Tranche/FiledRangeHigh,ECMDealTranchesFiledRangeHigh,ECMDealTrancheDealId;ECMDealTrancheTrancheId;CurrencyISOCode;Value,false,false,,,false,documented,ECM_nn.xml,188,FiledRangeHigh | Tranche Filing Range Low | The lowest potential expected offer price per share on the tranche.,
ECM,ecm.tranche,Tranche,"One row per ECM Tranche, identified by DealId and TrancheId.",DealId;TrancheId,ecm.deal,FiledRangeLow,Tranche Filing Range High,The highest potential expected offer price per share on the tranche.,Money(Float),money,,FLOAT,/ECM/Deals/Deal/Tranches/Tranche/FiledRangeLow,ECMDealTranchesFiledRangeLow,ECMDealTrancheDealId;ECMDealTrancheTrancheId;CurrencyISOCode;Value,false,false,,,false,documented,ECM_nn.xml,189,FiledRangeLow | Tranche Filing Range High | The highest potential expected offer price per share on the tranche.,
ECM,ecm.tranche,Tranche,"One row per ECM Tranche, identified by DealId and TrancheId.",DealId;TrancheId,ecm.deal,FiledToOfferPriceChangePercent,% Change Price/Initial Offer,% change in a stock's share price from it's initial filing range to the offer price.,Decimal(3),decimal,,3,/ECM/Deals/Deal/Tranches/Tranche/FiledToOfferPriceChangePercent,ECMDealTranches,FiledToOfferPriceChangePercent,false,false,,,false,documented,ECM_nn.xml,190,FiledToOfferPriceChangePercent | % Change Price/Initial Offer | % change in a stock's share price from it's initial filing range to the offer price.,
ECM,ecm.tranche,Tranche,"One row per ECM Tranche, identified by DealId and TrancheId.",DealId;TrancheId,ecm.deal,FiledToOfferShareChangePercent,% Change Shares Initial/Offer,% change in the number of shares from the number of shares at initial filing to the number of shares at offer.,Decimal(3),decimal,,3,/ECM/Deals/Deal/Tranches/Tranche/FiledToOfferShareChangePercent,ECMDealTranches,FiledToOfferShareChangePercent,false,false,,,false,documented,ECM_nn.xml,191,FiledToOfferShareChangePercent | % Change Shares Initial/Offer | % change in the number of shares from the number of shares at initial filing to the number of shares at offer.,
ECM,ecm.tranche,Tranche,"One row per ECM Tranche, identified by DealId and TrancheId.",DealId;TrancheId,ecm.deal,FinancialSponsors,FinancialSponsor,Financial Sponsors involved in the deal.,Collection,collection,,,/ECM/Deals/Deal/Tranches/Tranche/FinancialSponsors,ECMDealTranchesFinancialSponsors,,false,false,,,true,documented,ECM_nn.xml,192,FinancialSponsors | FinancialSponsor | Financial Sponsors involved in the deal.,
ECM,ecm.tranche,Tranche,"One row per ECM Tranche, identified by DealId and TrancheId.",DealId;TrancheId,ecm.deal,FirstCallDate,First Call Date,"The first date on which the issuer can redeem the bonds before their maturity, at a specified price.",DateTime,datetime,,,/ECM/Deals/Deal/Tranches/Tranche/FirstCallDate,ECMDealTranches,FirstCallDate,false,false,,,false,documented,ECM_nn.xml,193,"FirstCallDate | First Call Date | The first date on which the issuer can redeem the bonds before their maturity, at a specified price.",
ECM,ecm.tranche,Tranche,"One row per ECM Tranche, identified by DealId and TrancheId.",DealId;TrancheId,ecm.deal,FirstCallPricePercent,First Call Price,The price at which a call may be first exercised.,Decimal(3),decimal,,3,/ECM/Deals/Deal/Tranches/Tranche/FirstCallPricePercent,ECMDealTranches,FirstCallPricePercent,false,false,,,false,documented,ECM_nn.xml,194,FirstCallPricePercent | First Call Price | The price at which a call may be first exercised.,
ECM,ecm.tranche,Tranche,"One row per ECM Tranche, identified by DealId and TrancheId.",DealId;TrancheId,ecm.deal,FirstCouponPaymentDate,First Coupon Payment Date,First date the coupon will be paid.,DateTime,datetime,,,/ECM/Deals/Deal/Tranches/Tranche/FirstCouponPaymentDate,ECMDealTranches,FirstCouponPaymentDate,false,false,,,false,documented,ECM_nn.xml,195,FirstCouponPaymentDate | First Coupon Payment Date | First date the coupon will be paid.,
ECM,ecm.tranche,Tranche,"One row per ECM Tranche, identified by DealId and TrancheId.",DealId;TrancheId,ecm.deal,FirstPutDate,First Put Date,The first date on which the investor can sell securities back to the issuer at a pre-determined price.,DateTime,datetime,,,/ECM/Deals/Deal/Tranches/Tranche/FirstPutDate,ECMDealTranches,FirstPutDate,false,false,,,false,documented,ECM_nn.xml,196,FirstPutDate | First Put Date | The first date on which the investor can sell securities back to the issuer at a pre-determined price.,
ECM,ecm.tranche,Tranche,"One row per ECM Tranche, identified by DealId and TrancheId.",DealId;TrancheId,ecm.deal,FirstPutPricePercent,Put Price,The price at which a security may be sold back to the issuer on the indicated put dates.,Decimal(3),decimal,,3,/ECM/Deals/Deal/Tranches/Tranche/FirstPutPricePercent,ECMDealTranches,FirstPutPricePercent,false,false,,,false,documented,ECM_nn.xml,197,FirstPutPricePercent | Put Price | The price at which a security may be sold back to the issuer on the indicated put dates.,
ECM,ecm.tranche,Tranche,"One row per ECM Tranche, identified by DealId and TrancheId.",DealId;TrancheId,ecm.deal,GrossFeeDisclosed,Tranche Gross Fee (Disc),"Total gross fee (disclosed) for the offering for all rank eligible tranches expressed in USD, Euro and FOREX currencies.",Money(4),money,,4,/ECM/Deals/Deal/Tranches/Tranche/GrossFeeDisclosed,ECMDealTranchesGrossFeeDisclosed,ECMDealTrancheDealId;ECMDealTrancheTrancheId;CurrencyISOCode;Value,false,false,,,false,documented,ECM_nn.xml,198,"GrossFeeDisclosed | Tranche Gross Fee (Disc) | Total gross fee (disclosed) for the offering for all rank eligible tranches expressed in USD, Euro and FOREX currencies.",
ECM,ecm.tranche,Tranche,"One row per ECM Tranche, identified by DealId and TrancheId.",DealId;TrancheId,ecm.deal,GrossFeePercentDisclosed,Tranche Gross Fee % (Disc),Percentage of each share/bond represented by the gross fee (disclosed).,Decimal(3),decimal,,3,/ECM/Deals/Deal/Tranches/Tranche/GrossFeePercentDisclosed,ECMDealTranches,GrossFeePercentDisclosed,false,false,,,false,documented,ECM_nn.xml,199,GrossFeePercentDisclosed | Tranche Gross Fee % (Disc) | Percentage of each share/bond represented by the gross fee (disclosed).,
ECM,ecm.tranche,Tranche,"One row per ECM Tranche, identified by DealId and TrancheId.",DealId;TrancheId,ecm.deal,HasCallSpreadOverlay,Call Spread Overlay Flag,Indicates whether a convertible bond has a call spread overlay.,Bool,boolean,,,/ECM/Deals/Deal/Tranches/Tranche/HasCallSpreadOverlay,ECMDealTranches,HasCallSpreadOverlay,false,false,,,false,documented,ECM_nn.xml,200,HasCallSpreadOverlay | Call Spread Overlay Flag | Indicates whether a convertible bond has a call spread overlay.,
ECM,ecm.tranche,Tranche,"One row per ECM Tranche, identified by DealId and TrancheId.",DealId;TrancheId,ecm.deal,IsBookrunnerIssuerMatch,Book/Issuer Match Flag,Indicates that a bookrunner on the tranche is a member of the same group as the issuer on the deal.,Bool,boolean,,,/ECM/Deals/Deal/Tranches/Tranche/IsBookrunnerIssuerMatch,ECMDealTranches,IsBookrunnerIssuerMatch,false,false,,,false,documented,ECM_nn.xml,201,IsBookrunnerIssuerMatch | Book/Issuer Match Flag | Indicates that a bookrunner on the tranche is a member of the same group as the issuer on the deal.,
ECM,ecm.tranche,Tranche,"One row per ECM Tranche, identified by DealId and TrancheId.",DealId;TrancheId,ecm.deal,IsChineseAShare,Chinese A-shares Flag,Share available only to Chinese Nationals and QIFF investors.,Bool,boolean,,,/ECM/Deals/Deal/Tranches/Tranche/IsChineseAShare,ECMDealTranches,IsChineseAShare,false,false,,,false,documented,ECM_nn.xml,202,IsChineseAShare | Chinese A-shares Flag | Share available only to Chinese Nationals and QIFF investors.,
ECM,ecm.tranche,Tranche,"One row per ECM Tranche, identified by DealId and TrancheId.",DealId;TrancheId,ecm.deal,IsExchangeable,Exchangeable Flag,Indicates whether convertible securities are exchangeable into the common stock of another corporation,Bool,boolean,,,/ECM/Deals/Deal/Tranches/Tranche/IsExchangeable,ECMDealTranches,IsExchangeable,false,false,,,false,documented,ECM_nn.xml,203,IsExchangeable | Exchangeable Flag | Indicates whether convertible securities are exchangeable into the common stock of another corporation,
ECM,ecm.tranche,Tranche,"One row per ECM Tranche, identified by DealId and TrancheId.",DealId;TrancheId,ecm.deal,ISIN,ISIN,International Security Identification Number.,String(100),string,100,,/ECM/Deals/Deal/Tranches/Tranche/ISIN,ECMDealTranches,ISIN,false,false,,,false,documented,ECM_nn.xml,204,ISIN | ISIN | International Security Identification Number.,
ECM,ecm.tranche,Tranche,"One row per ECM Tranche, identified by DealId and TrancheId.",DealId;TrancheId,ecm.deal,IsInternational,International Tranche Flag,Identifies the tranche which has raised capital in the international market.,Bool,boolean,,,/ECM/Deals/Deal/Tranches/Tranche/IsInternational,ECMDealTranches,IsInternational,false,false,,,false,documented,ECM_nn.xml,205,IsInternational | International Tranche Flag | Identifies the tranche which has raised capital in the international market.,
ECM,ecm.tranche,Tranche,"One row per ECM Tranche, identified by DealId and TrancheId.",DealId;TrancheId,ecm.deal,IsMandatoryConvertible,Mandatory Convertible Flag,Indicates if convertible has to be mandatory converted at maturity,Bool,boolean,,,/ECM/Deals/Deal/Tranches/Tranche/IsMandatoryConvertible,ECMDealTranches,IsMandatoryConvertible,false,false,,,false,documented,ECM_nn.xml,206,IsMandatoryConvertible | Mandatory Convertible Flag | Indicates if convertible has to be mandatory converted at maturity,
ECM,ecm.tranche,Tranche,"One row per ECM Tranche, identified by DealId and TrancheId.",DealId;TrancheId,ecm.deal,IsRankEligible,Rank Eligible Flag,"Indicates whether or not the tranche is issued via best efforts, rights offering, spot secondary, Chinese A shares or if it is a closed fund (if it is any of these it is not rank eligible).",Bool,boolean,,,/ECM/Deals/Deal/Tranches/Tranche/IsRankEligible,ECMDealTranches,IsRankEligible,false,false,,,false,documented,ECM_nn.xml,207,"IsRankEligible | Rank Eligible Flag | Indicates whether or not the tranche is issued via best efforts, rights offering, spot secondary, Chinese A shares or if it is a closed fund (if it is any of these it is not rank eligible).",
ECM,ecm.tranche,Tranche,"One row per ECM Tranche, identified by DealId and TrancheId.",DealId;TrancheId,ecm.deal,IsRetail,Tranche Retail (Y/N),"Identifies the tranche to a security, which has been offered to retail investors",Bool,boolean,,,/ECM/Deals/Deal/Tranches/Tranche/IsRetail,ECMDealTranches,IsRetail,false,false,,,false,documented,ECM_nn.xml,208,"IsRetail | Tranche Retail (Y/N) | Identifies the tranche to a security, which has been offered to retail investors",
ECM,ecm.tranche,Tranche,"One row per ECM Tranche, identified by DealId and TrancheId.",DealId;TrancheId,ecm.deal,IsRightsOffer,IsRightsOffer,Indicates whether or not issuer offers existing shareholders the right to buy more shares at a discount to the trading price of their existing shares.,Bool,boolean,,,/ECM/Deals/Deal/Tranches/Tranche/IsRightsOffer,ECMDealTranches,IsRightsOffer,false,false,,,false,documented,ECM_nn.xml,209,IsRightsOffer | IsRightsOffer | Indicates whether or not issuer offers existing shareholders the right to buy more shares at a discount to the trading price of their existing shares.,
ECM,ecm.tranche,Tranche,"One row per ECM Tranche, identified by DealId and TrancheId.",DealId;TrancheId,ecm.deal,IsRule144a,Rule 144a (Y/N),Indicates whether the tranche is for QIBs only and not SEC registered.,Bool,boolean,,,/ECM/Deals/Deal/Tranches/Tranche/IsRule144a,ECMDealTranches,IsRule144a,false,false,,,false,documented,ECM_nn.xml,210,IsRule144a | Rule 144a (Y/N) | Indicates whether the tranche is for QIBs only and not SEC registered.,
ECM,ecm.tranche,Tranche,"One row per ECM Tranche, identified by DealId and TrancheId.",DealId;TrancheId,ecm.deal,IsSelfFunded,Tranche Self Funded Flag,Whether the issuer on the deal matches any bank on the tranche.,Bool,boolean,,,/ECM/Deals/Deal/Tranches/Tranche/IsSelfFunded,ECMDealTranches,IsSelfFunded,false,false,,,false,documented,ECM_nn.xml,211,IsSelfFunded | Tranche Self Funded Flag | Whether the issuer on the deal matches any bank on the tranche.,
ECM,ecm.tranche,Tranche,"One row per ECM Tranche, identified by DealId and TrancheId.",DealId;TrancheId,ecm.deal,IsSelfLed,Tranche Self-Led Book (Y/N),Indicates where the issuer is the bookrunner on the tranche.,Bool,boolean,,,/ECM/Deals/Deal/Tranches/Tranche/IsSelfLed,ECMDealTranches,IsSelfLed,false,false,,,false,documented,ECM_nn.xml,212,IsSelfLed | Tranche Self-Led Book (Y/N) | Indicates where the issuer is the bookrunner on the tranche.,
ECM,ecm.tranche,Tranche,"One row per ECM Tranche, identified by DealId and TrancheId.",DealId;TrancheId,ecm.deal,IsUSMarketed,Tranche US Marketed Flag,Indicates if the tranche is marketed in the US.,Bool,boolean,,,/ECM/Deals/Deal/Tranches/Tranche/IsUSMarketed,ECMDealTranches,IsUSMarketed,false,false,,,false,documented,ECM_nn.xml,213,IsUSMarketed | Tranche US Marketed Flag | Indicates if the tranche is marketed in the US.,
ECM,ecm.tranche,Tranche,"One row per ECM Tranche, identified by DealId and TrancheId.",DealId;TrancheId,ecm.deal,LastTradePreFiling,Last Trade before Filing,Last common stock price before filing date.,Money(4),money,,4,/ECM/Deals/Deal/Tranches/Tranche/LastTradePreFiling,ECMDealTranchesLastTradePreFiling,ECMDealTrancheDealId;ECMDealTrancheTrancheId;CurrencyISOCode;Value,false,false,,,false,documented,ECM_nn.xml,214,LastTradePreFiling | Last Trade before Filing | Last common stock price before filing date.,
ECM,ecm.tranche,Tranche,"One row per ECM Tranche, identified by DealId and TrancheId.",DealId;TrancheId,ecm.deal,LastTradePreOffer,Last Trade before Offer,Last common stock price before offer date.,Money(4),money,,4,/ECM/Deals/Deal/Tranches/Tranche/LastTradePreOffer,ECMDealTranchesLastTradePreOffer,ECMDealTrancheDealId;ECMDealTrancheTrancheId;CurrencyISOCode;Value,false,false,,,false,documented,ECM_nn.xml,215,LastTradePreOffer | Last Trade before Offer | Last common stock price before offer date.,
ECM,ecm.tranche,Tranche,"One row per ECM Tranche, identified by DealId and TrancheId.",DealId;TrancheId,ecm.deal,LastTradePreRevision,Last Trade before Revision,Last common stock price before revision date.,Money(4),money,,4,/ECM/Deals/Deal/Tranches/Tranche/LastTradePreRevision,ECMDealTranchesLastTradePreRevision,ECMDealTrancheDealId;ECMDealTrancheTrancheId;CurrencyISOCode;Value,false,false,,,false,documented,ECM_nn.xml,216,LastTradePreRevision | Last Trade before Revision | Last common stock price before revision date.,
ECM,ecm.tranche,Tranche,"One row per ECM Tranche, identified by DealId and TrancheId.",DealId;TrancheId,ecm.deal,LeadManagerCount,# Lead Managers,No. of lead managers involved in the deal.,Int,integer,,,/ECM/Deals/Deal/Tranches/Tranche/LeadManagerCount,ECMDealTranches,LeadManagerCount,false,false,,,false,documented,ECM_nn.xml,217,LeadManagerCount | # Lead Managers | No. of lead managers involved in the deal.,
ECM,ecm.tranche,Tranche,"One row per ECM Tranche, identified by DealId and TrancheId.",DealId;TrancheId,ecm.deal,LeadManagerParticipationPercent,Tranche Lead Manager Participation % (Combined),Combines in one cell the underwriting commitment of each Bookrunner as a % of shares for that specific tranche and the name of the Lead Manager(s),Decimal(3),decimal,,3,/ECM/Deals/Deal/Tranches/Tranche/LeadManagerParticipationPercent,ECMDealTranches,LeadManagerParticipationPercent,false,false,,,false,documented,ECM_nn.xml,218,LeadManagerParticipationPercent | Tranche Lead Manager Participation % (Combined) | Combines in one cell the underwriting commitment of each Bookrunner as a % of shares for that specific tranche and the name of the Lead Manager(s),
ECM,ecm.tranche,Tranche,"One row per ECM Tranche, identified by DealId and TrancheId.",DealId;TrancheId,ecm.deal,ManagementFee,Management Fees,Portion of the gross spread paid to investment managers.,Money(4),money,,4,/ECM/Deals/Deal/Tranches/Tranche/ManagementFee,ECMDealTranchesManagementFee,ECMDealTrancheDealId;ECMDealTrancheTrancheId;CurrencyISOCode;Value,false,false,,,false,documented,ECM_nn.xml,219,ManagementFee | Management Fees | Portion of the gross spread paid to investment managers.,
ECM,ecm.tranche,Tranche,"One row per ECM Tranche, identified by DealId and TrancheId.",DealId;TrancheId,ecm.deal,MarketSubTypeId,Convertible Market Sub-Type,Link to a reference indicating a granular view of the type of convertible bond being sold.,Int,integer,,,/ECM/Deals/Deal/Tranches/Tranche/MarketSubTypeId,ECMDealTranches,MarketSubTypeId,false,true,reference_files.ecmmarketsubtype,Id,false,documented,ECM_nn.xml,220,MarketSubTypeId | Convertible Market Sub-Type | Link to a reference indicating a granular view of the type of convertible bond being sold.,
ECM,ecm.tranche,Tranche,"One row per ECM Tranche, identified by DealId and TrancheId.",DealId;TrancheId,ecm.deal,MaturityDate,Maturity Date,The date on which a debt becomes due for payment.,DateTime,datetime,,,/ECM/Deals/Deal/Tranches/Tranche/MaturityDate,ECMDealTranches,MaturityDate,false,false,,,false,documented,ECM_nn.xml,221,MaturityDate | Maturity Date | The date on which a debt becomes due for payment.,
ECM,ecm.tranche,Tranche,"One row per ECM Tranche, identified by DealId and TrancheId.",DealId;TrancheId,ecm.deal,Note,Dealogic Deal Note,Supplementary deal information in text format,String (MAX),text,MAX,,/ECM/Deals/Deal/Tranches/Tranche/Note,ECMDealTranches,Note,false,false,,,false,documented,ECM_nn.xml,222,Note | Dealogic Deal Note | Supplementary deal information in text format,
ECM,ecm.tranche,Tranche,"One row per ECM Tranche, identified by DealId and TrancheId.",DealId;TrancheId,ecm.deal,OfferPrice,Tranche Offer Price,"Offer price on the deal, taken from each tranche on the deal.",Money(4),money,,4,/ECM/Deals/Deal/Tranches/Tranche/OfferPrice,ECMDealTranchesOfferPrice,ECMDealTrancheDealId;ECMDealTrancheTrancheId;CurrencyISOCode;Value,false,false,,,false,documented,ECM_nn.xml,223,"OfferPrice | Tranche Offer Price | Offer price on the deal, taken from each tranche on the deal.",
ECM,ecm.tranche,Tranche,"One row per ECM Tranche, identified by DealId and TrancheId.",DealId;TrancheId,ecm.deal,OfferTypeId,Tranche Retail/Institutional,"Link to a reference indicating whether the shares were offered to the retail or institutional market,.",Int,integer,,,/ECM/Deals/Deal/Tranches/Tranche/OfferTypeId,ECMDealTranches,OfferTypeId,false,true,reference_files.ecmoffertype,Id,false,documented,ECM_nn.xml,224,"OfferTypeId | Tranche Retail/Institutional | Link to a reference indicating whether the shares were offered to the retail or institutional market,.",
ECM,ecm.tranche,Tranche,"One row per ECM Tranche, identified by DealId and TrancheId.",DealId;TrancheId,ecm.deal,OriginalTalkCoupon,Original Talk Coupon %,The original price talk coupon.,String(30),string,30,,/ECM/Deals/Deal/Tranches/Tranche/OriginalTalkCoupon,ECMDealTranches,OriginalTalkCoupon,false,false,,,false,documented,ECM_nn.xml,225,OriginalTalkCoupon | Original Talk Coupon % | The original price talk coupon.,
ECM,ecm.tranche,Tranche,"One row per ECM Tranche, identified by DealId and TrancheId.",DealId;TrancheId,ecm.deal,OriginalTalkPremium,Original Talk Premium %,The original price talk premium.,String(30),string,30,,/ECM/Deals/Deal/Tranches/Tranche/OriginalTalkPremium,ECMDealTranches,OriginalTalkPremium,false,false,,,false,documented,ECM_nn.xml,226,OriginalTalkPremium | Original Talk Premium % | The original price talk premium.,
ECM,ecm.tranche,Tranche,"One row per ECM Tranche, identified by DealId and TrancheId.",DealId;TrancheId,ecm.deal,OverallotmentAuthorisedADS,Tranche ADS Ovl Authorized,Tranche number of ADS or GDS authorized as overallotment.,Decimal(0),decimal,,0,/ECM/Deals/Deal/Tranches/Tranche/OverallotmentAuthorisedADS,ECMDealTranches,OverallotmentAuthorisedADS,false,false,,,false,documented,ECM_nn.xml,227,OverallotmentAuthorisedADS | Tranche ADS Ovl Authorized | Tranche number of ADS or GDS authorized as overallotment.,
ECM,ecm.tranche,Tranche,"One row per ECM Tranche, identified by DealId and TrancheId.",DealId;TrancheId,ecm.deal,OverallotmentAuthorisedADSInitial,Tranche Ovl Authorized ADS/GDS Initial,Tranche initial overallotment shares available expressed in ADS or GDS.,Decimal(0),decimal,,0,/ECM/Deals/Deal/Tranches/Tranche/OverallotmentAuthorisedADSInitial,ECMDealTranches,OverallotmentAuthorisedADSInitial,false,false,,,false,documented,ECM_nn.xml,228,OverallotmentAuthorisedADSInitial | Tranche Ovl Authorized ADS/GDS Initial | Tranche initial overallotment shares available expressed in ADS or GDS.,
ECM,ecm.tranche,Tranche,"One row per ECM Tranche, identified by DealId and TrancheId.",DealId;TrancheId,ecm.deal,OverallotmentAuthorisedADSRevised,Tranche Ovl Authorized ADS/GDS Revised,Tranche revised overallotment shares available expressed in ADS or GDS.,Decimal(0),decimal,,0,/ECM/Deals/Deal/Tranches/Tranche/OverallotmentAuthorisedADSRevised,ECMDealTranches,OverallotmentAuthorisedADSRevised,false,false,,,false,documented,ECM_nn.xml,229,OverallotmentAuthorisedADSRevised | Tranche Ovl Authorized ADS/GDS Revised | Tranche revised overallotment shares available expressed in ADS or GDS.,
ECM,ecm.tranche,Tranche,"One row per ECM Tranche, identified by DealId and TrancheId.",DealId;TrancheId,ecm.deal,OverallotmentAuthorisedSharesInitial,Tranche Ovl Authorized Shares Initial,Tranche initial total number of shares available to be sold in the overallotment.,Decimal(0),decimal,,0,/ECM/Deals/Deal/Tranches/Tranche/OverallotmentAuthorisedSharesInitial,ECMDealTranches,OverallotmentAuthorisedSharesInitial,false,false,,,false,documented,ECM_nn.xml,230,OverallotmentAuthorisedSharesInitial | Tranche Ovl Authorized Shares Initial | Tranche initial total number of shares available to be sold in the overallotment.,
ECM,ecm.tranche,Tranche,"One row per ECM Tranche, identified by DealId and TrancheId.",DealId;TrancheId,ecm.deal,OverallotmentAuthorisedSharesRevised,Tranche Ovl Authorized Shares Revised,Tranche revised total number of shares available to be sold in the overallotment.,Decimal(0),decimal,,0,/ECM/Deals/Deal/Tranches/Tranche/OverallotmentAuthorisedSharesRevised,ECMDealTranches,OverallotmentAuthorisedSharesRevised,false,false,,,false,documented,ECM_nn.xml,231,OverallotmentAuthorisedSharesRevised | Tranche Ovl Authorized Shares Revised | Tranche revised total number of shares available to be sold in the overallotment.,
ECM,ecm.tranche,Tranche,"One row per ECM Tranche, identified by DealId and TrancheId.",DealId;TrancheId,ecm.deal,OverallotmentExercisedADS,Tranche ADS Ovl Exercised,Tranche number of ADS or GDS exercised as overallotment.,Decimal(0),decimal,,0,/ECM/Deals/Deal/Tranches/Tranche/OverallotmentExercisedADS,ECMDealTranches,OverallotmentExercisedADS,false,false,,,false,documented,ECM_nn.xml,232,OverallotmentExercisedADS | Tranche ADS Ovl Exercised | Tranche number of ADS or GDS exercised as overallotment.,
ECM,ecm.tranche,Tranche,"One row per ECM Tranche, identified by DealId and TrancheId.",DealId;TrancheId,ecm.deal,OverallotmentValueAuthorised,Tranche Ovl Authorized,Overallotment amount authorized per tranche.,Money(4),money,,4,/ECM/Deals/Deal/Tranches/Tranche/OverallotmentValueAuthorised,ECMDealTranchesOverallotmentValueAuthorised,ECMDealTrancheDealId;ECMDealTrancheTrancheId;CurrencyISOCode;Value,false,false,,,false,documented,ECM_nn.xml,233,OverallotmentValueAuthorised | Tranche Ovl Authorized | Overallotment amount authorized per tranche.,
ECM,ecm.tranche,Tranche,"One row per ECM Tranche, identified by DealId and TrancheId.",DealId;TrancheId,ecm.deal,OverallotmentValueAuthorisedInitial,Tranche Ovl Authorized Initial,Tranche estimated value of the overallotment based on the initial shares filed at the initial expected price.,Money(4),money,,4,/ECM/Deals/Deal/Tranches/Tranche/OverallotmentValueAuthorisedInitial,ECMDealTranchesOverallotmentValueAuthorisedInitial,ECMDealTrancheDealId;ECMDealTrancheTrancheId;CurrencyISOCode;Value,false,false,,,false,documented,ECM_nn.xml,234,OverallotmentValueAuthorisedInitial | Tranche Ovl Authorized Initial | Tranche estimated value of the overallotment based on the initial shares filed at the initial expected price.,
ECM,ecm.tranche,Tranche,"One row per ECM Tranche, identified by DealId and TrancheId.",DealId;TrancheId,ecm.deal,OverallotmentValueAuthorisedRevised,Tranche Ovl Authorized Revised,Tranche estimated value of the overallotment based on the revised shares filed at the revised expected price.,Money(4),money,,4,/ECM/Deals/Deal/Tranches/Tranche/OverallotmentValueAuthorisedRevised,ECMDealTranchesOverallotmentValueAuthorisedRevised,ECMDealTrancheDealId;ECMDealTrancheTrancheId;CurrencyISOCode;Value,false,false,,,false,documented,ECM_nn.xml,235,OverallotmentValueAuthorisedRevised | Tranche Ovl Authorized Revised | Tranche estimated value of the overallotment based on the revised shares filed at the revised expected price.,
ECM,ecm.tranche,Tranche,"One row per ECM Tranche, identified by DealId and TrancheId.",DealId;TrancheId,ecm.deal,OverallotmentValueExcercised,Tranche Ovl Exercised,Overallotment amount exercised per tranche.,Money(4),money,,4,/ECM/Deals/Deal/Tranches/Tranche/OverallotmentValueExcercised,ECMDealTranchesOverallotmentValueExcercised,ECMDealTrancheDealId;ECMDealTrancheTrancheId;CurrencyISOCode;Value,false,false,,,false,documented,ECM_nn.xml,236,OverallotmentValueExcercised | Tranche Ovl Exercised | Overallotment amount exercised per tranche.,
ECM,ecm.tranche,Tranche,"One row per ECM Tranche, identified by DealId and TrancheId.",DealId;TrancheId,ecm.deal,PremiumPercent,Premium (Conv),"For convertible offerings, indicates the percentage between market price and conversion price.",Decimal(3),decimal,,3,/ECM/Deals/Deal/Tranches/Tranche/PremiumPercent,ECMDealTranches,PremiumPercent,false,false,,,false,documented,ECM_nn.xml,237,"PremiumPercent | Premium (Conv) | For convertible offerings, indicates the percentage between market price and conversion price.",
ECM,ecm.tranche,Tranche,"One row per ECM Tranche, identified by DealId and TrancheId.",DealId;TrancheId,ecm.deal,PriceRangeId,Above/Below/In Range,Link to reference table indicating how the deal priced when compared to its filing range.,Int,integer,,,/ECM/Deals/Deal/Tranches/Tranche/PriceRangeId,ECMDealTranches,PriceRangeId,false,true,reference_files.ecmpricerange,Id,false,documented,ECM_nn.xml,238,PriceRangeId | Above/Below/In Range | Link to reference table indicating how the deal priced when compared to its filing range.,
ECM,ecm.tranche,Tranche,"One row per ECM Tranche, identified by DealId and TrancheId.",DealId;TrancheId,ecm.deal,PutFrequencyId,Put Frequency,Link to reference indicating the frequency at which the put option can be exercised.,Int,integer,,,/ECM/Deals/Deal/Tranches/Tranche/PutFrequencyId,ECMDealTranches,PutFrequencyId,false,true,reference_files.frequency,Id,false,documented,ECM_nn.xml,239,PutFrequencyId | Put Frequency | Link to reference indicating the frequency at which the put option can be exercised.,
ECM,ecm.tranche,Tranche,"One row per ECM Tranche, identified by DealId and TrancheId.",DealId;TrancheId,ecm.deal,RedemptionPricePercent,Redemption Price,The price at which bonds will be redeemed at maturity.,Decimal(3),decimal,,3,/ECM/Deals/Deal/Tranches/Tranche/RedemptionPricePercent,ECMDealTranches,RedemptionPricePercent,false,false,,,false,documented,ECM_nn.xml,240,RedemptionPricePercent | Redemption Price | The price at which bonds will be redeemed at maturity.,
ECM,ecm.tranche,Tranche,"One row per ECM Tranche, identified by DealId and TrancheId.",DealId;TrancheId,ecm.deal,ReferencePrice,Reference Price,For non-US deals. Common stock price used to calculate conversion premium.,Money(4),money,,4,/ECM/Deals/Deal/Tranches/Tranche/ReferencePrice,ECMDealTranchesReferencePrice,ECMDealTrancheDealId;ECMDealTrancheTrancheId;CurrencyISOCode;Value,false,false,,,false,documented,ECM_nn.xml,241,ReferencePrice | Reference Price | For non-US deals. Common stock price used to calculate conversion premium.,
ECM,ecm.tranche,Tranche,"One row per ECM Tranche, identified by DealId and TrancheId.",DealId;TrancheId,ecm.deal,RevisedCoupon,Revised Coupon,Coupon in the last revision statement.,String(15),string,15,,/ECM/Deals/Deal/Tranches/Tranche/RevisedCoupon,ECMDealTranches,RevisedCoupon,false,false,,,false,documented,ECM_nn.xml,242,RevisedCoupon | Revised Coupon | Coupon in the last revision statement.,
ECM,ecm.tranche,Tranche,"One row per ECM Tranche, identified by DealId and TrancheId.",DealId;TrancheId,ecm.deal,RevisedPremium,Tranche Revised Premium,Premium in the last revision statement on the tranche.,String(15),string,15,,/ECM/Deals/Deal/Tranches/Tranche/RevisedPremium,ECMDealTranches,RevisedPremium,false,false,,,false,documented,ECM_nn.xml,243,RevisedPremium | Tranche Revised Premium | Premium in the last revision statement on the tranche.,
ECM,ecm.tranche,Tranche,"One row per ECM Tranche, identified by DealId and TrancheId.",DealId;TrancheId,ecm.deal,RevisedRangeHigh,Tranche Revised Range High,High end of pricing range in the latest revision statement on the tranche.,Money(4),money,,4,/ECM/Deals/Deal/Tranches/Tranche/RevisedRangeHigh,ECMDealTranchesRevisedRangeHigh,ECMDealTrancheDealId;ECMDealTrancheTrancheId;CurrencyISOCode;Value,false,false,,,false,documented,ECM_nn.xml,244,RevisedRangeHigh | Tranche Revised Range High | High end of pricing range in the latest revision statement on the tranche.,
ECM,ecm.tranche,Tranche,"One row per ECM Tranche, identified by DealId and TrancheId.",DealId;TrancheId,ecm.deal,RevisedRangeLow,Tranche Revised Range Low,Low end of pricing range in the latest revision statement on the tranche.,Money(4),money,,4,/ECM/Deals/Deal/Tranches/Tranche/RevisedRangeLow,ECMDealTranchesRevisedRangeLow,ECMDealTrancheDealId;ECMDealTrancheTrancheId;CurrencyISOCode;Value,false,false,,,false,documented,ECM_nn.xml,245,RevisedRangeLow | Tranche Revised Range Low | Low end of pricing range in the latest revision statement on the tranche.,
ECM,ecm.tranche,Tranche,"One row per ECM Tranche, identified by DealId and TrancheId.",DealId;TrancheId,ecm.deal,SecurityTypeId,Security type,Link to reference indicating the type of security being sold in the offering.,Int,integer,,,/ECM/Deals/Deal/Tranches/Tranche/SecurityTypeId,ECMDealTranches,SecurityTypeId,false,true,reference_files.ecmsecuritytype,Id,false,documented,ECM_nn.xml,246,SecurityTypeId | Security type | Link to reference indicating the type of security being sold in the offering.,
ECM,ecm.tranche,Tranche,"One row per ECM Tranche, identified by DealId and TrancheId.",DealId;TrancheId,ecm.deal,SellingConcession,Selling Concession,Amount paid to the underwriters for selling the securities.,Money(4),money,,4,/ECM/Deals/Deal/Tranches/Tranche/SellingConcession,ECMDealTranchesSellingConcession,ECMDealTrancheDealId;ECMDealTrancheTrancheId;CurrencyISOCode;Value,false,false,,,false,documented,ECM_nn.xml,247,SellingConcession | Selling Concession | Amount paid to the underwriters for selling the securities.,
ECM,ecm.tranche,Tranche,"One row per ECM Tranche, identified by DealId and TrancheId.",DealId;TrancheId,ecm.deal,SharesDescription,Tranche Shares Description,Free text describing shares in the tranche.,String(100),string,100,,/ECM/Deals/Deal/Tranches/Tranche/SharesDescription,ECMDealTranchesSharesDescription,ECMDealTrancheDealId;ECMDealTrancheTrancheId;CurrencyISOCode;Value,false,false,,,false,documented,ECM_nn.xml,248,SharesDescription | Tranche Shares Description | Free text describing shares in the tranche.,
ECM,ecm.tranche,Tranche,"One row per ECM Tranche, identified by DealId and TrancheId.",DealId;TrancheId,ecm.deal,SharesExcludingOverallotment,Tranche Shares Offered Excl Ovl,Shares offered per tranche.,Decimal(0),decimal,,0,/ECM/Deals/Deal/Tranches/Tranche/SharesExcludingOverallotment,ECMDealTranches,SharesExcludingOverallotment,false,false,,,false,documented,ECM_nn.xml,249,SharesExcludingOverallotment | Tranche Shares Offered Excl Ovl | Shares offered per tranche.,
ECM,ecm.tranche,Tranche,"One row per ECM Tranche, identified by DealId and TrancheId.",DealId;TrancheId,ecm.deal,SharesInitialExcludingOverallotment,Tranche Shares Initial Excl Ovl,Shares filed per tranche in original filing.,Decimal(0),decimal,,0,/ECM/Deals/Deal/Tranches/Tranche/SharesInitialExcludingOverallotment,ECMDealTranches,SharesInitialExcludingOverallotment,false,false,,,false,documented,ECM_nn.xml,250,SharesInitialExcludingOverallotment | Tranche Shares Initial Excl Ovl | Shares filed per tranche in original filing.,
ECM,ecm.tranche,Tranche,"One row per ECM Tranche, identified by DealId and TrancheId.",DealId;TrancheId,ecm.deal,SharesRevisedExcludingOverallotment,Tranche Shares Revised Excl Ovl,Shares filed per tranche in last revision statement to original filing.,Decimal(0),decimal,,0,/ECM/Deals/Deal/Tranches/Tranche/SharesRevisedExcludingOverallotment,ECMDealTranches,SharesRevisedExcludingOverallotment,false,false,,,false,documented,ECM_nn.xml,251,SharesRevisedExcludingOverallotment | Tranche Shares Revised Excl Ovl | Shares filed per tranche in last revision statement to original filing.,
ECM,ecm.tranche,Tranche,"One row per ECM Tranche, identified by DealId and TrancheId.",DealId;TrancheId,ecm.deal,StockPremiumDiscountPercent,Premium/Discount(Stock),Percentage change from last trade before offer price to offer price. A negative value indicates a discount.,Decimal(3),decimal,,3,/ECM/Deals/Deal/Tranches/Tranche/StockPremiumDiscountPercent,ECMDealTranches,StockPremiumDiscountPercent,false,false,,,false,documented,ECM_nn.xml,252,StockPremiumDiscountPercent | Premium/Discount(Stock) | Percentage change from last trade before offer price to offer price. A negative value indicates a discount.,
ECM,ecm.tranche,Tranche,"One row per ECM Tranche, identified by DealId and TrancheId.",DealId;TrancheId,ecm.deal,SubTypeId,Tranche Sub Type,Link to reference indicating the sub type category that applies to the tranche.,Int,integer,,,/ECM/Deals/Deal/Tranches/Tranche/SubTypeId,ECMDealTranches,SubTypeId,false,true,reference_files.ecmsubtype,Id,false,documented,ECM_nn.xml,253,SubTypeId | Tranche Sub Type | Link to reference indicating the sub type category that applies to the tranche.,
ECM,ecm.tranche,Tranche,"One row per ECM Tranche, identified by DealId and TrancheId.",DealId;TrancheId,ecm.deal,Syndicate,SyndicateMember,Bank Syndicate Record.,Collection,collection,,,/ECM/Deals/Deal/Tranches/Tranche/Syndicate,ECMDealTranchesSyndicate,,false,false,,,true,documented,ECM_nn.xml,254,Syndicate | SyndicateMember | Bank Syndicate Record.,
ECM,ecm.tranche,Tranche,"One row per ECM Tranche, identified by DealId and TrancheId.",DealId;TrancheId,ecm.deal,TargetMarkets,TargetMarket,Multi-value list of target market countries.,Collection,collection,,,/ECM/Deals/Deal/Tranches/Tranche/TargetMarkets,ECMDealTranchesTargetMarkets,,false,false,,,true,documented,ECM_nn.xml,255,TargetMarkets | TargetMarket | Multi-value list of target market countries.,
ECM,ecm.tranche,Tranche,"One row per ECM Tranche, identified by DealId and TrancheId.",DealId;TrancheId,ecm.deal,TickerSymbol,Tranche Ticker Symbol,Ticker symbol for tranche offering.,String(10),string,10,,/ECM/Deals/Deal/Tranches/Tranche/TickerSymbol,ECMDealTranches,TickerSymbol,false,false,,,false,documented,ECM_nn.xml,256,TickerSymbol | Tranche Ticker Symbol | Ticker symbol for tranche offering.,
ECM,ecm.tranche,Tranche,"One row per ECM Tranche, identified by DealId and TrancheId.",DealId;TrancheId,ecm.deal,TrancheId,Tranche number,"Tranche number. Tranche #1 is the head tranche. Many items from the head tranche may be considered as deal-level fields and are reported as such in Dealogic systems,.",Int,integer,,,/ECM/Deals/Deal/Tranches/Tranche/TrancheId,ECMDealTranches,TrancheId,true,false,,,false,documented,ECM_nn.xml,257,"TrancheId | Tranche number | Tranche number. Tranche #1 is the head tranche. Many items from the head tranche may be considered as deal-level fields and are reported as such in Dealogic systems,.",
ECM,ecm.tranche,Tranche,"One row per ECM Tranche, identified by DealId and TrancheId.",DealId;TrancheId,ecm.deal,UnderwriterCount,# Underwriters,No. of underwriters involved in the deal.,Int,integer,,,/ECM/Deals/Deal/Tranches/Tranche/UnderwriterCount,ECMDealTranches,UnderwriterCount,false,false,,,false,documented,ECM_nn.xml,258,UnderwriterCount | # Underwriters | No. of underwriters involved in the deal.,
ECM,ecm.tranche,Tranche,"One row per ECM Tranche, identified by DealId and TrancheId.",DealId;TrancheId,ecm.deal,Value,Tranche Value,Tranche amount offered including overallotment (if exercised) in all tranches in USD.,Money(4),money,,4,/ECM/Deals/Deal/Tranches/Tranche/Value,ECMDealTranchesValue,ECMDealTrancheDealId;ECMDealTrancheTrancheId;CurrencyISOCode;Value,false,false,,,false,documented,ECM_nn.xml,259,Value | Tranche Value | Tranche amount offered including overallotment (if exercised) in all tranches in USD.,
ECM,ecm.tranche,Tranche,"One row per ECM Tranche, identified by DealId and TrancheId.",DealId;TrancheId,ecm.deal,WarrantEntitlement,Warrant Entitlement,Indicates how many shares each warrant can be converted into.,String(50),string,50,,/ECM/Deals/Deal/Tranches/Tranche/WarrantEntitlement,ECMDealTranches,WarrantEntitlement,false,false,,,false,documented,ECM_nn.xml,260,WarrantEntitlement | Warrant Entitlement | Indicates how many shares each warrant can be converted into.,
ECM,ecm.tranche,Tranche,"One row per ECM Tranche, identified by DealId and TrancheId.",DealId;TrancheId,ecm.deal,YearsToMaturity,Years to Maturity,Years until the issuer will redeem the issue by paying the principal.,Decimal(3),decimal,,3,/ECM/Deals/Deal/Tranches/Tranche/YearsToMaturity,ECMDealTranches,YearsToMaturity,false,false,,,false,documented,ECM_nn.xml,261,YearsToMaturity | Years to Maturity | Years until the issuer will redeem the issue by paying the principal.,
ECM,ecm.tranche,Tranche,"One row per ECM Tranche, identified by DealId and TrancheId.",DealId;TrancheId,ecm.deal,YieldToMaturityAnnualPercent,Yield (Annual),Annual rate of return on an investment.,Decimal(3),decimal,,3,/ECM/Deals/Deal/Tranches/Tranche/YieldToMaturityAnnualPercent,ECMDealTranches,YieldToMaturityAnnualPercent,false,false,,,false,documented,ECM_nn.xml,262,YieldToMaturityAnnualPercent | Yield (Annual) | Annual rate of return on an investment.,
ECM,ecm.tranche,Tranche,"One row per ECM Tranche, identified by DealId and TrancheId.",DealId;TrancheId,ecm.deal,YieldToMaturitySemiAnnualPercent,Yield (Semi-Annual),The semi-annual dividend a security will earn with the yield expressed as a percentage of the amount paid for a security.,Decimal(3),decimal,,3,/ECM/Deals/Deal/Tranches/Tranche/YieldToMaturitySemiAnnualPercent,ECMDealTranches,YieldToMaturitySemiAnnualPercent,false,false,,,false,documented,ECM_nn.xml,263,YieldToMaturitySemiAnnualPercent | Yield (Semi-Annual) | The semi-annual dividend a security will earn with the yield expressed as a percentage of the amount paid for a security.,
ECM,ecm.exchange,Exchange,"One row per ECM Exchange, identified by DealId and ExchangeId.",DealId;ExchangeId,ecm.deal,ExchangeId,Stock Exchange,Link to reference list of stock exchanges representing an exchange on which a company's shares are listed.,Int,integer,,,/ECM/Deals/Deal/Listings/Exchange/ExchangeId,ECMDealListings,ExchangeId,true,true,reference_files.exchange,Id,false,documented,ECM_nn.xml,270,ExchangeId | Stock Exchange | Link to reference list of stock exchanges representing an exchange on which a company's shares are listed.,
ECM,ecm.exchange,Exchange,"One row per ECM Exchange, identified by DealId and ExchangeId.",DealId;ExchangeId,ecm.deal,SortNumber,Sort Number,Used to determine the presentation order where there are multiple values. The item with sequence number 0 is generally the most significant or primary value.,Int,integer,,,/ECM/Deals/Deal/Listings/Exchange/SortNumber,ECMDealListings,SortNumber,false,false,,,false,documented,ECM_nn.xml,271,SortNumber | Sort Number | Used to determine the presentation order where there are multiple values. The item with sequence number 0 is generally the most significant or primary value.,
ECM,ecm.financialsponsor,FinancialSponsor,"One row per ECM FinancialSponsor, identified by DealId and TrancheId and FinancialSponsorId and ActivityTypeId.",DealId;TrancheId;FinancialSponsorId;ActivityTypeId,ecm.tranche,ActivityTypeId,Financial Sponsor Activity Type,"Activity type of the sponsor on the deal (Entry, Exit, Portfolio)",Int,integer,,,/ECM/Deals/Deal/Tranches/Tranche/FinancialSponsors/FinancialSponsor/ActivityTypeId,ECMDealTranchesFinancialSponsors,ActivityTypeId,true,true,reference_files.sponsoractivitytype,Id,false,documented,ECM_nn.xml,277,"ActivityTypeId | Financial Sponsor Activity Type | Activity type of the sponsor on the deal (Entry, Exit, Portfolio)",
ECM,ecm.financialsponsor,FinancialSponsor,"One row per ECM FinancialSponsor, identified by DealId and TrancheId and FinancialSponsorId and ActivityTypeId.",DealId;TrancheId;FinancialSponsorId;ActivityTypeId,ecm.tranche,FinancialSponsorId,Financial Sponsor,Link to Company Reference of the financial Sponsor involved in a deal.,Int,integer,,,/ECM/Deals/Deal/Tranches/Tranche/FinancialSponsors/FinancialSponsor/FinancialSponsorId,ECMDealTranchesFinancialSponsors,FinancialSponsorId,true,true,company.company,Id,false,documented,ECM_nn.xml,278,FinancialSponsorId | Financial Sponsor | Link to Company Reference of the financial Sponsor involved in a deal.,
ECM,ecm.financialsponsor,FinancialSponsor,"One row per ECM FinancialSponsor, identified by DealId and TrancheId and FinancialSponsorId and ActivityTypeId.",DealId;TrancheId;FinancialSponsorId;ActivityTypeId,ecm.tranche,SortNumber,Sort Number,Used to determine the presentation order where there are multiple values. The item with sequence number 0 is generally the most significant or primary value.,Int,integer,,,/ECM/Deals/Deal/Tranches/Tranche/Syndicate/SyndicateMember/SortNumber,ECMDealTranchesFinancialSponsors,SortNumber,false,false,,,false,documented,ECM_nn.xml,279,SortNumber | Sort Number | Used to determine the presentation order where there are multiple values. The item with sequence number 0 is generally the most significant or primary value.,
ECM,ecm.guarantor,Guarantor,"One row per ECM Guarantor, identified by DealId and GuarantorId.",DealId;GuarantorId,ecm.deal,GuarantorId,Guarantor,The institution guaranteeing the repayment of securities in the event of default of the issuer.,Int,integer,,,/ECM/Deals/Deal/Guarantors/Guarantor/GuarantorId,ECMDealGuarantors,GuarantorId,true,true,company.company,Id,false,documented,ECM_nn.xml,285,GuarantorId | Guarantor | The institution guaranteeing the repayment of securities in the event of default of the issuer.,
ECM,ecm.guarantor,Guarantor,"One row per ECM Guarantor, identified by DealId and GuarantorId.",DealId;GuarantorId,ecm.deal,SortNumber,Sort Number,Used to determine the presentation order where there are multiple values. The item with sequence number 0 is generally the most significant or primary value.,Int,integer,,,/ECM/Deals/Deal/Guarantors/Guarantor/SortNumber,ECMDealGuarantors,SortNumber,false,false,,,false,documented,ECM_nn.xml,286,SortNumber | Sort Number | Used to determine the presentation order where there are multiple values. The item with sequence number 0 is generally the most significant or primary value.,
ECM,ecm.lbomnadeal,LBOMNADeal,"One row per ECM LBOMNADeal, identified by DealId and LBOMNADealId.",DealId;LBOMNADealId,ecm.deal,LBOMNADealId,LBO MNA Deal #,Link to original LBO of portfolio company in the case of sponsor backed deals.,Int,integer,,,/ECM/Deals/Deal/LBOMNADeals/LBOMNADeal/LBOMNADealId,ECMDealLBOMNADeals,LBOMNADealId,true,false,,,false,documented,ECM_nn.xml,292,LBOMNADealId | LBO MNA Deal # | Link to original LBO of portfolio company in the case of sponsor backed deals.,
ECM,ecm.subtype,SubType,"One row per ECM SubType, identified by DealId and SubTypeId.",DealId;SubTypeId,ecm.deal,SortNumber,Sort Number,Used to determine the presentation order where there are multiple values. The item with sequence number 0 is generally the most significant or primary value.,Int,integer,,,/ECM/Deals/Deal/SubTypes/SubType/SortNumber,ECMDealSubTypes,SortNumber,false,false,,,false,documented,ECM_nn.xml,298,SortNumber | Sort Number | Used to determine the presentation order where there are multiple values. The item with sequence number 0 is generally the most significant or primary value.,
ECM,ecm.subtype,SubType,"One row per ECM SubType, identified by DealId and SubTypeId.",DealId;SubTypeId,ecm.deal,SubTypeId,Deal Sub Type,Link to ECM Deal Sub-type reference.,Int,integer,,,/ECM/Deals/Deal/SubTypes/SubType/SubTypeId,ECMDealSubTypes,SubTypeId,true,true,reference_files.ecmsubtype,Id,false,documented,ECM_nn.xml,299,SubTypeId | Deal Sub Type | Link to ECM Deal Sub-type reference.,
ECM,ecm.syndicatemember,SyndicateMember,"One row per ECM SyndicateMember, identified by DealId and TrancheId and BankId and RoleId.",DealId;TrancheId;BankId;RoleId,ecm.tranche,BankId,Bank Id,Link to company representing a bank in the syndicate.,Int,integer,,,/ECM/Deals/Deal/Tranches/Tranche/Syndicate/SyndicateMember/BankId,ECMDealTranchesSyndicate,BankId,true,true,company.company,Id,false,documented,ECM_nn.xml,305,BankId | Bank Id | Link to company representing a bank in the syndicate.,
ECM,ecm.syndicatemember,SyndicateMember,"One row per ECM SyndicateMember, identified by DealId and TrancheId and BankId and RoleId.",DealId;TrancheId;BankId;RoleId,ecm.tranche,BankRoleId,Bank Role Id,"Link to ECM bank role reference that describes the bank's role in the tranche (eg. Bookrunner, underwriter etc.).",Int,integer,,,/ECM/Deals/Deal/Tranches/Tranche/Syndicate/SyndicateMember/BankRoleId,ECMDealTranchesSyndicate,BankRoleId,false,true,reference_files.ecmbankrole,Id,false,documented,ECM_nn.xml,306,"BankRoleId | Bank Role Id | Link to ECM bank role reference that describes the bank's role in the tranche (eg. Bookrunner, underwriter etc.).",
ECM,ecm.syndicatemember,SyndicateMember,"One row per ECM SyndicateMember, identified by DealId and TrancheId and BankId and RoleId.",DealId;TrancheId;BankId;RoleId,ecm.tranche,IsSelfLed,Self Led (Y/N),True if the bookrunner and issuer are in the same group.,Bool,boolean,,,/ECM/Deals/Deal/Tranches/Tranche/Syndicate/SyndicateMember/IsSelfLed,ECMDealTranchesSyndicate,IsSelfLed,false,false,,,false,documented,ECM_nn.xml,307,IsSelfLed | Self Led (Y/N) | True if the bookrunner and issuer are in the same group.,
ECM,ecm.syndicatemember,SyndicateMember,"One row per ECM SyndicateMember, identified by DealId and TrancheId and BankId and RoleId.",DealId;TrancheId;BankId;RoleId,ecm.tranche,ParticipationAmount,ParticipationAmount,The underwriting participation of the bank within that tranche in US$ for convertible deals,Float,float,,,/ECM/Deals/Deal/Tranches/Tranche/Syndicate/SyndicateMember/ParticipationAmount,ECMDealTranchesSyndicate,ParticipationAmount,false,false,,,false,documented,ECM_nn.xml,308,ParticipationAmount | ParticipationAmount | The underwriting participation of the bank within that tranche in US$ for convertible deals,
ECM,ecm.syndicatemember,SyndicateMember,"One row per ECM SyndicateMember, identified by DealId and TrancheId and BankId and RoleId.",DealId;TrancheId;BankId;RoleId,ecm.tranche,ParticpationPercent,ParticipationPercent,The underwriting participation percentage of the bank within that tranche.,Float,float,,,/ECM/Deals/Deal/Tranches/Tranche/Syndicate/SyndicateMember/ParticipationPercent,ECMDealTranchesSyndicate,ParticipationPercent,false,false,,,false,documented,ECM_nn.xml,309,ParticpationPercent | ParticipationPercent | The underwriting participation percentage of the bank within that tranche.,
ECM,ecm.syndicatemember,SyndicateMember,"One row per ECM SyndicateMember, identified by DealId and TrancheId and BankId and RoleId.",DealId;TrancheId;BankId;RoleId,ecm.tranche,ParticipationShares,ParticipationShares,The underwriting participation of the bank within that tranche in shares for non-convertible deals.,Float,float,,,/ECM/Deals/Deal/Tranches/Tranche/Syndicate/SyndicateMember/ParticipationShares,ECMDealTranchesSyndicate,ParticipationShares,false,false,,,false,documented,ECM_nn.xml,310,ParticipationShares | ParticipationShares | The underwriting participation of the bank within that tranche in shares for non-convertible deals.,
ECM,ecm.syndicatemember,SyndicateMember,"One row per ECM SyndicateMember, identified by DealId and TrancheId and BankId and RoleId.",DealId;TrancheId;BankId;RoleId,ecm.tranche,SortNumber,Sort sequence number,Sequence number used in presentation to preserve the order of display of banks in the syndicate. This is usually based on the seniority of the role the bank played in the deal.,Int,integer,,,/ECM/Deals/Deal/Tranches/Tranche/Syndicate/SyndicateMember/SortNumber,ECMDealTranchesSyndicate,SortNumber,false,false,,,false,documented,ECM_nn.xml,311,SortNumber | Sort sequence number | Sequence number used in presentation to preserve the order of display of banks in the syndicate. This is usually based on the seniority of the role the bank played in the deal.,
ECM,ecm.attorney,Attorney,"One row per ECM Attorney, identified by DealId and AttorneyId and AttorneyRoleId.",DealId;AttorneyId;AttorneyRoleId,ecm.deal,AttorneyId,Attorney,Link to Company reference of lawyers associated with the deal.,Int,integer,,,/ECM/Deals/Deal/Attorneys/Attorney/AttorneyId,ECMDealAttorneys,AttorneyId,true,true,company.company,Id,false,documented,ECM_nn.xml,317,AttorneyId | Attorney | Link to Company reference of lawyers associated with the deal.,
ECM,ecm.attorney,Attorney,"One row per ECM Attorney, identified by DealId and AttorneyId and AttorneyRoleId.",DealId;AttorneyId;AttorneyRoleId,ecm.deal,AttorneyRoleId,Attorney role,Link to attorney role reference table that categorises the role played by a particular attorney in the deal.,Int,integer,,,/ECM/Deals/Deal/Attorneys/Attorney/AttorneyRoleId,ECMDealAttorneys,AttorneyRoleId,true,true,reference_files.ecmattorneyrole,Id,false,documented,ECM_nn.xml,318,AttorneyRoleId | Attorney role | Link to attorney role reference table that categorises the role played by a particular attorney in the deal.,
ECM,ecm.attorney,Attorney,"One row per ECM Attorney, identified by DealId and AttorneyId and AttorneyRoleId.",DealId;AttorneyId;AttorneyRoleId,ecm.deal,SortNumber,Sort Number,Used to determine the presentation order where there are multiple values. The item with sequence number 0 is generally the most significant or primary value.,Int,integer,,,/ECM/Deals/Deal/Attorneys/Attorney/SortNumber,ECMDealAttorneys,SortNumber,false,false,,,false,documented,ECM_nn.xml,319,SortNumber | Sort Number | Used to determine the presentation order where there are multiple values. The item with sequence number 0 is generally the most significant or primary value.,
ECM,ecm.use,Use,"One row per ECM Use, identified by DealId and UseId.",DealId;UseId,ecm.deal,SortNumber,Sort Number,Used to determine the presentation order where there are multiple values. The item with sequence number 0 is generally the most significant or primary value.,Int,integer,,,/ECM/Deals/Deal/UseOfProceeds/Use/SortNumber,ECMDealUseOfProceeds,SortNumber,false,false,,,false,documented,ECM_nn.xml,325,SortNumber | Sort Number | Used to determine the presentation order where there are multiple values. The item with sequence number 0 is generally the most significant or primary value.,
ECM,ecm.use,Use,"One row per ECM Use, identified by DealId and UseId.",DealId;UseId,ecm.deal,UseId,Use of Proceeds Id,Link to the Use of Proceeds reference.,Int,integer,,,/ECM/Deals/Deal/UseOfProceeds/Use/UseId,ECMDealUseOfProceeds,UseId,true,true,reference_files.proceeds,Id,false,documented,ECM_nn.xml,326,UseId | Use of Proceeds Id | Link to the Use of Proceeds reference.,
ECM,ecm.vendor,Vendor,"One row per ECM Vendor, identified by DealId and VendorId.",DealId;VendorId,ecm.deal,SortNumber,Sort Number,Used to determine the presentation order where there are multiple values. The item with sequence number 0 is generally the most significant or primary value.,Int,integer,,,/ECM/Deals/Deal/Vendors/Vendor/SortNumber,ECMDealVendors,SortNumber,false,false,,,false,documented,ECM_nn.xml,332,SortNumber | Sort Number | Used to determine the presentation order where there are multiple values. The item with sequence number 0 is generally the most significant or primary value.,
ECM,ecm.vendor,Vendor,"One row per ECM Vendor, identified by DealId and VendorId.",DealId;VendorId,ecm.deal,VendorId,Vendor,Name of vendor/selling shareholder(s).,Int,integer,,,/ECM/Deals/Deal/Vendors/Vendor/VendorId,ECMDealVendors,VendorId,true,true,company.company,Id,false,documented,ECM_nn.xml,333,VendorId | Vendor | Name of vendor/selling shareholder(s).,
ECM,ecm.targetmarket,TargetMarket,"One row per ECM TargetMarket, identified by DealId and TrancheId and TargetMarketId.",DealId;TrancheId;TargetMarketId,ecm.tranche,SortNumber,Sort Number,Used to determine the presentation order where there are multiple values. The item with sequence number 0 is generally the most significant or primary value.,Int,integer,,,/ECM/Deals/Deal/Tranches/Tranche/TargetMarkets/TargetMarket/SortNumber,ECMDealTranchesTargetMarkets,SortNumber,false,false,,,false,documented,ECM_nn.xml,339,SortNumber | Sort Number | Used to determine the presentation order where there are multiple values. The item with sequence number 0 is generally the most significant or primary value.,
ECM,ecm.targetmarket,TargetMarket,"One row per ECM TargetMarket, identified by DealId and TrancheId and TargetMarketId.",DealId;TrancheId;TargetMarketId,ecm.tranche,TargetMarketId,Target Market,Link to country reference representing the issuer's target market for the offering.,Int,integer,,,/ECM/Deals/Deal/Tranches/Tranche/TargetMarkets/TargetMarket/TargetMarketId,ECMDealTranchesTargetMarkets,TargetMarketId,true,true,reference_files.country,Id,false,documented,ECM_nn.xml,340,TargetMarketId | Target Market | Link to country reference representing the issuer's target market for the offering.,
ECMSHARE,ecmshare.deal,Deal,"One row per ECMSHARE Deal, identified by DealId.",DealId,,DealId,Deal number,Dealogic deal number of the deal linked to the shares associated with this pricing information.,Int,integer,,,/ECMSHARE/Deals/Deal/DealId,ShareECMDeal,DealId,true,true,ecm.deal,DealId,false,documented,ECMSHARE_nn.xml,8,DealId | Deal number | Dealogic deal number of the deal linked to the shares associated with this pricing information.,
ECMSHARE,ecmshare.deal,Deal,"One row per ECMSHARE Deal, identified by DealId.",DealId,,IsDeleted,Deleted Flag,Flag to indicate that the record identified by the key value has been removed from the feed. Note,Bool,boolean,,,/ECMSHARE/Deals/Deal/IsDeleted,ShareECMDeal,IsDeleted,false,false,,,false,documented,ECMSHARE_nn.xml,9,IsDeleted | Deleted Flag | Flag to indicate that the record identified by the key value has been removed from the feed. Note,
ECMSHARE,ecmshare.deal,Deal,"One row per ECMSHARE Deal, identified by DealId.",DealId,,Tranches,Tranche,Collection of associated Tranches to which the share price data is attached.,Collection,collection,,,/ECMSHARE/Deals/Deal/Tranches,ShareECMDealTranches,,false,false,,,true,documented,ECMSHARE_nn.xml,10,Tranches | Tranche | Collection of associated Tranches to which the share price data is attached.,
ECMSHARE,ecmshare.tranche,Tranche,"One row per ECMSHARE Tranche, identified by DealId and TrancheId.",DealId;TrancheId,ecmshare.deal,AfterMarket,Performance,set of datapoints each holding share price information for a particular period after the shares were issued. This is used to track the performance of the new shares following the IPO.,Collection,collection,,,/ECMSHARE/Deals/Deal/Tranches/Tranche/AfterMarket,ShareECMDealTranchesAfterMarket,,false,false,,,true,documented,ECMSHARE_nn.xml,16,AfterMarket | Performance | set of datapoints each holding share price information for a particular period after the shares were issued. This is used to track the performance of the new shares following the IPO.,
ECMSHARE,ecmshare.tranche,Tranche,"One row per ECMSHARE Tranche, identified by DealId and TrancheId.",DealId;TrancheId,ecmshare.deal,TrancheId,Tranche number,"Tranche number. Tranche #1 is the head tranche. Many items from the head tranche may be considered as deal-level fields and are reported as such in Dealogic systems,.",Int,integer,,,/ECMSHARE/Deals/Deal/Tranches/Tranche/TrancheId,ShareECMDealTranches,TrancheId,true,true,,,false,database_verified,ECMSHARE_nn.xml,17,"TrancheId | Tranche number | Tranche number. Tranche #1 is the head tranche. Many items from the head tranche may be considered as deal-level fields and are reported as such in Dealogic systems,.","Live verification in July 2026 confirmed the composite join (ShareECMDealDealId, TrancheId) to ECMDealTranches(ECMDealDealId, TrancheId)."
ECMSHARE,ecmshare.performance,Performance,"One row per ECMSHARE Performance, identified by DealId and TrancheId and PricePeriodId.",DealId;TrancheId;PricePeriodId,ecmshare.tranche,PercentChange,Percent Change,% change in share price over the time period,Decimal(4),decimal,,4,/ECMSHARE/Deals/Deal/Tranches/Tranche/AfterMarket/Performance/PercentChange,ShareECMDealTranchesAfterMarket,PercentChange,false,false,,,false,documented,ECMSHARE_nn.xml,23,PercentChange | Percent Change | % change in share price over the time period,
ECMSHARE,ecmshare.performance,Performance,"One row per ECMSHARE Performance, identified by DealId and TrancheId and PricePeriodId.",DealId;TrancheId;PricePeriodId,ecmshare.tranche,Price,Closing price,The companies closing share price on the date associated to the record.,Money(4),money,,4,/ECMSHARE/Deals/Deal/Tranches/Tranche/AfterMarket/Performance/Price,ShareECMDealTranchesAfterMarketPrice,ShareECMDealTranchePerformanceDealId;ShareECMDealTranchePerformanceTrancheId;ShareECMDealTranchePerformancePricePeriodId;CurrencyISOCode;Value,false,false,,,false,documented,ECMSHARE_nn.xml,24,Price | Closing price | The companies closing share price on the date associated to the record.,
ECMSHARE,ecmshare.performance,Performance,"One row per ECMSHARE Performance, identified by DealId and TrancheId and PricePeriodId.",DealId;TrancheId;PricePeriodId,ecmshare.tranche,PriceDate,Date,The date on which the share price was applicable.,DateTime,datetime,,,/ECMSHARE/Deals/Deal/Tranches/Tranche/AfterMarket/Performance/PriceDate,ShareECMDealTranchesAfterMarket,PriceDate,false,false,,,false,documented,ECMSHARE_nn.xml,25,PriceDate | Date | The date on which the share price was applicable.,
ECMSHARE,ecmshare.performance,Performance,"One row per ECMSHARE Performance, identified by DealId and TrancheId and PricePeriodId.",DealId;TrancheId;PricePeriodId,ecmshare.tranche,PricePeriodId,Price Period Id,Link to reference table denoting the period over which the percentage change applies.,Int,integer,,,/ECMSHARE/Deals/Deal/Tranches/Tranche/AfterMarket/Performance/PricePeriodId,ShareECMDealTranchesAfterMarket,PricePeriodId,true,true,reference_files.ecmpriceperiod,,false,documented,ECMSHARE_nn.xml,26,PricePeriodId | Price Period Id | Link to reference table denoting the period over which the percentage change applies.,
LOAN,loan.deal,Deal,"One row per LOAN Deal, identified by DealId.",DealId,,AnnouncementDate,Announcement Date,Denotes the date on which the information on a deal was released.,DateTime,datetime,,,/LOAN/Deals/Deal/AnnouncementDate,LoanDeal,AnnouncementDate,false,false,,,false,documented,LOAN_nn.xml,7,AnnouncementDate | Announcement Date | Denotes the date on which the information on a deal was released.,
LOAN,loan.deal,Deal,"One row per LOAN Deal, identified by DealId.",DealId,,BankCount,# Banks,Number of banks involved in the deal,Int,integer,,,/LOAN/Deals/Deal/BankCount,LoanDeal,BankCount,false,false,,,false,documented,LOAN_nn.xml,8,BankCount | # Banks | Number of banks involved in the deal,
LOAN,loan.deal,Deal,"One row per LOAN Deal, identified by DealId.",DealId,,BookrunnerCount,# Bookrunners,Number of bookrunners involved in the deal,Int,integer,,,/LOAN/Deals/Deal/BookrunnerCount,LoanDeal,BookrunnerCount,false,false,,,false,documented,LOAN_nn.xml,9,BookrunnerCount | # Bookrunners | Number of bookrunners involved in the deal,
LOAN,loan.deal,Deal,"One row per LOAN Deal, identified by DealId.",DealId,,CoManagerCount,# Co-Managers,Number of co-managers involved in the deal,Int,integer,,,/LOAN/Deals/Deal/CoManagerCount,LoanDeal,CoManagerCount,false,false,,,false,documented,LOAN_nn.xml,10,CoManagerCount | # Co-Managers | Number of co-managers involved in the deal,
LOAN,loan.deal,Deal,"One row per LOAN Deal, identified by DealId.",DealId,,Comments,Dealogic Deal Note,Remarks on the specifics of the deal.,String(8000),string,8000,,/LOAN/Deals/Deal/Comments,LoanDeal,Comments,false,false,,,false,documented,LOAN_nn.xml,11,Comments | Dealogic Deal Note | Remarks on the specifics of the deal.,
LOAN,loan.deal,Deal,"One row per LOAN Deal, identified by DealId.",DealId,,CommonStatusId,Deal Status,Link to the deal status reference table.,Int,integer,,,/LOAN/Deals/Deal/CommonStatusId,LoanDeal,CommonStatusId,false,true,reference_files.dealstatus.dealstatus,Id,false,documented,LOAN_nn.xml,12,CommonStatusId | Deal Status | Link to the deal status reference table.,
LOAN,loan.deal,Deal,"One row per LOAN Deal, identified by DealId.",DealId,,Companies,Company,Borrowers and sponsors connected to the deal.,Collection,collection,,,/LOAN/Deals/Deal/Companies,LoanDealCompanies,,false,false,,,true,documented,LOAN_nn.xml,13,Companies | Company | Borrowers and sponsors connected to the deal.,
LOAN,loan.deal,Deal,"One row per LOAN Deal, identified by DealId.",DealId,,CortexDealId,GIB Deal #,An Id calculated from the Analytics Deal Id offset by a fixed value. This is to provide an unique ID across all products..,Int,integer,,,/LOAN/Deals/Deal/CortexDealId,LoanDeal,CortexDealId,false,false,,,false,documented,LOAN_nn.xml,14,CortexDealId | GIB Deal # | An Id calculated from the Analytics Deal Id offset by a fixed value. This is to provide an unique ID across all products..,
LOAN,loan.deal,Deal,"One row per LOAN Deal, identified by DealId.",DealId,,CreditDate,Credit Date,Date on which banks receive credit for league tables; loan agreement date if existent otherwise signing date.,DateTime,datetime,,,/LOAN/Deals/Deal/CreditDate,LoanDeal,CreditDate,false,false,,,false,documented,LOAN_nn.xml,15,CreditDate | Credit Date | Date on which banks receive credit for league tables; loan agreement date if existent otherwise signing date.,
LOAN,loan.deal,Deal,"One row per LOAN Deal, identified by DealId.",DealId,,DealId,LOAN Deal #,Reference number of a deal.,Int,integer,,,/LOAN/Deals/Deal/DealId,LoanDeal,DealId,true,false,,,false,documented,LOAN_nn.xml,16,DealId | LOAN Deal # | Reference number of a deal.,
LOAN,loan.deal,Deal,"One row per LOAN Deal, identified by DealId.",DealId,,FinancialSponsors,FinancialSponsor,Financial Sponsors involved in the deal.,Collection,collection,,,/LOAN/Deals/Deal/FinancialSponsors,LoanDealFinancialSponsors,,false,false,,,true,documented,LOAN_nn.xml,17,FinancialSponsors | FinancialSponsor | Financial Sponsors involved in the deal.,
LOAN,loan.deal,Deal,"One row per LOAN Deal, identified by DealId.",DealId,,FundingDate,Loan Agreement Signing Date,"In the case of acquisitions/LBOs/project financings, when top-tier banks commit to funds prior to general syndication.",DateTime,datetime,,,/LOAN/Deals/Deal/FundingDate,LoanDeal,FundingDate,false,false,,,false,documented,LOAN_nn.xml,18,"FundingDate | Loan Agreement Signing Date | In the case of acquisitions/LBOs/project financings, when top-tier banks commit to funds prior to general syndication.",
LOAN,loan.deal,Deal,"One row per LOAN Deal, identified by DealId.",DealId,,IsCorporateLeveraged,Corporate Leveraged Y/N,Indicates whether a company is leveraged.,Bool,boolean,,,/LOAN/Deals/Deal/IsCorporateLeveraged,LoanDeal,IsCorporateLeveraged,false,false,,,false,documented,LOAN_nn.xml,19,IsCorporateLeveraged | Corporate Leveraged Y/N | Indicates whether a company is leveraged.,
LOAN,loan.deal,Deal,"One row per LOAN Deal, identified by DealId.",DealId,,IsDeleted,Deleted flag,Flag to indicate that the deal identified by the DealId key value has been removed from the feed.,Bool,boolean,,,/LOAN/Deals/Deal/IsDeleted,LoanDeal,IsDeleted,false,false,,,false,documented,LOAN_nn.xml,20,IsDeleted | Deleted flag | Flag to indicate that the deal identified by the DealId key value has been removed from the feed.,
LOAN,loan.deal,Deal,"One row per LOAN Deal, identified by DealId.",DealId,,IsSelfLed,Self-Led (Y/N),True if any trance on the deal has a borrower that is also a bank in the bookrunner or mandated arranger role.,Bool,boolean,,,/LOAN/Deals/Deal/IsSelfLed,LoanDeal,IsSelfLed,false,false,,,false,documented,LOAN_nn.xml,21,IsSelfLed | Self-Led (Y/N) | True if any trance on the deal has a borrower that is also a bank in the bookrunner or mandated arranger role.,
LOAN,loan.deal,Deal,"One row per LOAN Deal, identified by DealId.",DealId,,IsSponsorRelated,Financial Sponsor Related Flag,Indicates if there is Private equity firm involvement.,Bool,boolean,,,/LOAN/Deals/Deal/IsSponsorRelated,LoanDeal,IsSponsorRelated,false,false,,,false,documented,LOAN_nn.xml,22,IsSponsorRelated | Financial Sponsor Related Flag | Indicates if there is Private equity firm involvement.,
LOAN,loan.deal,Deal,"One row per LOAN Deal, identified by DealId.",DealId,,IsStapleFinance,Staple Finance (Y/N),Denotes if the loan is a pre-arranged financing package offered in connection with the acquisition.,Bool,boolean,,,/LOAN/Deals/Deal/IsStapleFinance,LoanDeal,IsStapleFinance,false,false,,,false,documented,LOAN_nn.xml,23,IsStapleFinance | Staple Finance (Y/N) | Denotes if the loan is a pre-arranged financing package offered in connection with the acquisition.,
LOAN,loan.deal,Deal,"One row per LOAN Deal, identified by DealId.",DealId,,LBOMNADeals,LBO MNA Deals,Link to original LBO of portfolio company in the case of sponsor backed deals.,Collection,collection,,,/DCM/Deals/Deal/LBOMNADeals,LoanDealLBOMNADeals,,false,false,,,true,documented,LOAN_nn.xml,24,LBOMNADeals | LBO MNA Deals | Link to original LBO of portfolio company in the case of sponsor backed deals.,
LOAN,loan.deal,Deal,"One row per LOAN Deal, identified by DealId.",DealId,,LeadBankCount,# Lead Banks,Consolidated number of bank groups in the role of Lead Bank in the combined syndicates of all tranches.,Int,integer,,,/LOAN/Deals/Deal/LeadBankCount,LoanDeal,LeadBankCount,false,false,,,false,documented,LOAN_nn.xml,25,LeadBankCount | # Lead Banks | Consolidated number of bank groups in the role of Lead Bank in the combined syndicates of all tranches.,
LOAN,loan.deal,Deal,"One row per LOAN Deal, identified by DealId.",DealId,,MNARelatedDeals,MNARelatedDeal,List of M&A deals associated with the loan.,Collection,collection,,,/LOAN/Deals/Deal/MNARelatedDeals,LoanDealMNARelatedDeals,,false,false,,,true,documented,LOAN_nn.xml,26,MNARelatedDeals | MNARelatedDeal | List of M&A deals associated with the loan.,
LOAN,loan.deal,Deal,"One row per LOAN Deal, identified by DealId.",DealId,,NationalityISOCode,Deal Nationality,Nationality of the deal. taken from the nationality of the primary borrower.,String(3),string,3,,/LOAN/Deals/Deal/NationalityISOCode,LoanDeal,NationalityISOCode,false,false,,,false,documented,LOAN_nn.xml,27,NationalityISOCode | Deal Nationality | Nationality of the deal. taken from the nationality of the primary borrower.,
LOAN,loan.deal,Deal,"One row per LOAN Deal, identified by DealId.",DealId,,NumberOfTranches,Number of Tranches,Number of tranches on a deal.,Int,integer,,,/LOAN/Deals/Deal/NumberOfTranches,LoanDeal,NumberOfTranches,false,false,,,false,documented,LOAN_nn.xml,28,NumberOfTranches | Number of Tranches | Number of tranches on a deal.,
LOAN,loan.deal,Deal,"One row per LOAN Deal, identified by DealId.",DealId,,SignDate,Signing Date,Date of syndication signing .,DateTime,datetime,,,/LOAN/Deals/Deal/SignDate,LoanDeal,SignDate,false,false,,,false,documented,LOAN_nn.xml,29,SignDate | Signing Date | Date of syndication signing .,
LOAN,loan.deal,Deal,"One row per LOAN Deal, identified by DealId.",DealId,,TotalValue,Total Deal Value,Value of total deal. Includes tranches that are not rank eligible.,Money,money,,,/LOAN/Deals/Deal/TotalValue,LoanDealTotalValue,LoanDealDealId;CurrencyISOCode;Value,false,false,,,false,documented,LOAN_nn.xml,30,TotalValue | Total Deal Value | Value of total deal. Includes tranches that are not rank eligible.,
LOAN,loan.deal,Deal,"One row per LOAN Deal, identified by DealId.",DealId,,Tranches,Tranche,Tranche Records.,Collection,collection,,,/LOAN/Deals/Deal/Tranches,LoanDealTranches,,false,false,,,true,documented,LOAN_nn.xml,31,Tranches | Tranche | Tranche Records.,
LOAN,loan.deal,Deal,"One row per LOAN Deal, identified by DealId.",DealId,,TypeId,Deal Type,"Link to the deal type reference table. Iindicates if the deal is investment grade, leveraged or highly leveraged.",Int,integer,,,/LOAN/Deals/Deal/TypeId,LoanDeal,TypeId,false,true,reference_files.loandealtype,Id,false,documented,LOAN_nn.xml,32,"TypeId | Deal Type | Link to the deal type reference table. Iindicates if the deal is investment grade, leveraged or highly leveraged.",
LOAN,loan.deal,Deal,"One row per LOAN Deal, identified by DealId.",DealId,,Value,Deal Value,Total value of the rank eligible tranches of deal.,Money,money,,,/LOAN/Deals/Deal/Value,LoanDealValue,LoanDealDealId;CurrencyISOCode;Value,false,false,,,false,documented,LOAN_nn.xml,33,Value | Deal Value | Total value of the rank eligible tranches of deal.,
LOAN,loan.tranche,Tranche,"One row per LOAN Tranche, identified by DealId and TrancheId.",DealId;TrancheId,loan.deal,AllInPricingBP,All-in Pricing (bp.),"Measures how much a borrower has had to pay. Sum of margin, facility fee and utilization fee of a tranche.",Decimal(4),decimal,,4,/LOAN/Deals/Deal/Tranches/Tranche/AllInPricingBP,LoanDealTranches,AllInPricingBP,false,false,,,false,documented,LOAN_nn.xml,39,"AllInPricingBP | All-in Pricing (bp.) | Measures how much a borrower has had to pay. Sum of margin, facility fee and utilization fee of a tranche.",
LOAN,loan.tranche,Tranche,"One row per LOAN Tranche, identified by DealId and TrancheId.",DealId;TrancheId,loan.deal,BankCount,Tranche # Banks,Number of banks involved in the tranche,Int,integer,,,/LOAN/Deals/Deal/Tranches/Tranche/BankCount,LoanDealTranches,BankCount,false,false,,,false,documented,LOAN_nn.xml,40,BankCount | Tranche # Banks | Number of banks involved in the tranche,
LOAN,loan.tranche,Tranche,"One row per LOAN Tranche, identified by DealId and TrancheId.",DealId;TrancheId,loan.deal,BookrunnerCount,Tranche # Bookrunners,Number of bookrunners involved in the tranche,Int,integer,,,/LOAN/Deals/Deal/Tranches/Tranche/BookrunnerCount,LoanDealTranches,BookrunnerCount,false,false,,,false,documented,LOAN_nn.xml,41,BookrunnerCount | Tranche # Bookrunners | Number of bookrunners involved in the tranche,
LOAN,loan.tranche,Tranche,"One row per LOAN Tranche, identified by DealId and TrancheId.",DealId;TrancheId,loan.deal,BorrowingBase,Base,"Base used (Libor, Prime etc)",String (1000),string,1000,,/LOAN/Deals/Deal/Tranches/Tranche/BorrowingBase,LoanDealTranches,BorrowingBase,false,false,,,false,documented,LOAN_nn.xml,42,"BorrowingBase | Base | Base used (Libor, Prime etc)",
LOAN,loan.tranche,Tranche,"One row per LOAN Tranche, identified by DealId and TrancheId.",DealId;TrancheId,loan.deal,CancelledDate,Cancelled Date,Date on which the loan agreement was terminated if this is prior to the stated maturity date for any reason.,DateTime,datetime,,,/LOAN/Deals/Deal/Tranches/Tranche/CancelledDate,LoanDealTranches,CancelledDate,false,false,,,false,documented,LOAN_nn.xml,43,CancelledDate | Cancelled Date | Date on which the loan agreement was terminated if this is prior to the stated maturity date for any reason.,
LOAN,loan.tranche,Tranche,"One row per LOAN Tranche, identified by DealId and TrancheId.",DealId;TrancheId,loan.deal,CancelledFlag,Cancelled Flag,"Flag indicating whether the deal has been cancelled, amended, prepaid, refinanced or withdrawn .",String(1),string,1,,/LOAN/Deals/Deal/Tranches/Tranche/CancelledFlag,LoanDealTranches,CancelledFlag,false,false,,,false,documented,LOAN_nn.xml,44,"CancelledFlag | Cancelled Flag | Flag indicating whether the deal has been cancelled, amended, prepaid, refinanced or withdrawn .",
LOAN,loan.tranche,Tranche,"One row per LOAN Tranche, identified by DealId and TrancheId.",DealId;TrancheId,loan.deal,CommitmentFees,CommitmentFee,Potentially multi-value step-up or step-down commitment fees.,Collection,collection,,,/LOAN/Deals/Deal/Tranches/Tranche/CommitmentFees,LoanDealTranchesCommitmentFees,,false,false,,,true,documented,LOAN_nn.xml,45,CommitmentFees | CommitmentFee | Potentially multi-value step-up or step-down commitment fees.,
LOAN,loan.tranche,Tranche,"One row per LOAN Tranche, identified by DealId and TrancheId.",DealId;TrancheId,loan.deal,CommonStatusId,Deal Status,Link to the deal status reference table.,Int,integer,,,/LOAN/Deals/Deal/CommonStatusId,LoanDealTranches,CommonStatusId,false,true,reference_files.dealstatus.dealstatus,Id,false,documented,LOAN_nn.xml,46,CommonStatusId | Deal Status | Link to the deal status reference table.,
LOAN,loan.tranche,Tranche,"One row per LOAN Tranche, identified by DealId and TrancheId.",DealId;TrancheId,loan.deal,CurrencyISOCode,Tranche Currency,Currency of a tranche.,String(3),string,3,,/LOAN/Deals/Deal/Tranches/Tranche/CurrencyISOCode,LoanDealTranches,CurrencyISOCode,false,true,reference_files.currency,ISOCode,false,documented,LOAN_nn.xml,47,CurrencyISOCode | Tranche Currency | Currency of a tranche.,
LOAN,loan.tranche,Tranche,"One row per LOAN Tranche, identified by DealId and TrancheId.",DealId;TrancheId,loan.deal,ExchangeRates,Exchange Rate,Exchange Rates to USD and Euro.,ExchangeRate,exchange_rate,,,/LOAN/Deals/Deal/Tranches/Tranche/ExchangeRates,LoanDealTranchesExchangeRates,LoanDealTracheDealId;LoanDealTrancheTrancheId;Date;FromCurrencyISOCode;Rate;ToCurrencyISOCode;Value,false,false,,,false,documented,LOAN_nn.xml,48,ExchangeRates | Exchange Rate | Exchange Rates to USD and Euro.,
LOAN,loan.tranche,Tranche,"One row per LOAN Tranche, identified by DealId and TrancheId.",DealId;TrancheId,loan.deal,Guarantors,Guarantor,Link to the collection of Guarantors on the deal,Collection,collection,,,/LOAN/Deals/Deal/Tranches/Tranche/Guarantors,LoanDealTranchesGuarantors,,false,false,,,true,documented,LOAN_nn.xml,49,Guarantors | Guarantor | Link to the collection of Guarantors on the deal,
LOAN,loan.tranche,Tranche,"One row per LOAN Tranche, identified by DealId and TrancheId.",DealId;TrancheId,loan.deal,IncDec,Increased/Decreased,Denotes if a deal was increased or decreased following syndication. code I is for Increased; code D for decreased.,String(1),string,1,,/LOAN/Deals/Deal/Tranches/Tranche/IncDec,LoanDealTranches,IncDec,false,false,,,false,documented,LOAN_nn.xml,50,IncDec | Increased/Decreased | Denotes if a deal was increased or decreased following syndication. code I is for Increased; code D for decreased.,
LOAN,loan.tranche,Tranche,"One row per LOAN Tranche, identified by DealId and TrancheId.",DealId;TrancheId,loan.deal,IncreaseDecrease,I/D Amount (local),Amount that the deal has been increase/decreased by.,Money,money,,,/LOAN/Deals/Deal/Tranches/Tranche/IncreaseDecrease,LoanDealTranchesIncreaseDecrease,LoanDealTrancheDealId;LoanDealTrancheTrancheId;CurrencyISOCode;Value,false,false,,,false,documented,LOAN_nn.xml,51,IncreaseDecrease | I/D Amount (local) | Amount that the deal has been increase/decreased by.,
LOAN,loan.tranche,Tranche,"One row per LOAN Tranche, identified by DealId and TrancheId.",DealId;TrancheId,loan.deal,InstrumentTypes,InstrumentType,Multi-value list of Loan instrument types.,Collection,collection,,,/LOAN/Deals/Deal/Tranches/Tranche/InstrumentTypes,LoanDealTranchesInstrumentTypes,,false,false,,,true,documented,LOAN_nn.xml,52,InstrumentTypes | InstrumentType | Multi-value list of Loan instrument types.,
LOAN,loan.tranche,Tranche,"One row per LOAN Tranche, identified by DealId and TrancheId.",DealId;TrancheId,loan.deal,IsBilateral,Tranche Bilateral Flag,A transaction involving only two parties; the borrower and bank.,Bool,boolean,,,/LOAN/Deals/Deal/Tranches/Tranche/IsBilateral,LoanDealTranches,IsBilateral,false,false,,,false,documented,LOAN_nn.xml,53,IsBilateral | Tranche Bilateral Flag | A transaction involving only two parties; the borrower and bank.,
LOAN,loan.tranche,Tranche,"One row per LOAN Tranche, identified by DealId and TrancheId.",DealId;TrancheId,loan.deal,IsBookRankEligible,Bookrunner Rank Eligible Flag,Indicates whether a tranche is eligible for bookrunner credit.,Bool,boolean,,,/LOAN/Deals/Deal/Tranches/Tranche/IsBookRankEligible,LoanDealTranches,IsBookRankEligible,false,false,,,false,documented,LOAN_nn.xml,54,IsBookRankEligible | Bookrunner Rank Eligible Flag | Indicates whether a tranche is eligible for bookrunner credit.,
LOAN,loan.tranche,Tranche,"One row per LOAN Tranche, identified by DealId and TrancheId.",DealId;TrancheId,loan.deal,IsBridgeToEquity,Bridge to Equity Flag,Indicated whether the loan is a bridge financing to be taken out by Equity.,Bool,boolean,,,/LOAN/Deals/Deal/Tranches/Tranche/IsBridgeToEquity,LoanDealTranches,IsBridgeToEquity,false,false,,,false,documented,LOAN_nn.xml,55,IsBridgeToEquity | Bridge to Equity Flag | Indicated whether the loan is a bridge financing to be taken out by Equity.,
LOAN,loan.tranche,Tranche,"One row per LOAN Tranche, identified by DealId and TrancheId.",DealId;TrancheId,loan.deal,IsBridgeToHighYield,Bridge to High Yield Flag,Indicated whether the loan is a bridge financing to be taken out by a High Yield bond.,Bool,boolean,,,/LOAN/Deals/Deal/Tranches/Tranche/IsBridgeToHighYield,LoanDealTranches,IsBridgeToHighYield,false,false,,,false,documented,LOAN_nn.xml,56,IsBridgeToHighYield | Bridge to High Yield Flag | Indicated whether the loan is a bridge financing to be taken out by a High Yield bond.,
LOAN,loan.tranche,Tranche,"One row per LOAN Tranche, identified by DealId and TrancheId.",DealId;TrancheId,loan.deal,IsClub,Tranche Club Deal Flag,Indicates a type of deal where all banks join the deal on the same level on a take and hold basis - no sell on takes place.,Bool,boolean,,,/LOAN/Deals/Deal/Tranches/Tranche/IsClub,LoanDealTranches,IsClub,false,false,,,false,documented,LOAN_nn.xml,57,IsClub | Tranche Club Deal Flag | Indicates a type of deal where all banks join the deal on the same level on a take and hold basis - no sell on takes place.,
LOAN,loan.tranche,Tranche,"One row per LOAN Tranche, identified by DealId and TrancheId.",DealId;TrancheId,loan.deal,IsExtendible,Tranche Extendible (Y/N),Code indicating a facility has an extension option.,Bool,boolean,,,/LOAN/Deals/Deal/Tranches/Tranche/IsExtendible,LoanDealTranches,IsExtendible,false,false,,,false,documented,LOAN_nn.xml,58,IsExtendible | Tranche Extendible (Y/N) | Code indicating a facility has an extension option.,
LOAN,loan.tranche,Tranche,"One row per LOAN Tranche, identified by DealId and TrancheId.",DealId;TrancheId,loan.deal,IsRankEligible,Rank Eligible Flag,Eligible to be included in Dealogic Tables,Bool,boolean,,,/LOAN/Deals/Deal/Tranches/Tranche/IsRankEligible,LoanDealTranches,IsRankEligible,false,false,,,false,documented,LOAN_nn.xml,59,IsRankEligible | Rank Eligible Flag | Eligible to be included in Dealogic Tables,
LOAN,loan.tranche,Tranche,"One row per LOAN Tranche, identified by DealId and TrancheId.",DealId;TrancheId,loan.deal,IsSecured,Tranche Secured Flag,Indicates if a facility is backed by specific revenues or assets of the borrower.,Bool,boolean,,,/LOAN/Deals/Deal/Tranches/Tranche/IsSecured,LoanDealTranches,IsSecured,false,false,,,false,documented,LOAN_nn.xml,60,IsSecured | Tranche Secured Flag | Indicates if a facility is backed by specific revenues or assets of the borrower.,
LOAN,loan.tranche,Tranche,"One row per LOAN Tranche, identified by DealId and TrancheId.",DealId;TrancheId,loan.deal,IsSelfArranged,Self Arranged Flag,Deal arranged by the borrower.,Bool,boolean,,,/LOAN/Deals/Deal/Tranches/Tranche/IsSelfArranged,LoanDealTranches,IsSelfArranged,false,false,,,false,documented,LOAN_nn.xml,61,IsSelfArranged | Self Arranged Flag | Deal arranged by the borrower.,
LOAN,loan.tranche,Tranche,"One row per LOAN Tranche, identified by DealId and TrancheId.",DealId;TrancheId,loan.deal,IsSelfLed,Self-Led (Y/N),True if the tranche has a borrower that is also a bank in the bookrunner or mandated arranger role.,Bool,boolean,,,/LOAN/Deals/Deal/Tranches/Tranche/IsSelfLed,LoanDealTranches,IsSelfLed,false,false,,,false,documented,LOAN_nn.xml,62,IsSelfLed | Self-Led (Y/N) | True if the tranche has a borrower that is also a bank in the bookrunner or mandated arranger role.,
LOAN,loan.tranche,Tranche,"One row per LOAN Tranche, identified by DealId and TrancheId.",DealId;TrancheId,loan.deal,IsSellDown,Sell Down Flag,Indicated whether the loan is sold down to other banks.,Bool,boolean,,,/LOAN/Deals/Deal/Tranches/Tranche/IsSellDown,LoanDealTranches,IsSellDown,false,false,,,false,documented,LOAN_nn.xml,63,IsSellDown | Sell Down Flag | Indicated whether the loan is sold down to other banks.,
LOAN,loan.tranche,Tranche,"One row per LOAN Tranche, identified by DealId and TrancheId.",DealId;TrancheId,loan.deal,LCLimit,L/C Limit,Maximum stated amount of a letter of credit facility which banks can issue.,Money,money,,,/LOAN/Deals/Deal/Tranches/Tranche/LCLimit,LoanDealTranchesLCLimit,LoanDealTrancheDealId;LoanDealTrancheTrancheId;CurrencyISOCode;Value,false,false,,,false,documented,LOAN_nn.xml,64,LCLimit | L/C Limit | Maximum stated amount of a letter of credit facility which banks can issue.,
LOAN,loan.tranche,Tranche,"One row per LOAN Tranche, identified by DealId and TrancheId.",DealId;TrancheId,loan.deal,LiborMarginBP,Tranche Libor Pricing,Tranche pricing over Libor.,Decimal(3),decimal,,3,/LOAN/Deals/Deal/Tranches/Tranche/LiborMarginBP,LoanDealTranches,LiborMarginBP,false,false,,,false,documented,LOAN_nn.xml,65,LiborMarginBP | Tranche Libor Pricing | Tranche pricing over Libor.,
LOAN,loan.tranche,Tranche,"One row per LOAN Tranche, identified by DealId and TrancheId.",DealId;TrancheId,loan.deal,MarginBP,Tranche Margin (bp),Numerical value of tranche margin.,Decimal(3),decimal,,3,/LOAN/Deals/Deal/Tranches/Tranche/MarginBP,LoanDealTranches,MarginBP,false,false,,,false,documented,LOAN_nn.xml,66,MarginBP | Tranche Margin (bp) | Numerical value of tranche margin.,
LOAN,loan.tranche,Tranche,"One row per LOAN Tranche, identified by DealId and TrancheId.",DealId;TrancheId,loan.deal,Margins,Margin,Multi-value margin records.,Collection,collection,,,/LOAN/Deals/Deal/Tranches/Tranche/Margins,LoanDealTranchesMargins,,false,false,,,true,documented,LOAN_nn.xml,67,Margins | Margin | Multi-value margin records.,
LOAN,loan.tranche,Tranche,"One row per LOAN Tranche, identified by DealId and TrancheId.",DealId;TrancheId,loan.deal,MarketTypeId,Market Type,Link to reference that denotes the market a facility is syndicated into.,Int,integer,,,/LOAN/Deals/Deal/Tranches/Tranche/MarketTypeId,LoanDealTranches,MarketTypeId,false,true,reference_files.loanmarkettype,Id,false,documented,LOAN_nn.xml,68,MarketTypeId | Market Type | Link to reference that denotes the market a facility is syndicated into.,
LOAN,loan.tranche,Tranche,"One row per LOAN Tranche, identified by DealId and TrancheId.",DealId;TrancheId,loan.deal,MaturityDate,Maturity Date,Due date of a facility.,DateTime,datetime,,,/LOAN/Deals/Deal/Tranches/Tranche/MaturityDate,LoanDealTranches,MaturityDate,false,false,,,false,documented,LOAN_nn.xml,69,MaturityDate | Maturity Date | Due date of a facility.,
LOAN,loan.tranche,Tranche,"One row per LOAN Tranche, identified by DealId and TrancheId.",DealId;TrancheId,loan.deal,Note,Dealogic Tranche Note,Supplementary tranche information in text format.,String(MAX),text,MAX,,/LOAN/Deals/Deal/Tranches/Tranche/Note,LoanDealTranches,Note,false,false,,,false,documented,LOAN_nn.xml,70,Note | Dealogic Tranche Note | Supplementary tranche information in text format.,
LOAN,loan.tranche,Tranche,"One row per LOAN Tranche, identified by DealId and TrancheId.",DealId;TrancheId,loan.deal,Outstandings,Outstanding,History of Loan Tranche amount outstanding.,Collection,collection,,,/LOAN/Deals/Deal/Tranches/Tranche/Outstandings,LoanDealTranchesOutstandings,,false,false,,,true,documented,LOAN_nn.xml,71,Outstandings | Outstanding | History of Loan Tranche amount outstanding.,
LOAN,loan.tranche,Tranche,"One row per LOAN Tranche, identified by DealId and TrancheId.",DealId;TrancheId,loan.deal,ParticipationFees,ParticipationFee,Multi-value list of participation fees .,Collection,collection,,,/LOAN/Deals/Deal/Tranches/Tranche/ParticipationFees,LoanDealTranchesParticipationFees,,false,false,,,true,documented,LOAN_nn.xml,72,ParticipationFees | ParticipationFee | Multi-value list of participation fees .,
LOAN,loan.tranche,Tranche,"One row per LOAN Tranche, identified by DealId and TrancheId.",DealId;TrancheId,loan.deal,PrimaryInstrumentTypeId,Primary Tranche Instrument Type,Primary instrument type of credit eg term loan.,Int,integer,,,/LOAN/Deals/Deal/Tranches/Tranche/PrimaryInstrumentTypeId,LoanDealTranches,PrimaryInstrumentTypeId,false,true,reference_files.loaninstrumenttype,Id,false,documented,LOAN_nn.xml,73,PrimaryInstrumentTypeId | Primary Tranche Instrument Type | Primary instrument type of credit eg term loan.,
LOAN,loan.tranche,Tranche,"One row per LOAN Tranche, identified by DealId and TrancheId.",DealId;TrancheId,loan.deal,RepaymentFrequencyId,Tranche Repayment Frequency,Link to reference table indicating the frequency of the repayments..,Int,integer,,,/LOAN/Deals/Deal/Tranches/Tranche/RepaymentFrequencyId,LoanDealTranches,RepaymentFrequencyId,false,true,reference_files.frequency,Id,false,documented,LOAN_nn.xml,74,RepaymentFrequencyId | Tranche Repayment Frequency | Link to reference table indicating the frequency of the repayments..,
LOAN,loan.tranche,Tranche,"One row per LOAN Tranche, identified by DealId and TrancheId.",DealId;TrancheId,loan.deal,RepaymentSchedule,Tranche Repayment Schedule,Denotes the number of instalments the borrower will pay from signing to maturity.,Int,integer,,,/LOAN/Deals/Deal/Tranches/Tranche/RepaymentSchedule,LoanDealTranches,RepaymentSchedule,false,false,,,false,documented,LOAN_nn.xml,75,RepaymentSchedule | Tranche Repayment Schedule | Denotes the number of instalments the borrower will pay from signing to maturity.,
LOAN,loan.tranche,Tranche,"One row per LOAN Tranche, identified by DealId and TrancheId.",DealId;TrancheId,loan.deal,Security,Secured By,The type of assets/revenues by which a facility is secured.,String(50),string,50,,/LOAN/Deals/Deal/Tranches/Tranche/Security,LoanDealTranches,Security,false,false,,,false,documented,LOAN_nn.xml,76,Security | Secured By | The type of assets/revenues by which a facility is secured.,
LOAN,loan.tranche,Tranche,"One row per LOAN Tranche, identified by DealId and TrancheId.",DealId;TrancheId,loan.deal,StatusId,Tranche Status,"Indicates if a tranche is expected to sign, amended, prepaid or cancelled.",Int,integer,,,/LOAN/Deals/Deal/Tranches/Tranche/StatusId,LoanDealTranches,StatusId,false,true,reference_files.dealstatus.dealstatus,Id,false,database_verified,LOAN_nn.xml,77,"StatusId | Tranche Status | Indicates if a tranche is expected to sign, amended, prepaid or cancelled.","Live verification in July 2026 confirmed StatusId values 2, 3, and 12 decode through DealStatus.Id as Announced, Close, and Mandated; they do not join to LoanDealStatus."
LOAN,loan.tranche,Tranche,"One row per LOAN Tranche, identified by DealId and TrancheId.",DealId;TrancheId,loan.deal,Syndicate,SyndicateMember,Bank Syndicate Records.,Collection,collection,,,/LOAN/Deals/Deal/Tranches/Tranche/Syndicate,LoanDealTranchesSyndicate,,false,false,,,true,documented,LOAN_nn.xml,78,Syndicate | SyndicateMember | Bank Syndicate Records.,
LOAN,loan.tranche,Tranche,"One row per LOAN Tranche, identified by DealId and TrancheId.",DealId;TrancheId,loan.deal,TrancheId,Tranche Reference,Indicates the position/sequence of a tranche within a debt package.,Int,integer,,,/LOAN/Deals/Deal/Tranches/Tranche/TrancheId,LoanDealTranches,TrancheId,true,false,,,false,documented,LOAN_nn.xml,79,TrancheId | Tranche Reference | Indicates the position/sequence of a tranche within a debt package.,
LOAN,loan.tranche,Tranche,"One row per LOAN Tranche, identified by DealId and TrancheId.",DealId;TrancheId,loan.deal,TrancheNumber,LOAN Tranche #,Unique Dealogic number representing each tranche.,Int,integer,,,/LOAN/Deals/Deal/Tranches/Tranche/TrancheNumber,LoanDealTranches,TrancheNumber,false,false,,,false,documented,LOAN_nn.xml,80,TrancheNumber | LOAN Tranche # | Unique Dealogic number representing each tranche.,
LOAN,loan.tranche,Tranche,"One row per LOAN Tranche, identified by DealId and TrancheId.",DealId;TrancheId,loan.deal,TypeId,Tranche Type,"Link to deal type reference. Indicates if tranche is investment grade, leveraged or highly leveraged. Mainly obsolete, replaced by the Loan Deal type.",Int,integer,,,/LOAN/Deals/Deal/Tranches/Tranche/TypeId,LoanDealTranches,TypeId,false,true,reference_files.loandealtype,Id,false,documented,LOAN_nn.xml,81,"TypeId | Tranche Type | Link to deal type reference. Indicates if tranche is investment grade, leveraged or highly leveraged. Mainly obsolete, replaced by the Loan Deal type.",
LOAN,loan.tranche,Tranche,"One row per LOAN Tranche, identified by DealId and TrancheId.",DealId;TrancheId,loan.deal,UnderwritingAmount,Underwriting Amount,Size of underwriting commitment.,Money,money,,,/LOAN/Deals/Deal/Tranches/Tranche/UnderwritingAmount,LoanDealTranchesUnderwritingAmount,LoanDealTrancheDealId;LoanDealTrancheTrancheId;CurrencyISOCode;Value,false,false,,,false,documented,LOAN_nn.xml,82,UnderwritingAmount | Underwriting Amount | Size of underwriting commitment.,
LOAN,loan.tranche,Tranche,"One row per LOAN Tranche, identified by DealId and TrancheId.",DealId;TrancheId,loan.deal,UnderwritingFinalAmount,Underwriting Final Amount,Final Take underwriters will be expected to hold after syndication.,Money,money,,,/LOAN/Deals/Deal/Tranches/Tranche/UnderwritingFinalAmount,LoanDealTranchesUnderwritingFinalAmount,LoanDealTrancheDealId;LoanDealTrancheTrancheId;CurrencyISOCode;Value,false,false,,,false,documented,LOAN_nn.xml,83,UnderwritingFinalAmount | Underwriting Final Amount | Final Take underwriters will be expected to hold after syndication.,
LOAN,loan.tranche,Tranche,"One row per LOAN Tranche, identified by DealId and TrancheId.",DealId;TrancheId,loan.deal,UnderwritingFinalTakeBP,Underwriting Final Take (bp.),Front-end fee in basis points paid to underwriters on their final take.,Decimal(3),decimal,,3,/LOAN/Deals/Deal/Tranches/Tranche/UnderwritingFinalTakeBP,LoanDealTranches,UnderwritingFinalTakeBP,false,false,,,false,documented,LOAN_nn.xml,84,UnderwritingFinalTakeBP | Underwriting Final Take (bp.) | Front-end fee in basis points paid to underwriters on their final take.,
LOAN,loan.tranche,Tranche,"One row per LOAN Tranche, identified by DealId and TrancheId.",DealId;TrancheId,loan.deal,UndrawnReturnBP,Tranche Drawn Return (bp),"The annual return expressed in basis points that will accrue to a senior provider if the facility is undrawn throughout its life; calculated from the annualised participation fee, commitment fee and facility fee..",Decimal(4),decimal,,4,/LOAN/Deals/Deal/Tranches/Tranche/UndrawnReturnBP,LoanDealTranches,UndrawnReturnBP,false,false,,,false,documented,LOAN_nn.xml,85,"UndrawnReturnBP | Tranche Drawn Return (bp) | The annual return expressed in basis points that will accrue to a senior provider if the facility is undrawn throughout its life; calculated from the annualised participation fee, commitment fee and facility fee..",
LOAN,loan.tranche,Tranche,"One row per LOAN Tranche, identified by DealId and TrancheId.",DealId;TrancheId,loan.deal,UseOfProceeds,Use,Multi-value list of use of proceeds items.,Collection,collection,,,/LOAN/Deals/Deal/Tranches/Tranche/UseOfProceeds,LoanDealTranchesUseOfProceeds,,false,false,,,true,documented,LOAN_nn.xml,86,UseOfProceeds | Use | Multi-value list of use of proceeds items.,
LOAN,loan.tranche,Tranche,"One row per LOAN Tranche, identified by DealId and TrancheId.",DealId;TrancheId,loan.deal,Value,Tranche Value,The value of the tranche.,Money,money,,,/LOAN/Deals/Deal/Tranches/Tranche/Value,LoanDealTranchesValue,LoanDealTrancheDealId;LoanDealTrancheTrancheId;CurrencyISOCode;Value,false,false,,,false,documented,LOAN_nn.xml,87,Value | Tranche Value | The value of the tranche.,
LOAN,loan.tranche,Tranche,"One row per LOAN Tranche, identified by DealId and TrancheId.",DealId;TrancheId,loan.deal,YearsToMaturity,Maturity (Years),Tenor of a facility.,Decimal(3),decimal,,3,/LOAN/Deals/Deal/Tranches/Tranche/YearsToMaturity,LoanDealTranches,YearsToMaturity,false,false,,,false,documented,LOAN_nn.xml,88,YearsToMaturity | Maturity (Years) | Tenor of a facility.,
LOAN,loan.commitmentfee,CommitmentFee,"One row per LOAN CommitmentFee, identified by DealId and TrancheId and LineNumber.",DealId;TrancheId;LineNumber,loan.tranche,LineNumber,Line Number,Where more than one commitment fee level applies to a tranche this orders the values.,Int,integer,,,/LOAN/Deals/Deal/Tranches/Tranche/CommitmentFees/CommitmentFee/LineNumber,LoanDealTranchesCommitmentFees,LineNumber,true,false,,,false,documented,LOAN_nn.xml,94,LineNumber | Line Number | Where more than one commitment fee level applies to a tranche this orders the values.,
LOAN,loan.commitmentfee,CommitmentFee,"One row per LOAN CommitmentFee, identified by DealId and TrancheId and LineNumber.",DealId;TrancheId;LineNumber,loan.tranche,YearFrom,From year,The lower bound of the period of the tranche for which the associated fee applies. Expressed in years (eg. 18 months = 1.5).,Decimal(3),decimal,,3,/LOAN/Deals/Deal/Tranches/Tranche/CommitmentFees/CommitmentFee/YearFrom,LoanDealTranchesCommitmentFees,YearFrom,false,false,,,false,documented,LOAN_nn.xml,95,YearFrom | From year | The lower bound of the period of the tranche for which the associated fee applies. Expressed in years (eg. 18 months = 1.5).,
LOAN,loan.commitmentfee,CommitmentFee,"One row per LOAN CommitmentFee, identified by DealId and TrancheId and LineNumber.",DealId;TrancheId;LineNumber,loan.tranche,YearTo,To year,The upper bound of the period of the tranche for which the associated fee applies. Expressed in years (eg. 3 months = 0.25).,Decimal(3),decimal,,3,/LOAN/Deals/Deal/Tranches/Tranche/CommitmentFees/CommitmentFee/YearTo,LoanDealTranchesCommitmentFees,YearTo,false,false,,,false,documented,LOAN_nn.xml,96,YearTo | To year | The upper bound of the period of the tranche for which the associated fee applies. Expressed in years (eg. 3 months = 0.25).,
LOAN,loan.company,Company,"One row per LOAN Company, identified by DealId and CompanyId and RoleId.",DealId;CompanyId;RoleId,loan.deal,CompanyId,Company Id,Link to company data for a company connected to the Loans as either borrower or sponsor.,Int,integer,,,/LOAN/Deals/Deal/Companies/Company/CompanyId,LoanDealCompanies,CompanyId,true,true,company.company,Id,false,documented,LOAN_nn.xml,102,CompanyId | Company Id | Link to company data for a company connected to the Loans as either borrower or sponsor.,
LOAN,loan.company,Company,"One row per LOAN Company, identified by DealId and CompanyId and RoleId.",DealId;CompanyId;RoleId,loan.deal,RoleId,Company Role,Link to the company role reference table. Role is either borrower or sponsor. Sponsors include financial sponsors and non-financial sponsors.,Int,integer,,,/LOAN/Deals/Deal/Companies/Company/RoleId,LoanDealCompanies,RoleId,true,true,reference_files.loancompanyrole,Id,false,documented,LOAN_nn.xml,103,RoleId | Company Role | Link to the company role reference table. Role is either borrower or sponsor. Sponsors include financial sponsors and non-financial sponsors.,
LOAN,loan.company,Company,"One row per LOAN Company, identified by DealId and CompanyId and RoleId.",DealId;CompanyId;RoleId,loan.deal,SortNumber,Company Sequence,Orders the companies for consistent presentation purposes. The company with sequence number 0 is considered to be the primary borrower of the deal and should be selected when only a single borrower is required for presentation.,Int,integer,,,/LOAN/Deals/Deal/Companies/Company/SortNumber,LoanDealCompanies,SortNumber,false,false,,,false,documented,LOAN_nn.xml,104,SortNumber | Company Sequence | Orders the companies for consistent presentation purposes. The company with sequence number 0 is considered to be the primary borrower of the deal and should be selected when only a single borrower is required for presentation.,
LOAN,loan.financialsponsor,FinancialSponsor,"One row per LOAN FinancialSponsor, identified by DealId and SponsorId.",DealId;SponsorId,loan.deal,ActivityTypeId,Financial Sponsor Activity Type,"Activity type of the sponsor on the deal (Entry, Exit, Portfolio)",Int,integer,,,/LOAN/Deals/Deal/FinancialSponsors/FinancialSponsor/ActivityTypeId,LoanDealFinancialSponsors,ActivityTypeId,false,true,reference_files.sponsoractivitytype,Id,false,documented,LOAN_nn.xml,110,"ActivityTypeId | Financial Sponsor Activity Type | Activity type of the sponsor on the deal (Entry, Exit, Portfolio)",
LOAN,loan.financialsponsor,FinancialSponsor,"One row per LOAN FinancialSponsor, identified by DealId and SponsorId.",DealId;SponsorId,loan.deal,IsAddOn,Financial Sponsor Add-On (Y/N),True if deal is related to a company that was added by a financial sponsor to one of it's existing portfolio companies.,Bool,boolean,,,/LOAN/Deals/Deal/FinancialSponsors/FinancialSponsor/IsAddOn,LoanDealFinancialSponsors,IsAddOn,false,false,,,false,documented,LOAN_nn.xml,111,IsAddOn | Financial Sponsor Add-On (Y/N) | True if deal is related to a company that was added by a financial sponsor to one of it's existing portfolio companies.,
LOAN,loan.financialsponsor,FinancialSponsor,"One row per LOAN FinancialSponsor, identified by DealId and SponsorId.",DealId;SponsorId,loan.deal,SortNumber,Sort Number,Used to determine the presentation order where there are multiple values. The item with sequence number 0 is generally the most significant or primary value.,Int,integer,,,/LOAN/Deals/Deal/FinancialSponsors/FinancialSponsor/SortNumber,LoanDealFinancialSponsors,SortNumber,false,false,,,false,documented,LOAN_nn.xml,112,SortNumber | Sort Number | Used to determine the presentation order where there are multiple values. The item with sequence number 0 is generally the most significant or primary value.,
LOAN,loan.financialsponsor,FinancialSponsor,"One row per LOAN FinancialSponsor, identified by DealId and SponsorId.",DealId;SponsorId,loan.deal,SponsorId,Financial Sponsor,Private equity firm that engage in buyout and related transactions for portfolio companies.,Int,integer,,,/LOAN/Deals/Deal/FinancialSponsors/FinancialSponsor/SponsorId,LoanDealFinancialSponsors,SponsorId,true,true,company.company,Id,false,documented,LOAN_nn.xml,113,SponsorId | Financial Sponsor | Private equity firm that engage in buyout and related transactions for portfolio companies.,
LOAN,loan.guarantor,Guarantor,"One row per LOAN Guarantor, identified by DealId and TrancheId and GuarantorId.",DealId;TrancheId;GuarantorId,loan.tranche,GuarantorId,Tranche Guarantor,Link to company reference of the company acting as guarantor to the tranche.,Int,integer,,,/LOAN/Deals/Deal/Tranches/Tranche/Guarantors/Guarantor/GuarantorId,LoanDealTranchesGuarantors,GuarantorId,true,true,company.company,Id,false,documented,LOAN_nn.xml,119,GuarantorId | Tranche Guarantor | Link to company reference of the company acting as guarantor to the tranche.,
LOAN,loan.guarantor,Guarantor,"One row per LOAN Guarantor, identified by DealId and TrancheId and GuarantorId.",DealId;TrancheId;GuarantorId,loan.tranche,SortNumber,Sequence number,Orders the guarantor companies for consistent presentation purposes. The company with sequence number 0 is considered to be the primary guarantor of the tranche and should be selected when only a single guarantor is required for presentation.,Int,integer,,,/LOAN/Deals/Deal/Tranches/Tranche/Guarantors/Guarantor/SortNumber,LoanDealTranchesGuarantors,SortNumber,false,false,,,false,documented,LOAN_nn.xml,120,SortNumber | Sequence number | Orders the guarantor companies for consistent presentation purposes. The company with sequence number 0 is considered to be the primary guarantor of the tranche and should be selected when only a single guarantor is required for presentation.,
LOAN,loan.instrumenttype,InstrumentType,"One row per LOAN InstrumentType, identified by DealId and TrancheId and InstrumentTypeId.",DealId;TrancheId;InstrumentTypeId,loan.tranche,InstrumentTypeId,Tranche Instrument Type,"Denotes the type of credit e.g. term loan, revolving credit.",Int,integer,,,/LOAN/Deals/Deal/Tranches/Tranche/InstrumentTypes/InstrumentType/InstrumentTypeId,LoanDealTranchesInstrumentTypes,InstrumentTypeId,true,true,reference_files.loaninstrumenttype,Id,false,documented,LOAN_nn.xml,126,"InstrumentTypeId | Tranche Instrument Type | Denotes the type of credit e.g. term loan, revolving credit.",
LOAN,loan.instrumenttype,InstrumentType,"One row per LOAN InstrumentType, identified by DealId and TrancheId and InstrumentTypeId.",DealId;TrancheId;InstrumentTypeId,loan.tranche,SortNumber,Sort Number,Used to determine the presentation order where there are multiple values. The item with sequence number 0 is generally the most significant or primary value.,Int,integer,,,/LOAN/Deals/Deal/Tranches/Tranche/InstrumentTypes/InstrumentType/SortNumber,LoanDealTranchesInstrumentTypes,SortNumber,false,false,,,false,documented,LOAN_nn.xml,127,SortNumber | Sort Number | Used to determine the presentation order where there are multiple values. The item with sequence number 0 is generally the most significant or primary value.,
LOAN,loan.lbomnadeal,LBOMNADeal,"One row per LOAN LBOMNADeal, identified by DealId and LBOMNADealId.",DealId;LBOMNADealId,loan.deal,LBOMNADealId,LBO MNA Deal #,Link to original LBO of portfolio company in the case of sponsor backed deals.,Int,integer,,,/LOAN/Deals/Deal/LBOMNADeals/LBOMNADeal/LBOMNADealId,LoanDealLBOMNADeals,LBOMNADealId,true,true,mna.deal,DealId,false,documented,LOAN_nn.xml,133,LBOMNADealId | LBO MNA Deal # | Link to original LBO of portfolio company in the case of sponsor backed deals.,
LOAN,loan.margin,Margin,"One row per LOAN Margin, identified by DealId and TrancheId and MarginNumber.",DealId;TrancheId;MarginNumber,loan.tranche,BasisId,Margin basis Id,"Link to loan basis reference indicating which of the standard interbank lending base rates the loan margin is tied to (eg. LIBOR, US prime rate etc.).",Int,integer,,,/LOAN/Deals/Deal/Tranches/Tranche/Margins/Margin/BasisId,LoanDealTranchesMargins,BasisId,false,true,reference_files.loanbasis,Id,false,documented,LOAN_nn.xml,139,"BasisId | Margin basis Id | Link to loan basis reference indicating which of the standard interbank lending base rates the loan margin is tied to (eg. LIBOR, US prime rate etc.).",
LOAN,loan.margin,Margin,"One row per LOAN Margin, identified by DealId and TrancheId and MarginNumber.",DealId;TrancheId;MarginNumber,loan.tranche,MarginLines,MarginLine,Collection of lines in a margin grid.,Collection,collection,,,/LOAN/Deals/Deal/Tranches/Tranche/Margins/Margin/MarginLines,LoanDealTranchesMarginsMarginLines,MarginLines,false,false,,,true,documented,LOAN_nn.xml,140,MarginLines | MarginLine | Collection of lines in a margin grid.,
LOAN,loan.margin,Margin,"One row per LOAN Margin, identified by DealId and TrancheId and MarginNumber.",DealId;TrancheId;MarginNumber,loan.tranche,MarginNumber,Margin sequence,Presentation order when there is more than one margin attached to a tranche. The primary margin has a sequence number of 0.,Int,integer,,,/LOAN/Deals/Deal/Tranches/Tranche/Margins/Margin/MarginNumber,LoanDealTranchesMargins,MarginNumber,true,false,,,false,documented,LOAN_nn.xml,141,MarginNumber | Margin sequence | Presentation order when there is more than one margin attached to a tranche. The primary margin has a sequence number of 0.,
LOAN,loan.margin,Margin,"One row per LOAN Margin, identified by DealId and TrancheId and MarginNumber.",DealId;TrancheId;MarginNumber,loan.tranche,RangeType,Margin range type,"A margin may change over the life of a loan depending on a number of factors. This item indicates which factor determines the grid for the current margin (years, rating, debt ratio etc.). This is a future field and is presently always set to YEAR..",String(999),string,999,,/LOAN/Deals/Deal/Tranches/Tranche/Margins/Margin/RangeType,LoanDealTranchesMargins,RangeType,false,false,,,false,documented,LOAN_nn.xml,142,"RangeType | Margin range type | A margin may change over the life of a loan depending on a number of factors. This item indicates which factor determines the grid for the current margin (years, rating, debt ratio etc.). This is a future field and is presently always set to YEAR..",
LOAN,loan.marginline,MarginLine,"One row per LOAN MarginLine, identified by DealId and TrancheId and MarginNumber and MarginGridRowId.",DealId;TrancheId;MarginNumber;MarginGridRowId,loan.margin,MarginGridRowId,Margin Grid line number,Numbers start from 0 ascending by 1 for each line.,Int,integer,,,/LOAN/Deals/Deal/Tranches/Tranche/Margins/Margin/MarginLines/MarginLine/MarginGridRowId,LoanDealTranchesMarginsMarginLines,MarginGridRowId,true,false,,,false,documented,LOAN_nn.xml,148,MarginGridRowId | Margin Grid line number | Numbers start from 0 ascending by 1 for each line.,
LOAN,loan.marginline,MarginLine,"One row per LOAN MarginLine, identified by DealId and TrancheId and MarginNumber and MarginGridRowId.",DealId;TrancheId;MarginNumber;MarginGridRowId,loan.margin,MarginValueBP,Margin line amount,"The margin, in basis points, that applies to for the given range in this margin grid line.",Decimal(3),decimal,,3,/LOAN/Deals/Deal/Tranches/Tranche/Margins/Margin/MarginLines/MarginLine/MarginValueBP,LoanDealTranchesMarginsMarginLines,MarginValueBP,false,false,,,false,documented,LOAN_nn.xml,149,"MarginValueBP | Margin line amount | The margin, in basis points, that applies to for the given range in this margin grid line.",
LOAN,loan.marginline,MarginLine,"One row per LOAN MarginLine, identified by DealId and TrancheId and MarginNumber and MarginGridRowId.",DealId;TrancheId;MarginNumber;MarginGridRowId,loan.margin,RangeFrom,Low range value,The lowest value for the current margin line for whatever factor is determining the grid..,String(999),string,999,,/LOAN/Deals/Deal/Tranches/Tranche/Margins/Margin/MarginLines/MarginLine/RangeFrom,LoanDealTranchesMarginsMarginLines,RangeFrom,false,false,,,false,documented,LOAN_nn.xml,150,RangeFrom | Low range value | The lowest value for the current margin line for whatever factor is determining the grid..,
LOAN,loan.marginline,MarginLine,"One row per LOAN MarginLine, identified by DealId and TrancheId and MarginNumber and MarginGridRowId.",DealId;TrancheId;MarginNumber;MarginGridRowId,loan.margin,RangeTo,High range value,The highest value for the current margin line for whatever factor is determining the grid. This may be empty to indicate and open-ended range..,String(999),string,999,,/LOAN/Deals/Deal/Tranches/Tranche/Margins/Margin/MarginLines/MarginLine/RangeTo,LoanDealTranchesMarginsMarginLines,RangeTo,false,false,,,false,documented,LOAN_nn.xml,151,RangeTo | High range value | The highest value for the current margin line for whatever factor is determining the grid. This may be empty to indicate and open-ended range..,
LOAN,loan.mnarelateddeal,MNARelatedDeal,"One row per LOAN MNARelatedDeal, identified by DealId and MNADealNo.",DealId;MNADealNo,loan.deal,MNADealNo,Related M&A Deal #,Unique Dealogic number representing each M&A transaction.,Int,integer,,,/LOAN/Deals/Deal/MNARelatedDeals/MNARelatedDeal/MNADealNo,LoanDealMNARelatedDeals,MNADealNo,true,true,mna.deal,DealId,false,documented,LOAN_nn.xml,157,MNADealNo | Related M&A Deal # | Unique Dealogic number representing each M&A transaction.,
LOAN,loan.mnarelateddeal,MNARelatedDeal,"One row per LOAN MNARelatedDeal, identified by DealId and MNADealNo.",DealId;MNADealNo,loan.deal,SortNumber,Sort Number,Used to determine the presentation order where there are multiple values. The item with sequence number 0 is generally the most significant or primary value.,Int,integer,,,/LOAN/Deals/Deal/MNARelatedDeals/MNARelatedDeal/SortNumber,LoanDealMNARelatedDeals,SortNumber,false,false,,,false,documented,LOAN_nn.xml,158,SortNumber | Sort Number | Used to determine the presentation order where there are multiple values. The item with sequence number 0 is generally the most significant or primary value.,
LOAN,loan.outstanding,Outstanding,"One row per LOAN Outstanding, identified by DealId and TrancheId and Date.",DealId;TrancheId;Date,loan.tranche,AmountDrawnDown,Amount drawn down,Amount of revolving credit drawn down at the associated date.,Money,money,,,/LOAN/Deals/Deal/Tranches/Tranche/Outstandings/Outstanding/AmountDrawnDown,LoanDealTranchesOutstandingsAmountDrawnDown,LoanDealTrancheOutstandingDealId;LoanDealTrancheOutstandingTrancheId;LoanDealTrancheOutstandingDate;CurrencyISOCode;Value,false,false,,,false,documented,LOAN_nn.xml,164,AmountDrawnDown | Amount drawn down | Amount of revolving credit drawn down at the associated date.,
LOAN,loan.outstanding,Outstanding,"One row per LOAN Outstanding, identified by DealId and TrancheId and Date.",DealId;TrancheId;Date,loan.tranche,AmountOutstanding,Loan Amount outstanding,Amount of a term loan outstanding (ie. not repaid before maturity) at the associated date.,Money,money,,,/LOAN/Deals/Deal/Tranches/Tranche/Outstandings/Outstanding/AmountOutstanding,LoanDealTranchesOutstandingsAmountOutstanding,LoanDealTrancheOutstandingDealId;LoanDealTrancheOutstandingTrancheId;LoanDealTrancheOutstandingDate;CurrencyISOCode;Value,false,false,,,false,documented,LOAN_nn.xml,165,AmountOutstanding | Loan Amount outstanding | Amount of a term loan outstanding (ie. not repaid before maturity) at the associated date.,
LOAN,loan.outstanding,Outstanding,"One row per LOAN Outstanding, identified by DealId and TrancheId and Date.",DealId;TrancheId;Date,loan.tranche,Date,Entry date,The date associated with the outstanding amount.,DateTime,datetime,,,/LOAN/Deals/Deal/Tranches/Tranche/Outstandings/Outstanding/Date,LoanDealTranchesOutstandings,Date,true,false,,,false,documented,LOAN_nn.xml,166,Date | Entry date | The date associated with the outstanding amount.,
LOAN,loan.participationfee,ParticipationFee,"One row per LOAN ParticipationFee, identified by DealId and TrancheId and LineNumber.",DealId;TrancheId;LineNumber,loan.tranche,AmountFrom,From amount,The lower bound of the participation amount a bank must lend in order to receive the associated fee..,Money,money,,,/LOAN/Deals/Deal/Tranches/Tranche/ParticipationFees/ParticipationFee/AmountFrom,LoanDealTranchesParticipationFeesAmountFrom,LoanDealTrancheParticipationFeeDealId;LoanDealTrancheParticipationFeeTrancheId;LoanDealTrancheParticipationFeeLineNumber;CurrencyISOCode;Value,false,false,,,false,documented,LOAN_nn.xml,172,AmountFrom | From amount | The lower bound of the participation amount a bank must lend in order to receive the associated fee..,
LOAN,loan.participationfee,ParticipationFee,"One row per LOAN ParticipationFee, identified by DealId and TrancheId and LineNumber.",DealId;TrancheId;LineNumber,loan.tranche,AmountTo,To amount,The upper bound of the participation amount a bank must lend in order to receive the associated fee.(Note,Money,money,,,/LOAN/Deals/Deal/Tranches/Tranche/ParticipationFees/ParticipationFee/AmountTo,LoanDealTranchesParticipationFeesAmountTo,LoanDealTrancheParticipationFeeDealId;LoanDealTrancheParticipationFeeTrancheId;LoanDealTrancheParticipationFeeLineNumber;CurrencyISOCode;Value,false,false,,,false,documented,LOAN_nn.xml,173,AmountTo | To amount | The upper bound of the participation amount a bank must lend in order to receive the associated fee.(Note,
LOAN,loan.participationfee,ParticipationFee,"One row per LOAN ParticipationFee, identified by DealId and TrancheId and LineNumber.",DealId;TrancheId;LineNumber,loan.tranche,LineNumber,Sort Number,"Where more than one participation fee level applies to a tranche this orders the values, usually from high to low.",Int,integer,,,/LOAN/Deals/Deal/Tranches/Tranche/ParticipationFees/ParticipationFee/LineNumber,LoanDealTranchesParticipationFees,LineNumber,true,false,,,false,documented,LOAN_nn.xml,174,"LineNumber | Sort Number | Where more than one participation fee level applies to a tranche this orders the values, usually from high to low.",
LOAN,loan.syndicatemember,SyndicateMember,"One row per LOAN SyndicateMember, identified by DealId and TrancheId and BankId and BankRoleId.",DealId;TrancheId;BankId;BankRoleId,loan.tranche,BankId,Bank Id,Link to company record for a bank participating in the loan tranche.,Int,integer,,,/LOAN/Deals/Deal/Tranches/Tranche/Syndicate/SyndicateMember/BankId,LoanDealTranchesSyndicate,BankId,true,true,company.company,Id,false,documented,LOAN_nn.xml,181,BankId | Bank Id | Link to company record for a bank participating in the loan tranche.,
LOAN,loan.syndicatemember,SyndicateMember,"One row per LOAN SyndicateMember, identified by DealId and TrancheId and BankId and BankRoleId.",DealId;TrancheId;BankId;BankRoleId,loan.tranche,BankRoleId,Bank Role Id,"Link to Loan bank role reference that describes the bank's role in the tranche (eg. Bookrunner, participant etc.).",Int,integer,,,/LOAN/Deals/Deal/Tranches/Tranche/Syndicate/SyndicateMember/BankRoleId,LoanDealTranchesSyndicate,BankRoleId,true,true,reference_files.loanbankrole,Id,false,documented,LOAN_nn.xml,182,"BankRoleId | Bank Role Id | Link to Loan bank role reference that describes the bank's role in the tranche (eg. Bookrunner, participant etc.).",
LOAN,loan.syndicatemember,SyndicateMember,"One row per LOAN SyndicateMember, identified by DealId and TrancheId and BankId and BankRoleId.",DealId;TrancheId;BankId;BankRoleId,loan.tranche,IsInBorrowerGroup,Self Led (Y/N),True if the bank and borrower are in the same company group,Bool,boolean,,,/LOAN/Deals/Deal/Tranches/Tranche/Syndicate/SyndicateMember/IsInBorrowerGroup,LoanDealTranchesSyndicate,IsInBorrowerGroup,false,false,,,false,documented,LOAN_nn.xml,183,IsInBorrowerGroup | Self Led (Y/N) | True if the bank and borrower are in the same company group,
LOAN,loan.syndicatemember,SyndicateMember,"One row per LOAN SyndicateMember, identified by DealId and TrancheId and BankId and BankRoleId.",DealId;TrancheId;BankId;BankRoleId,loan.tranche,IsLeadLeft,Lead Left (Y/N),"Indicates the bank that has played the most important role in the transaction, and has been involved in the deal from an early stage.",Bool,boolean,,,/LOAN/Deals/Deal/Tranches/Tranche/Syndicate/SyndicateMember/IsLeadLeft,LoanDealTranchesSyndicate,IsLeadLeft,false,false,,,false,documented,LOAN_nn.xml,184,"IsLeadLeft | Lead Left (Y/N) | Indicates the bank that has played the most important role in the transaction, and has been involved in the deal from an early stage.",
LOAN,loan.syndicatemember,SyndicateMember,"One row per LOAN SyndicateMember, identified by DealId and TrancheId and BankId and BankRoleId.",DealId;TrancheId;BankId;BankRoleId,loan.tranche,NetRevenue,Bank Net Revenue,The total fees paid or revenue received by a bank for participating in the tranche converted to USD. Note,Money,money,,,/LOAN/Deals/Deal/Tranches/Tranche/Syndicate/SyndicateMember/NetRevenue,LoanDealTranchesSyndicateNetRevenue,LoanDealTrancheSyndicateMemberDealId;LoanDealTrancheSyndicateMemberTrancheId;LoanDealTrancheSyndicateMemberBankId;LoanDealTrancheSyndicateMemberBankRoleId;CurrencyISOCode;Value,false,false,,,false,documented,LOAN_nn.xml,185,NetRevenue | Bank Net Revenue | The total fees paid or revenue received by a bank for participating in the tranche converted to USD. Note,
LOAN,loan.use,Use,"One row per LOAN Use, identified by DealId and TrancheId and UseId.",DealId;TrancheId;UseId,loan.tranche,SortNumber,Sort Number,Used to determine the presentation order where there are multiple values. The item with sequence number 0 is generally the most significant or primary value.,Int,integer,,,/LOAN/Deals/Deal/Tranches/Tranche/UseOfProceeds/Use/SortNumber,LoanDealTranchesUseOfProceeds,SortNumber,false,false,,,false,documented,LOAN_nn.xml,191,SortNumber | Sort Number | Used to determine the presentation order where there are multiple values. The item with sequence number 0 is generally the most significant or primary value.,
LOAN,loan.use,Use,"One row per LOAN Use, identified by DealId and TrancheId and UseId.",DealId;TrancheId;UseId,loan.tranche,UseId,Deal Use of Proceeds,Link to the Proceeds reference.,Int,integer,,,/LOAN/Deals/Deal/Tranches/Tranche/UseOfProceeds/Use/UseId,LoanDealTranchesUseOfProceeds,UseId,true,true,reference_files.proceeds,Id,false,documented,LOAN_nn.xml,192,UseId | Deal Use of Proceeds | Link to the Proceeds reference.,
MNA,mna.deal,Deal,"One row per MNA Deal, identified by DealId.",DealId,,Advisors,Advisor,Collection of banks and legal firms that acted as advisors to companies in the deal.,Collection,collection,,,/MNA/Deals/Deal/Advisors,MNADealAdvisors,,false,false,,,true,documented,MNA_nn.xml,8,Advisors | Advisor | Collection of banks and legal firms that acted as advisors to companies in the deal.,
MNA,mna.deal,Deal,"One row per MNA Deal, identified by DealId.",DealId,,AcquirorPublicStatusId,Acquiror Public Status,Link to Public Status reference file to indiciate if the acquiror is a publicly listed company.,Id,identifier,,,/MNA/Deals/Deal/AcquirorPublicStatusId,MNADeal,AcquirorPublicStatusId,false,true,reference_files.companypublicstatus,Id,false,documented,MNA_nn.xml,9,AcquirorPublicStatusId | Acquiror Public Status | Link to Public Status reference file to indiciate if the acquiror is a publicly listed company.,
MNA,mna.deal,Deal,"One row per MNA Deal, identified by DealId.",DealId,,AcquisitionTechniques,AcquisitionTechnique,Multi-value field for the type of acquisition.,Collection,collection,,,/MNA/Deals/Deal/AcquisitionTechniques,MNADealAcquisitionTechniques,,false,false,,,true,documented,MNA_nn.xml,10,AcquisitionTechniques | AcquisitionTechnique | Multi-value field for the type of acquisition.,
MNA,mna.deal,Deal,"One row per MNA Deal, identified by DealId.",DealId,,AdvisorCount,Deal # Advisors,The number of distinct advising bank on the deal.,Int,integer,,,/MNA/Deals/Deal/AdvisorCount,MNADeal,AdvisorCount,false,false,,,false,documented,MNA_nn.xml,11,AdvisorCount | Deal # Advisors | The number of distinct advising bank on the deal.,
MNA,mna.deal,Deal,"One row per MNA Deal, identified by DealId.",DealId,,AnnouncementDate,Announcement Date,Date on which the deal agreement has been announced or the bid has been launched.,DateTime,datetime,,,/MNA/Deals/Deal/AnnouncementDate,MNADeal,AnnouncementDate,false,false,,,false,documented,MNA_nn.xml,12,AnnouncementDate | Announcement Date | Date on which the deal agreement has been announced or the bid has been launched.,
MNA,mna.deal,Deal,"One row per MNA Deal, identified by DealId.",DealId,,BidValue,Bid Value,The value of the deal.,Money,money,,,/MNA/Deals/Deal/BidValue,MNADealBidValue,MNADealDealId;CurrencyISOCode;Value,false,false,,,false,documented,MNA_nn.xml,13,BidValue | Bid Value | The value of the deal.,
MNA,mna.deal,Deal,"One row per MNA Deal, identified by DealId.",DealId,,CancelledDate,Withdrawn Date,Date on which the deal is withdrawn.,DateTime,datetime,,,/MNA/Deals/Deal/CancelledDate,MNADeal,CancelledDate,false,false,,,false,documented,MNA_nn.xml,14,CancelledDate | Withdrawn Date | Date on which the deal is withdrawn.,
MNA,mna.deal,Deal,"One row per MNA Deal, identified by DealId.",DealId,,CollarHigh,Collar High,Upper share price exchange ratio of the collar agreement.,Decimal(2),decimal,,2,/MNA/Deals/Deal/CollarHigh,MNADeal,CollarHigh,false,false,,,false,documented,MNA_nn.xml,15,CollarHigh | Collar High | Upper share price exchange ratio of the collar agreement.,
MNA,mna.deal,Deal,"One row per MNA Deal, identified by DealId.",DealId,,CollarLow,Collar Low,Lower share price exchange ratio of the collar agreement.,Decimal(2),decimal,,2,/MNA/Deals/Deal/CollarLow,MNADeal,CollarLow,false,false,,,false,documented,MNA_nn.xml,16,CollarLow | Collar Low | Lower share price exchange ratio of the collar agreement.,
MNA,mna.deal,Deal,"One row per MNA Deal, identified by DealId.",DealId,,Comment,Dealogic Deal Note,Provides a general synopsis of the deal ie who bought what for how much..,String(MAX),text,MAX,,/MNA/Deals/Deal/Comment,MNADeal,Comment,false,false,,,false,documented,MNA_nn.xml,17,Comment | Dealogic Deal Note | Provides a general synopsis of the deal ie who bought what for how much..,
MNA,mna.deal,Deal,"One row per MNA Deal, identified by DealId.",DealId,,CommonStatusId,Deal Status,Current status of the deal. Link to reference table.,Int,integer,,,/MNA/Deals/Deal/CommonStatusId,MNADeal,CommonStatusId,false,true,reference_files.dealstatus.dealstatus,Id,false,documented,MNA_nn.xml,18,CommonStatusId | Deal Status | Current status of the deal. Link to reference table.,
MNA,mna.deal,Deal,"One row per MNA Deal, identified by DealId.",DealId,,Companies,Company,"Collection of companies participating in the deal in either an acquiror, target or divestor role.",Collection,collection,,,/MNA/Deals/Deal/Companies,MNADealCompanies,,false,false,,,true,documented,MNA_nn.xml,19,"Companies | Company | Collection of companies participating in the deal in either an acquiror, target or divestor role.",
MNA,mna.deal,Deal,"One row per MNA Deal, identified by DealId.",DealId,,CompetingOffers,Competing Offer #,The number of competing offers for a target excluding this one.,Int,integer,,,/MNA/Deals/Deal/CompetingOffers,MNADeal,CompetingOffers,false,false,,,false,documented,MNA_nn.xml,20,CompetingOffers | Competing Offer # | The number of competing offers for a target excluding this one.,
MNA,mna.deal,Deal,"One row per MNA Deal, identified by DealId.",DealId,,CompletionDate,Completion Date,Date from which the acquiror takes ownership of the target's shares acquired.,DateTime,datetime,,,/MNA/Deals/Deal/CompletionDate,MNADeal,CompletionDate,false,false,,,false,documented,MNA_nn.xml,21,CompletionDate | Completion Date | Date from which the acquiror takes ownership of the target's shares acquired.,
MNA,mna.deal,Deal,"One row per MNA Deal, identified by DealId.",DealId,,Considerations,Consideration,Collection of type of payments made to purchase the target (varieties of cash or share types),Collection,collection,,,/MNA/Deals/Deal/Considerations,MNADealConsiderations,,false,false,,,true,documented,MNA_nn.xml,22,Considerations | Consideration | Collection of type of payments made to purchase the target (varieties of cash or share types),
MNA,mna.deal,Deal,"One row per MNA Deal, identified by DealId.",DealId,,CurrencyISOCode,Transaction Currency Id,ISO code of the currency in which the deal was done.,String(3),string,3,,/MNA/Deals/Deal/CurrencyISOCode,MNADeal,CurrencyISOCode,false,false,,,false,documented,MNA_nn.xml,23,CurrencyISOCode | Transaction Currency Id | ISO code of the currency in which the deal was done.,
MNA,mna.deal,Deal,"One row per MNA Deal, identified by DealId.",DealId,,DealId,M&A Deal #,Dealogic unique deal identification number.,Int,integer,,,/MNA/Deals/Deal/DealId,MNADeal,DealId,true,false,,,false,documented,MNA_nn.xml,24,DealId | M&A Deal # | Dealogic unique deal identification number.,
MNA,mna.deal,Deal,"One row per MNA Deal, identified by DealId.",DealId,,DefenseTechniques,DefenseTechique,Collection of defense techniques used by the target to thwart a hostile takeover,Collection,collection,,,/MNA/Deals/Deal/DefenseTechniques,MNADealDefenseTechniques,,false,false,,,true,documented,MNA_nn.xml,25,DefenseTechniques | DefenseTechique | Collection of defense techniques used by the target to thwart a hostile takeover,
MNA,mna.deal,Deal,"One row per MNA Deal, identified by DealId.",DealId,,EnterpriseValue,Enterprise Value,Value of 100% of target's equity based on the acquiror's paid price plus the net debt assumed by the acquiror.,Money,money,,,/MNA/Deals/Deal/EnterpriseValue,MNADealEnterpriseValue,MNADealDealId;CurrencyISOCode;Value,false,false,,,false,documented,MNA_nn.xml,26,EnterpriseValue | Enterprise Value | Value of 100% of target's equity based on the acquiror's paid price plus the net debt assumed by the acquiror.,
MNA,mna.deal,Deal,"One row per MNA Deal, identified by DealId.",DealId,,EnterpriseValueAtAnnouncement,Enterprise Value at Announcement,Value of 100% of target's equity based on the acquiror's offered price plus the net debt assumed by the acquiror.,Money,money,,,/MNA/Deals/Deal/EnterpriseValueAtAnnouncement,MNADealEnterpriseValueAtAnnouncement,MNADealDealId;CurrencyISOCode;Value,false,false,,,false,documented,MNA_nn.xml,27,EnterpriseValueAtAnnouncement | Enterprise Value at Announcement | Value of 100% of target's equity based on the acquiror's offered price plus the net debt assumed by the acquiror.,
MNA,mna.deal,Deal,"One row per MNA Deal, identified by DealId.",DealId,,EquityValue,Equity Value,Value of 100% of the target's equity (excluding debt) based on the acquiror's paid price.,Money,money,,,/MNA/Deals/Deal/EquityValue,MNADealEquityValue,MNADealDealId;CurrencyISOCode;Value,false,false,,,false,documented,MNA_nn.xml,28,EquityValue | Equity Value | Value of 100% of the target's equity (excluding debt) based on the acquiror's paid price.,
MNA,mna.deal,Deal,"One row per MNA Deal, identified by DealId.",DealId,,EquityValueAtAnnouncement,Equity Value at Announcement,Value of 100% of the target's equity (excluding debt) based on the acquiror's offered price.,Money,money,,,/MNA/Deals/Deal/EquityValueAtAnnouncement,MNADealEquityValueAtAnnouncement,MNADealDealId;CurrencyISOCode;Value,false,false,,,false,documented,MNA_nn.xml,29,EquityValueAtAnnouncement | Equity Value at Announcement | Value of 100% of the target's equity (excluding debt) based on the acquiror's offered price.,
MNA,mna.deal,Deal,"One row per MNA Deal, identified by DealId.",DealId,,ExchangeRates,Exchange Rate,The Exchange rate from the currency of the deal to USD and EUR prevailing at the date of completion of the deal.,ExchangeRate,exchange_rate,,,/MNA/Deals/Deal/ExchangeRates,MNADealExchangeRates,MNADealDealId;Date;FromCurrencyISOCode;Rate;ToCurrencyISOCode,false,false,,,false,documented,MNA_nn.xml,30,ExchangeRates | Exchange Rate | The Exchange rate from the currency of the deal to USD and EUR prevailing at the date of completion of the deal.,
MNA,mna.deal,Deal,"One row per MNA Deal, identified by DealId.",DealId,,ExpectedCloseDate,Expected Closing Date,Date on which the deal is expected to complete.,DateTime,datetime,,,/MNA/Deals/Deal/ExpectedCloseDate,MNADeal,ExpectedCloseDate,false,false,,,false,documented,MNA_nn.xml,31,ExpectedCloseDate | Expected Closing Date | Date on which the deal is expected to complete.,
MNA,mna.deal,Deal,"One row per MNA Deal, identified by DealId.",DealId,,FinalBoardAttitudeId,Final Board Attitude,Link to reference table Board Attitude that records whether the board of the target was friendly or hostile to the deal when it was complete.,Int,integer,,,/MNA/Deals/Deal/FinalBoardAttitudeId,MNADeal,FinalBoardAttitudeId,false,true,reference_files.mnaboardattitude,Id,false,documented,MNA_nn.xml,32,FinalBoardAttitudeId | Final Board Attitude | Link to reference table Board Attitude that records whether the board of the target was friendly or hostile to the deal when it was complete.,
MNA,mna.deal,Deal,"One row per MNA Deal, identified by DealId.",DealId,,FinalOfferPrice,Final Price Offered Per Share,Price offered per target share at completion.,Money,money,,,/MNA/Deals/Deal/FinalOfferPrice,MNADealFinalOfferPrice,MNADealDealId;CurrencyISOCode;Value,false,false,,,false,documented,MNA_nn.xml,33,FinalOfferPrice | Final Price Offered Per Share | Price offered per target share at completion.,
MNA,mna.deal,Deal,"One row per MNA Deal, identified by DealId.",DealId,,FinancialSponsors,FinancialSponsor,Financial Sponsors involved in the deal.,Collection,collection,,,/MNA/Deals/Deal/FinancialSponsors,MNADealFinancialSponsors,,false,false,,,true,documented,MNA_nn.xml,34,FinancialSponsors | FinancialSponsor | Financial Sponsors involved in the deal.,
MNA,mna.deal,Deal,"One row per MNA Deal, identified by DealId.",DealId,,InitialBoardAttitudeId,Initial Board Attitude,Link to reference table Board Attitude that records whether the board of the target was friendly or hostile to the deal when it was first announced.,Int,integer,,,/MNA/Deals/Deal/InitialBoardAttitudeId,MNADeal,InitialBoardAttitudeId,false,true,reference_files.mnaboardattitude,Id,false,documented,MNA_nn.xml,35,InitialBoardAttitudeId | Initial Board Attitude | Link to reference table Board Attitude that records whether the board of the target was friendly or hostile to the deal when it was first announced.,
MNA,mna.deal,Deal,"One row per MNA Deal, identified by DealId.",DealId,,InitialOfferPrice,Initial Price Offered per Share,Price offered per target share on announcement date.,Money,money,,,/MNA/Deals/Deal/InitialOfferPrice,MNADealInitialOfferPrice,MNADealDealId;CurrencyISOCode;Value,false,false,,,false,documented,MNA_nn.xml,36,InitialOfferPrice | Initial Price Offered per Share | Price offered per target share on announcement date.,
MNA,mna.deal,Deal,"One row per MNA Deal, identified by DealId.",DealId,,IsCashOnly,Cash Only (Y/N),Deals paid only in cash.,Bool,boolean,,,/MNA/Deals/Deal/IsCashOnly,MNADeal,IsCashOnly,false,false,,,false,documented,MNA_nn.xml,37,IsCashOnly | Cash Only (Y/N) | Deals paid only in cash.,
MNA,mna.deal,Deal,"One row per MNA Deal, identified by DealId.",DealId,,IsClubDeal,Financial Sponsor Club Deal (Y/N),Indicates if there is more than one acquiring financial sponsor.,Bool,boolean,,,/MNA/Deals/Deal/IsClubDeal,MNADeal,IsClubDeal,false,false,,,false,documented,MNA_nn.xml,38,IsClubDeal | Financial Sponsor Club Deal (Y/N) | Indicates if there is more than one acquiring financial sponsor.,
MNA,mna.deal,Deal,"One row per MNA Deal, identified by DealId.",DealId,,IsCollar,Collar (Y/N),Indicates if there is a collar,Bool,boolean,,,/MNA/Deals/Deal/IsCollar,MNADeal,IsCollar,false,false,,,false,documented,MNA_nn.xml,39,IsCollar | Collar (Y/N) | Indicates if there is a collar,
MNA,mna.deal,Deal,"One row per MNA Deal, identified by DealId.",DealId,,IsCollarFixed,Collar Fixed (Y/N),Indicates if the share price exchange ratio is fixed between a defined high and low range,Bool,boolean,,,/MNA/Deals/Deal/IsCollarFixed,MNADeal,IsCollarFixed,false,false,,,false,documented,MNA_nn.xml,40,IsCollarFixed | Collar Fixed (Y/N) | Indicates if the share price exchange ratio is fixed between a defined high and low range,
MNA,mna.deal,Deal,"One row per MNA Deal, identified by DealId.",DealId,,IsCollarFloating,Collar Floating (Y/N),Indicates if the collar is based on a floating share exchange ratio.,Bool,boolean,,,/MNA/Deals/Deal/IsCollarFloating,MNADeal,IsCollarFloating,false,false,,,false,documented,MNA_nn.xml,41,IsCollarFloating | Collar Floating (Y/N) | Indicates if the collar is based on a floating share exchange ratio.,
MNA,mna.deal,Deal,"One row per MNA Deal, identified by DealId.",DealId,,IsCrossBorder,Cross - Border T/A (Y/N),Whether the acquiror's and target's nationalities are different or not.,Bool,boolean,,,/MNA/Deals/Deal/IsCrossBorder,MNADeal,IsCrossBorder,false,false,,,false,documented,MNA_nn.xml,42,IsCrossBorder | Cross - Border T/A (Y/N) | Whether the acquiror's and target's nationalities are different or not.,
MNA,mna.deal,Deal,"One row per MNA Deal, identified by DealId.",DealId,,IsDeleted,Deleted Flag,Flag to indicate that the deal identified by the DealId key value has been removed from the feed.,Bool,boolean,,,/MNA/Deals/Deal/IsDeleted,MNADeal,IsDeleted,false,false,,,false,documented,MNA_nn.xml,43,IsDeleted | Deleted Flag | Flag to indicate that the deal identified by the DealId key value has been removed from the feed.,
MNA,mna.deal,Deal,"One row per MNA Deal, identified by DealId.",DealId,,IsRankEligible,Rank Eligible,"Whether the deal is eligible for ranking credit (excludes withdrawn deals, equity carve-outs & buyback programs).",Bool,boolean,,,/MNA/Deals/Deal/IsRankEligible,MNADeal,IsRankEligible,false,false,,,false,documented,MNA_nn.xml,44,"IsRankEligible | Rank Eligible | Whether the deal is eligible for ranking credit (excludes withdrawn deals, equity carve-outs & buyback programs).",
MNA,mna.deal,Deal,"One row per MNA Deal, identified by DealId.",DealId,,IsShareOnly,Share Only (Y/N),Whether the deals was paid only in shares.,Bool,boolean,,,/MNA/Deals/Deal/IsShareOnly,MNADeal,IsShareOnly,false,false,,,false,documented,MNA_nn.xml,45,IsShareOnly | Share Only (Y/N) | Whether the deals was paid only in shares.,
MNA,mna.deal,Deal,"One row per MNA Deal, identified by DealId.",DealId,,IsSponsorRelated,Financial Sponsor Related Flag,Indicates whether there is a Financial Sponsor on the deal.,Bool,boolean,,,/MNA/Deals/Deal/IsSponsorRelated,MNADeal,IsSponsorRelated,false,false,,,false,documented,MNA_nn.xml,46,IsSponsorRelated | Financial Sponsor Related Flag | Indicates whether there is a Financial Sponsor on the deal.,
MNA,mna.deal,Deal,"One row per MNA Deal, identified by DealId.",DealId,,IsUnsolicited,Unsolicited (Y/N),True if the acquisition was not instigated by the target. False if the target or divestor was actively seeking a purchaser for itself or the assets it is divesting in the deal.,Bool,boolean,,,/MNA/Deals/Deal/IsUnsolicited,MNADeal,IsUnsolicited,false,false,,,false,documented,MNA_nn.xml,47,IsUnsolicited | Unsolicited (Y/N) | True if the acquisition was not instigated by the target. False if the target or divestor was actively seeking a purchaser for itself or the assets it is divesting in the deal.,
MNA,mna.deal,Deal,"One row per MNA Deal, identified by DealId.",DealId,,LBOMNADeals,LBO MNA Deals,Link to original LBO of portfolio company in the case of sponsor backed deals.,Collection,collection,,,/MNA/Deals/Deal/LBOMNADeals,MNADealLBOMNADeals,,false,false,,,true,documented,MNA_nn.xml,48,LBOMNADeals | LBO MNA Deals | Link to original LBO of portfolio company in the case of sponsor backed deals.,
MNA,mna.deal,Deal,"One row per MNA Deal, identified by DealId.",DealId,,NationalityISOCode,Deal Nationality,ISO Code of the country where the target is either headquartered in or has the majority of its managerial operations in.,String(3),string,3,,/MNA/Deals/Deal/NationalityISOCode,MNADeal,NationalityISOCode,false,true,reference_files.country,ISOCode,false,documented,MNA_nn.xml,49,NationalityISOCode | Deal Nationality | ISO Code of the country where the target is either headquartered in or has the majority of its managerial operations in.,
MNA,mna.deal,Deal,"One row per MNA Deal, identified by DealId.",DealId,,RelatedDealComment,Related Deals Comments,Comments on any other transaction related to the deal.,String(MAX),text,MAX,,/MNA/Deals/Deal/RelatedDealComment,MNADeal,RelatedDealComment,false,false,,,false,documented,MNA_nn.xml,50,RelatedDealComment | Related Deals Comments | Comments on any other transaction related to the deal.,
MNA,mna.deal,Deal,"One row per MNA Deal, identified by DealId.",DealId,,RumourDate,Rumour Date,Date on which the first sign of a potential deal has been released through an unofficial source.,DateTime,datetime,,,/MNA/Deals/Deal/RumourDate,MNADeal,RumourDate,false,false,,,false,documented,MNA_nn.xml,51,RumourDate | Rumour Date | Date on which the first sign of a potential deal has been released through an unofficial source.,
MNA,mna.deal,Deal,"One row per MNA Deal, identified by DealId.",DealId,,ShareExchangeRatio,Share Exchange Ratio,The number of shares of the acquiring company that a shareholder will receive for one share of the acquired company.,Decimal,decimal,,,/MNA/Deals/Deal/ShareExchangeRatio,MNADeal,ShareExchangeRatio,false,false,,,false,documented,MNA_nn.xml,52,ShareExchangeRatio | Share Exchange Ratio | The number of shares of the acquiring company that a shareholder will receive for one share of the acquired company.,
MNA,mna.deal,Deal,"One row per MNA Deal, identified by DealId.",DealId,,TargetNetDebt,Target Net Debt,Target's total debt minus cash and short-term investments.,Money,money,,,/MNA/Deals/Deal/TargetNetDebt,MNADealTargetNetDebt,MNADealDealId;CurrencyISOCode;Value,false,false,,,false,documented,MNA_nn.xml,53,TargetNetDebt | Target Net Debt | Target's total debt minus cash and short-term investments.,
MNA,mna.deal,Deal,"One row per MNA Deal, identified by DealId.",DealId,,TargetPublicStatusId,Target Public Status,Link to Public Status reference file to indiciate if the target is a publicly listed company.,Int,integer,,,/MNA/Deals/Deal/TargetPublicStatusId,MNADeal,TargetPublicStatusId,false,false,,,false,documented,MNA_nn.xml,54,TargetPublicStatusId | Target Public Status | Link to Public Status reference file to indiciate if the target is a publicly listed company.,
MNA,mna.deal,Deal,"One row per MNA Deal, identified by DealId.",DealId,,TargetRevisedPrice,Target Revised Price,Current price offered per target share,Money,money,,,/MNA/Deals/Deal/TargetRevisedPrice,MNADealTargetRevisedPrice,MNADealDealId;CurrencyISOCode;Value,false,false,,,false,documented,MNA_nn.xml,55,TargetRevisedPrice | Target Revised Price | Current price offered per target share,
MNA,mna.deal,Deal,"One row per MNA Deal, identified by DealId.",DealId,,TypeId,Deal Type,"Specifies the type of transaction; Strategic, Sponsor or Buyback.",Int,integer,,,/MNA/Deals/Deal/TypeId,MNADeal,TypeId,false,true,reference_files.mnadealtype,Id,false,documented,MNA_nn.xml,56,"TypeId | Deal Type | Specifies the type of transaction; Strategic, Sponsor or Buyback.",
MNA,mna.deal,Deal,"One row per MNA Deal, identified by DealId.",DealId,,Value,Deal Value,The Deal Value.,Money,money,,,/MNA/Deals/Deal/Value,MNADealValue,MNADealDealId;CurrencyISOCode;Value,false,false,,,false,documented,MNA_nn.xml,57,Value | Deal Value | The Deal Value.,
MNA,mna.deal,Deal,"One row per MNA Deal, identified by DealId.",DealId,,ValueAtAnnouncement,Deal Value at Announcement,The Deal Value computed using the prevailing company share price and number of shares in the transaction when the deal was first announced or made public.,Money,money,,,/MNA/Deals/Deal/ValueAtAnnouncement,MNADealValueAtAnnouncement,MNADealDealId;CurrencyISOCode;Value,false,false,,,false,documented,MNA_nn.xml,58,ValueAtAnnouncement | Deal Value at Announcement | The Deal Value computed using the prevailing company share price and number of shares in the transaction when the deal was first announced or made public.,
MNA,mna.deal,Deal,"One row per MNA Deal, identified by DealId.",DealId,,ValueAtAnnouncementExDebt,Deal Value (excl debt) at Announcement,Value of the deal at announcement date excluding the assumption of target's net debt,Money,money,,,/MNA/Deals/Deal/ValueAtAnnouncementExDebt,MNADealValueAtAnnouncementExDebt,MNADealDealId;CurrencyISOCode;Value,false,false,,,false,documented,MNA_nn.xml,59,ValueAtAnnouncementExDebt | Deal Value (excl debt) at Announcement | Value of the deal at announcement date excluding the assumption of target's net debt,
MNA,mna.deal,Deal,"One row per MNA Deal, identified by DealId.",DealId,,ValueExDebt,Deal Value $ (excl debt),Current value of the deal excluding the assumption of target's net debt,Money,money,,,/MNA/Deals/Deal/ValueExDebt,MNADealValueExDebt,MNADealDealId;CurrencyISOCode;Value,false,false,,,false,documented,MNA_nn.xml,60,ValueExDebt | Deal Value $ (excl debt) | Current value of the deal excluding the assumption of target's net debt,
MNA,mna.acquisitiontechnique,AcquisitionTechnique,"One row per MNA AcquisitionTechnique, identified by DealId and AcquisitionMethodId.",DealId;AcquisitionMethodId,mna.deal,AcquisitionMethodId,Deal Technique,Link to the acquisition technique reference that specifies the different techniques used in the deal.,Int,integer,,,/MNA/Deals/Deal/AcquisitionTechniques/AcquisitionTechnique/AcquisitionMethodId,MNADealAcquisitionTechniques,AcquisitionMethodId,true,true,reference_files.mnaacquisitionmethod,Id,false,documented,MNA_nn.xml,66,AcquisitionMethodId | Deal Technique | Link to the acquisition technique reference that specifies the different techniques used in the deal.,
MNA,mna.acquisitiontechnique,AcquisitionTechnique,"One row per MNA AcquisitionTechnique, identified by DealId and AcquisitionMethodId.",DealId;AcquisitionMethodId,mna.deal,SortNumber,Sequence number,Presentation order for the acquisition techniques. Use the value with sequence number 0 when only a single value is required for presentation.,Int,integer,,,/MNA/Deals/Deal/AcquisitionTechniques/AcquisitionTechnique/SortNumber,MNADealAcquisitionTechniques,SortNumber,false,false,,,false,documented,MNA_nn.xml,67,SortNumber | Sequence number | Presentation order for the acquisition techniques. Use the value with sequence number 0 when only a single value is required for presentation.,
MNA,mna.advisor,Advisor,"One row per MNA Advisor, identified by DealId and AdvisorId and AdvisorRoleId and CompanyId and CompanyRoleId.",DealId;AdvisorId;AdvisorRoleId;CompanyId;CompanyRoleId,mna.deal,AdvisorId,Advisor Id,Link to a company acting as an advisor in the deal.,Int,integer,,,/MNA/Deals/Deal/Advisors/Advisor/AdvisorId,MNADealAdvisors,AdvisorId,true,true,company.company,Id,false,documented,MNA_nn.xml,73,AdvisorId | Advisor Id | Link to a company acting as an advisor in the deal.,
MNA,mna.advisor,Advisor,"One row per MNA Advisor, identified by DealId and AdvisorId and AdvisorRoleId and CompanyId and CompanyRoleId.",DealId;AdvisorId;AdvisorRoleId;CompanyId;CompanyRoleId,mna.deal,AdvisorRoleId,Advisor Role,Link to the advisor role reference to indicate the role played by a particular advising company in the deal.,Int,integer,,,/MNA/Deals/Deal/Advisors/Advisor/AdvisorRoleId,MNADealAdvisors,AdvisorRoleId,true,true,reference_files.mnaadvisorrole,Id,false,documented,MNA_nn.xml,74,AdvisorRoleId | Advisor Role | Link to the advisor role reference to indicate the role played by a particular advising company in the deal.,
MNA,mna.advisor,Advisor,"One row per MNA Advisor, identified by DealId and AdvisorId and AdvisorRoleId and CompanyId and CompanyRoleId.",DealId;AdvisorId;AdvisorRoleId;CompanyId;CompanyRoleId,mna.deal,CompanyId,Company Advised Id,Link to a company representing a participant in the deal being advised by the company in the corresponding advisor role. Note,Int,integer,,,/MNA/Deals/Deal/Advisors/Advisor/CompanyId,MNADealAdvisors,CompanyId,true,true,company.company,Id,false,documented,MNA_nn.xml,75,CompanyId | Company Advised Id | Link to a company representing a participant in the deal being advised by the company in the corresponding advisor role. Note,
MNA,mna.advisor,Advisor,"One row per MNA Advisor, identified by DealId and AdvisorId and AdvisorRoleId and CompanyId and CompanyRoleId.",DealId;AdvisorId;AdvisorRoleId;CompanyId;CompanyRoleId,mna.deal,CompanyRoleId,Advised company role,Link to the company role reference indicating which side of the deal the advised company belongs to (target or adviser).,Int,integer,,,/MNA/Deals/Deal/Advisors/Advisor/CompanyRoleId,MNADealAdvisors,CompanyRoleId,true,true,reference_files.mnacompanyrole,Id,false,documented,MNA_nn.xml,76,CompanyRoleId | Advised company role | Link to the company role reference indicating which side of the deal the advised company belongs to (target or adviser).,
MNA,mna.advisor,Advisor,"One row per MNA Advisor, identified by DealId and AdvisorId and AdvisorRoleId and CompanyId and CompanyRoleId.",DealId;AdvisorId;AdvisorRoleId;CompanyId;CompanyRoleId,mna.deal,DealSide,Advisor Deal Side,Single--character indicating which side of the deal the advisor was working for; A for Acquiror side and T for the target side.,String(1),string,1,,/MNA/Deals/Deal/Advisors/Advisor/DealSide,MNADealAdvisors,DealSide,false,false,,,false,documented,MNA_nn.xml,77,DealSide | Advisor Deal Side | Single--character indicating which side of the deal the advisor was working for; A for Acquiror side and T for the target side.,
MNA,mna.advisor,Advisor,"One row per MNA Advisor, identified by DealId and AdvisorId and AdvisorRoleId and CompanyId and CompanyRoleId.",DealId;AdvisorId;AdvisorRoleId;CompanyId;CompanyRoleId,mna.deal,IsSelfAdvised,Self Advised (Y/N),True where the Advisor is in the same group as a transacting company,Bool,boolean,,,/MNA/Deals/Deal/Advisors/Advisor/IsSelfAdvised,MNADealAdvisors,IsSelfAdvised,false,false,,,false,documented,MNA_nn.xml,78,IsSelfAdvised | Self Advised (Y/N) | True where the Advisor is in the same group as a transacting company,
MNA,mna.advisor,Advisor,"One row per MNA Advisor, identified by DealId and AdvisorId and AdvisorRoleId and CompanyId and CompanyRoleId.",DealId;AdvisorId;AdvisorRoleId;CompanyId;CompanyRoleId,mna.deal,RankingCreditPercent,Ranking Credit Percent,Percentage of the deal value to allocate to the advisor in Dealogic M&A volume rankings.,Decimal(2),decimal,,2,/MNA/Deals/Deal/Advisors/Advisor/RankingCreditPercent,MNADealAdvisors,RankingCreditPercent,false,false,,,false,documented,MNA_nn.xml,79,RankingCreditPercent | Ranking Credit Percent | Percentage of the deal value to allocate to the advisor in Dealogic M&A volume rankings.,
MNA,mna.advisor,Advisor,"One row per MNA Advisor, identified by DealId and AdvisorId and AdvisorRoleId and CompanyId and CompanyRoleId.",DealId;AdvisorId;AdvisorRoleId;CompanyId;CompanyRoleId,mna.deal,SortNumber,Sequence number,Presentation order for the deal advisors.,Int,integer,,,/MNA/Deals/Deal/Advisors/Advisor/SortNumber,MNADealAdvisors,SortNumber,false,false,,,false,documented,MNA_nn.xml,80,SortNumber | Sequence number | Presentation order for the deal advisors.,
MNA,mna.company,Company,"One row per MNA Company, identified by DealId and CompanyId and CompanyRoleId.",DealId;CompanyId;CompanyRoleId,mna.deal,AcquiredStakePercent,Acquired Stake %,Percentage of target's share capital acquired in the deal. See notes for special values.,Decimal(2),decimal,,2,/MNA/Deals/Deal/Companies/Company/AcquiredStakePercent,MNADealCompanies,AcquiredStakePercent,false,false,,,false,documented,MNA_nn.xml,86,AcquiredStakePercent | Acquired Stake % | Percentage of target's share capital acquired in the deal. See notes for special values.,
MNA,mna.company,Company,"One row per MNA Company, identified by DealId and CompanyId and CompanyRoleId.",DealId;CompanyId;CompanyRoleId,mna.deal,CompanyId,Company Id,"Link to company record for a company participating in the deal in either an acquiror, target or divestor role.",Int,integer,,,/MNA/Deals/Deal/Companies/Company/CompanyId,MNADealCompanies,CompanyId,true,true,company.company,Id,false,documented,MNA_nn.xml,87,"CompanyId | Company Id | Link to company record for a company participating in the deal in either an acquiror, target or divestor role.",
MNA,mna.company,Company,"One row per MNA Company, identified by DealId and CompanyId and CompanyRoleId.",DealId;CompanyId;CompanyRoleId,mna.deal,CompanyRoleId,Company Role Id,"Link to the company role reference table. Role is one of acquiror, target, divestor or acquiring subsidiary.",Int,integer,,,/MNA/Deals/Deal/Companies/Company/CompanyRoleId,MNADealCompanies,CompanyRoleId,true,true,reference_files.mnacompanyrole,Id,false,documented,MNA_nn.xml,88,"CompanyRoleId | Company Role Id | Link to the company role reference table. Role is one of acquiror, target, divestor or acquiring subsidiary.",
MNA,mna.company,Company,"One row per MNA Company, identified by DealId and CompanyId and CompanyRoleId.",DealId;CompanyId;CompanyRoleId,mna.deal,Detail,Asset Details,"Additional details on the company involved in the transaction. E.g. percentage acquired/divested, names of individuals involved in the deal, types of assets being acquired (divisions, properties, etc.), as well as types of M&A deal (MBO, etc.).",String(200),string,200,,/MNA/Deals/Deal/Companies/Company/Detail,MNADealCompanies,Detail,false,false,,,false,documented,MNA_nn.xml,89,"Detail | Asset Details | Additional details on the company involved in the transaction. E.g. percentage acquired/divested, names of individuals involved in the deal, types of assets being acquired (divisions, properties, etc.), as well as types of M&A deal (MBO, etc.).",
MNA,mna.company,Company,"One row per MNA Company, identified by DealId and CompanyId and CompanyRoleId.",DealId;CompanyId;CompanyRoleId,mna.deal,FinalStakePercent,Final Stake %,Percentage of the target's share capital owned by the acquiror on completion of the deal,Decimal(2),decimal,,2,/MNA/Deals/Deal/Companies/Company/FinalStakePercent,MNADealCompanies,FinalStakePercent,false,false,,,false,documented,MNA_nn.xml,90,FinalStakePercent | Final Stake % | Percentage of the target's share capital owned by the acquiror on completion of the deal,
MNA,mna.company,Company,"One row per MNA Company, identified by DealId and CompanyId and CompanyRoleId.",DealId;CompanyId;CompanyRoleId,mna.deal,InitialStakePercent,Initial Stake %,Percentage of the target's share capital owned by the acquiror prior to the deal,Decimal(2),decimal,,2,/MNA/Deals/Deal/Companies/Company/InitialStakePercent,MNADealCompanies,InitialStakePercent,false,false,,,false,documented,MNA_nn.xml,91,InitialStakePercent | Initial Stake % | Percentage of the target's share capital owned by the acquiror prior to the deal,
MNA,mna.company,Company,"One row per MNA Company, identified by DealId and CompanyId and CompanyRoleId.",DealId;CompanyId;CompanyRoleId,mna.deal,IsPrimary,Primary Company (Y/N),"When a deal has several companies linked for th same role (target, acquiror etc.) this flag is set to true on the most important of the companies in the group. ie. there is a primary target company and also a primary acquiror, divestor etc.",Bool,boolean,,,/MNA/Deals/Deal/Companies/Company/IsPrimary,MNADealCompanies,IsPrimary,false,false,,,false,documented,MNA_nn.xml,92,"IsPrimary | Primary Company (Y/N) | When a deal has several companies linked for th same role (target, acquiror etc.) this flag is set to true on the most important of the companies in the group. ie. there is a primary target company and also a primary acquiror, divestor etc.",
MNA,mna.company,Company,"One row per MNA Company, identified by DealId and CompanyId and CompanyRoleId.",DealId;CompanyId;CompanyRoleId,mna.deal,PreDeal,Pre-Deal Company information,Contains company details at the time of the deal. This is to preserve the historic detail of the deal as the change in ownership of assets could change original values.,Complex,complex,,,/MNA/Deals/Deal/Companies/Company/PreDeal,MNADealCompaniesPreDeal…,,false,false,,,true,documented,MNA_nn.xml,93,PreDeal | Pre-Deal Company information | Contains company details at the time of the deal. This is to preserve the historic detail of the deal as the change in ownership of assets could change original values.,
MNA,mna.company,Company,"One row per MNA Company, identified by DealId and CompanyId and CompanyRoleId.",DealId;CompanyId;CompanyRoleId,mna.deal,SortNumber,Company sort number.,"Sequence number used in presentation to preserve the order of display of companies in the deal. Primary companies are usually assigned the sequence number 0,.",Int,integer,,,/MNA/Deals/Deal/Companies/Company/SortNumber,MNADealCompanies,SortNumber,false,false,,,false,documented,MNA_nn.xml,94,"SortNumber | Company sort number. | Sequence number used in presentation to preserve the order of display of companies in the deal. Primary companies are usually assigned the sequence number 0,.",
MNA,mna.company,Company,"One row per MNA Company, identified by DealId and CompanyId and CompanyRoleId.",DealId;CompanyId;CompanyRoleId,mna.deal,Business Description,Company Business Description,Business description of the company at the time of the deal.,String,string,,,/MNA/Deals/Deal/Companies/Company/PreDeal/Business Description,MNADealCompanies,PreDealBusiness Description,false,false,,,false,documented,MNA_nn.xml,98,Business Description | Company Business Description | Business description of the company at the time of the deal.,
MNA,mna.company,Company,"One row per MNA Company, identified by DealId and CompanyId and CompanyRoleId.",DealId;CompanyId;CompanyRoleId,mna.deal,Financials,Financials,Financial information for the Target and Acquiror company at the time of the deal.,Complex,complex,,,/MNA/Deals/Deal/Companies/Company/PreDeal/Financials,MNADealCompaniesPreDealFinancials…,,false,false,,,true,documented,MNA_nn.xml,99,Financials | Financials | Financial information for the Target and Acquiror company at the time of the deal.,
MNA,mna.company,Company,"One row per MNA Company, identified by DealId and CompanyId and CompanyRoleId.",DealId;CompanyId;CompanyRoleId,mna.deal,Name,Company Name,Company name at the time of the deal. ie. when a target company has a name change following acquisition this name field will not be changed.,String(100),string,100,,/MNA/Deals/Deal/Companies/Company/PreDeal/Name,MNADealCompanies,PreDealName,false,false,,,false,documented,MNA_nn.xml,100,Name | Company Name | Company name at the time of the deal. ie. when a target company has a name change following acquisition this name field will not be changed.,
MNA,mna.company,Company,"One row per MNA Company, identified by DealId and CompanyId and CompanyRoleId.",DealId;CompanyId;CompanyRoleId,mna.deal,NationalityISOCode,Company Nationality,ISO code of the country representing the nationality of the company at the time of the deal. ie. when a target is acquired in a cross-border takeover its present nationality may change. This field will not be changed.,String(3),string,3,,/MNA/Deals/Deal/Companies/Company/PreDeal/NationalityISOCode,MNADealCompanies,PreDealNationalityISOCode,false,true,reference_files.country,ISOCode,false,documented,MNA_nn.xml,101,NationalityISOCode | Company Nationality | ISO code of the country representing the nationality of the company at the time of the deal. ie. when a target is acquired in a cross-border takeover its present nationality may change. This field will not be changed.,
MNA,mna.company,Company,"One row per MNA Company, identified by DealId and CompanyId and CompanyRoleId.",DealId;CompanyId;CompanyRoleId,mna.deal,SICCodes,SICCode,Multi-value list of SIC codes applicable to a company.,Collection,collection,,,/MNA/Deals/Deal/Companies/Company/PreDeal/SICCodes,MNADealCompaniesPreDealSICCodes…,,false,false,,,true,documented,MNA_nn.xml,102,SICCodes | SICCode | Multi-value list of SIC codes applicable to a company.,
MNA,mna.company,Company,"One row per MNA Company, identified by DealId and CompanyId and CompanyRoleId.",DealId;CompanyId;CompanyRoleId,mna.deal,SIGId,Specific Industry Group,Link to SIG reference list for companies in the deal. The value will reflect the industry group at the time of the deal. ie. when a target is acquired in by a company in another sector its present SIG may change. This field will not be changed.,Int,integer,,,/MNA/Deals/Deal/Companies/Company/PreDeal/SIGId,MNADealCompanies,PreDealSIGId,false,true,reference_files.companysig,Id,false,documented,MNA_nn.xml,103,SIGId | Specific Industry Group | Link to SIG reference list for companies in the deal. The value will reflect the industry group at the time of the deal. ie. when a target is acquired in by a company in another sector its present SIG may change. This field will not be changed.,
MNA,mna.company,Company,"One row per MNA Company, identified by DealId and CompanyId and CompanyRoleId.",DealId;CompanyId;CompanyRoleId,mna.deal,Ticker,Company Ticker Symbol,Ticker symbol of the company at the time of the deal,String,string,,,/MNA/Deals/Deal/Companies/Company/PreDeal/Ticker,MNADealCompanies,PreDealTicker,false,false,,,false,documented,MNA_nn.xml,104,Ticker | Company Ticker Symbol | Ticker symbol of the company at the time of the deal,
MNA,mna.company,Company,"One row per MNA Company, identified by DealId and CompanyId and CompanyRoleId.",DealId;CompanyId;CompanyRoleId,mna.deal,Assets,Acquiror Total Assets,Value of acquiror's total assets.,Money,money,,,/MNA/Deals/Deal/Companies/Company/PreDeal/Financials/Assets,MNADealCompaniesPreDealFinancialsAssets,MNADealCompanyDealId;MNADealCompanyCompanyId;MNADealCompanyCompanyRoleId;CurrencyISOCode;Value,false,false,,,false,documented,MNA_nn.xml,108,Assets | Acquiror Total Assets | Value of acquiror's total assets.,
MNA,mna.company,Company,"One row per MNA Company, identified by DealId and CompanyId and CompanyRoleId.",DealId;CompanyId;CompanyRoleId,mna.deal,Cash,Acquiror Cash & Equivalents,Amount of cash and marketable securities available to the acquiror.,Money,money,,,/MNA/Deals/Deal/Companies/Company/PreDeal/Financials/Cash,MNADealCompaniesPreDealFinancialsCash,MNADealCompanyDealId;MNADealCompanyCompanyId;MNADealCompanyCompanyRoleId;CurrencyISOCode;Value,false,false,,,false,documented,MNA_nn.xml,109,Cash | Acquiror Cash & Equivalents | Amount of cash and marketable securities available to the acquiror.,
MNA,mna.company,Company,"One row per MNA Company, identified by DealId and CompanyId and CompanyRoleId.",DealId;CompanyId;CompanyRoleId,mna.deal,EBITDA,Operating Profit (EBITDA),"Company earnings before deduction of interest, tax, depreciation and amortization.",Money,money,,,/MNA/Deals/Deal/Companies/Company/PreDeal/Financials/EBITDA,MNADealCompaniesPreDealFinancialsEBITDA,MNADealCompanyDealId;MNADealCompanyCompanyId;MNADealCompanyCompanyRoleId;CurrencyISOCode;Value,false,false,,,false,documented,MNA_nn.xml,110,"EBITDA | Operating Profit (EBITDA) | Company earnings before deduction of interest, tax, depreciation and amortization.",
MNA,mna.company,Company,"One row per MNA Company, identified by DealId and CompanyId and CompanyRoleId.",DealId;CompanyId;CompanyRoleId,mna.deal,Liabilities,Acquiror Total Liabilities,Value of acquiror's total liabilities.,Money,money,,,/MNA/Deals/Deal/Companies/Company/PreDeal/Financials/Liabilities,MNADealCompaniesPreDealFinancialsLiabilities,MNADealCompanyDealId;MNADealCompanyCompanyId;MNADealCompanyCompanyRoleId;CurrencyISOCode;Value,false,false,,,false,documented,MNA_nn.xml,111,Liabilities | Acquiror Total Liabilities | Value of acquiror's total liabilities.,
MNA,mna.company,Company,"One row per MNA Company, identified by DealId and CompanyId and CompanyRoleId.",DealId;CompanyId;CompanyRoleId,mna.deal,NetIncome,Acquiror Net Income,Net income of the acquiror.,Money,money,,,/MNA/Deals/Deal/Companies/Company/PreDeal/Financials/NetIncome,MNADealCompaniesPreDealFinancialsNetIncome,MNADealCompanyDealId;MNADealCompanyCompanyId;MNADealCompanyCompanyRoleId;CurrencyISOCode;Value,false,false,,,false,documented,MNA_nn.xml,112,NetIncome | Acquiror Net Income | Net income of the acquiror.,
MNA,mna.company,Company,"One row per MNA Company, identified by DealId and CompanyId and CompanyRoleId.",DealId;CompanyId;CompanyRoleId,mna.deal,PriceBeforeDeal1Day,Company share price before deal,Company closing share price 1 day before announcement date.,Money,money,,,/MNA/Deals/Deal/Companies/Company/PreDeal/Financials/PriceBeforeDeal1Day,MNADealCompaniesPreDealFinancialsPriceBeforeDeal1Day,MNADealCompanyDealId;MNADealCompanyCompanyId;MNADealCompanyCompanyRoleId;CurrencyISOCode;Value,false,false,,,false,documented,MNA_nn.xml,113,PriceBeforeDeal1Day | Company share price before deal | Company closing share price 1 day before announcement date.,
MNA,mna.company,Company,"One row per MNA Company, identified by DealId and CompanyId and CompanyRoleId.",DealId;CompanyId;CompanyRoleId,mna.deal,Revenue,Acquiror Sales Revenue,Value of acquiror's sales.,Money,money,,,/MNA/Deals/Deal/Companies/Company/PreDeal/Financials/Revenue,MNADealCompaniesPreDealFinancialsRevenue,MNADealCompanyDealId;MNADealCompanyCompanyId;MNADealCompanyCompanyRoleId;CurrencyISOCode;Value,false,false,,,false,documented,MNA_nn.xml,114,Revenue | Acquiror Sales Revenue | Value of acquiror's sales.,
MNA,mna.consideration,Consideration,"One row per MNA Consideration, identified by DealId and ConsiderationId.",DealId;ConsiderationId,mna.deal,Amount,Consideration Amount,Amount associated with the consideration type.,Money,money,,,/MNA/Deals/Deal/Considerations/Consideration/Amount,MNADealConsiderationsAmount,MNADealConsiderationDealId;MNADealConsiderationConsiderationId;CurrencyISOCode;Value,false,false,,,false,documented,MNA_nn.xml,120,Amount | Consideration Amount | Amount associated with the consideration type.,
MNA,mna.consideration,Consideration,"One row per MNA Consideration, identified by DealId and ConsiderationId.",DealId;ConsiderationId,mna.deal,ConsiderationId,Consideration Type,Link to the consideration reference.,Int,integer,,,/MNA/Deals/Deal/Considerations/Consideration/ConsiderationId,MNADealConsiderations,ConsiderationId,true,true,reference_files.mnadealconisderationtype,Id,false,documented,MNA_nn.xml,121,ConsiderationId | Consideration Type | Link to the consideration reference.,
MNA,mna.defensetechnique,DefenseTechnique,"One row per MNA DefenseTechnique, identified by DealId and DefenseTechniqueId.",DealId;DefenseTechniqueId,mna.deal,DefenseTechiqueId,Consideration Type,Link to the defense technique reference.,Int,integer,,,/MNA/Deals/Deal/DefenseTechniques/DefenseTechnique/DefenseTechniqueId,MNADealDefenseTechniques,DefenseTechiqueId,false,true,reference_files.mnadefensetechnique,Id,false,documented,MNA_nn.xml,127,DefenseTechiqueId | Consideration Type | Link to the defense technique reference.,
MNA,mna.financialsponsor,FinancialSponsor,"One row per MNA FinancialSponsor, identified by DealId and FinancialSponsorId and DealSide.",DealId;FinancialSponsorId;DealSide,mna.deal,ActivityTypeId,Financial Sponsor Activity Type,"Link to the sponsor activity type (Entry, Exit, Portfolio)",Int,integer,,,/MNA/Deals/Deal/FinancialSponsors/FinancialSponsor/ActivityTypeId,MNADealFinancialSponsors,ActivityTypeId,false,true,reference_files.sponsoractivitytype,Id,false,documented,MNA_nn.xml,133,"ActivityTypeId | Financial Sponsor Activity Type | Link to the sponsor activity type (Entry, Exit, Portfolio)",
MNA,mna.financialsponsor,FinancialSponsor,"One row per MNA FinancialSponsor, identified by DealId and FinancialSponsorId and DealSide.",DealId;FinancialSponsorId;DealSide,mna.deal,DealSide,Financial Sponsor Deal Side,Indicates whether the sponsor was acting on the Acquiror or on the Target side. Value is either A or T.,String(1),string,1,,/MNA/Deals/Deal/FinancialSponsors/FinancialSponsor/DealSide,MNADealFinancialSponsors,DealSide,true,false,,,false,documented,MNA_nn.xml,134,DealSide | Financial Sponsor Deal Side | Indicates whether the sponsor was acting on the Acquiror or on the Target side. Value is either A or T.,
MNA,mna.financialsponsor,FinancialSponsor,"One row per MNA FinancialSponsor, identified by DealId and FinancialSponsorId and DealSide.",DealId;FinancialSponsorId;DealSide,mna.deal,FinancialSponsorId,Financial Sponsor,Link to company reference of a Financial Sponsor involved in the transaction.,Int,integer,,,/MNA/Deals/Deal/FinancialSponsors/FinancialSponsor/FinancialSponsorId,MNADealFinancialSponsors,FinancialSponsorId,true,true,company.company,Id,false,documented,MNA_nn.xml,135,FinancialSponsorId | Financial Sponsor | Link to company reference of a Financial Sponsor involved in the transaction.,
MNA,mna.financialsponsor,FinancialSponsor,"One row per MNA FinancialSponsor, identified by DealId and FinancialSponsorId and DealSide.",DealId;FinancialSponsorId;DealSide,mna.deal,IsAddOn,Financial Sponsor Add-on (Y/N),Indicates if the acquisition is being made by a portfolio company of a financial sponsor,Bool,boolean,,,/MNA/Deals/Deal/FinancialSponsors/FinancialSponsor/IsAddOn,MNADealFinancialSponsors,IsAddOn,false,false,,,false,documented,MNA_nn.xml,136,IsAddOn | Financial Sponsor Add-on (Y/N) | Indicates if the acquisition is being made by a portfolio company of a financial sponsor,
MNA,mna.financialsponsor,FinancialSponsor,"One row per MNA FinancialSponsor, identified by DealId and FinancialSponsorId and DealSide.",DealId;FinancialSponsorId;DealSide,mna.deal,SortNumber,SortNumber,Used to determine the presentation order where there are multiple values. The item with sequence number 0 is generally the most significant or primary value.,Int,integer,,,/MNA/Deals/Deal/FinancialSponsors/FinancialSponsor/SortNumber,MNADealFinancialSponsors,SortNumber,false,false,,,false,documented,MNA_nn.xml,137,SortNumber | SortNumber | Used to determine the presentation order where there are multiple values. The item with sequence number 0 is generally the most significant or primary value.,
MNA,mna.lbomnadeal,LBOMNADeal,"One row per MNA LBOMNADeal, identified by DealId and LBOMNADealId.",DealId;LBOMNADealId,mna.deal,LBOMNADealId,LBO MNA Deal #,Link to original LBO of portfolio company in the case of sponsor backed deals.,Int,integer,,,/MNA/Deals/Deal/LBOMNADeals/LBOMNADeal/LBOMNADealId,MNADealLBOMNADeals,LBOMNADealId,true,true,mna.deal,DealId,false,documented,MNA_nn.xml,143,LBOMNADealId | LBO MNA Deal # | Link to original LBO of portfolio company in the case of sponsor backed deals.,
MNA,mna.siccode,SICCode,"One row per MNA SICCode, identified by DealId and CompanyId and CompanyRoleId and Code.",DealId;CompanyId;CompanyRoleId;Code,mna.company,Code,Pre-deal SIC Code,A SIC code that applies to the company at the time of the deal.,String(4),string,4,,/MNA/Deals/Deal/Companies/Company/PreDeal/SICCodes/SICCode/Code,MNADealCompaniesPreDealSICCodes,Code,true,true,reference_files.companysiccode,Code,false,documented,MNA_nn.xml,150,Code | Pre-deal SIC Code | A SIC code that applies to the company at the time of the deal.,
MNA,mna.siccode,SICCode,"One row per MNA SICCode, identified by DealId and CompanyId and CompanyRoleId and Code.",DealId;CompanyId;CompanyRoleId;Code,mna.company,SortNumber,Sort number,Presentation ordering.,Int,integer,,,/MNA/Deals/Deal/Companies/Company/PreDeal/SICCodes/SICCode/SortNumber,MNADealCompaniesPreDealSICCodes,SortNumber,false,false,,,false,documented,MNA_nn.xml,151,SortNumber | Sort number | Presentation ordering.,
REFERENCE_FILES,reference_files.bearertype,BearerType,"One row per REFERENCE_FILES BearerType, identified by Id.",Id,,Code,Bearer Registered Code,Short code to identify whether bonds are Bearer or Registered.,String(2),string,2,,,BearerType,Code,false,false,,,false,documented,REFERENCE_FILES,8,Code | Bearer Registered Code | Short code to identify whether bonds are Bearer or Registered.,
REFERENCE_FILES,reference_files.bearertype,BearerType,"One row per REFERENCE_FILES BearerType, identified by Id.",Id,,Id,Bearer Registered Id,Identifier value used as a link to the current record in all other records.,Int,integer,,,,BearerType,Id,true,false,,,false,documented,REFERENCE_FILES,9,Id | Bearer Registered Id | Identifier value used as a link to the current record in all other records.,
REFERENCE_FILES,reference_files.bearertype,BearerType,"One row per REFERENCE_FILES BearerType, identified by Id.",Id,,Name,Bearer Registered Description,Brief description of the value.,String(15),string,15,,,BearerType,Name,false,false,,,false,documented,REFERENCE_FILES,10,Name | Bearer Registered Description | Brief description of the value.,
REFERENCE_FILES,reference_files.companyindustrysector,CompanyIndustrySector,"One row per REFERENCE_FILES CompanyIndustrySector, identified by Id.",Id,,Code,Industry Sector Code,Short code to identify an IndustrySector.,String(3),string,3,,,CompanyIndustrySector,Code,false,false,,,false,documented,REFERENCE_FILES,17,Code | Industry Sector Code | Short code to identify an IndustrySector.,
REFERENCE_FILES,reference_files.companyindustrysector,CompanyIndustrySector,"One row per REFERENCE_FILES CompanyIndustrySector, identified by Id.",Id,,Id,Industry Sector Id,Identifier value used as a link to the current record in all other records.,Int,integer,,,,CompanyIndustrySector,Id,true,false,,,false,documented,REFERENCE_FILES,18,Id | Industry Sector Id | Identifier value used as a link to the current record in all other records.,
REFERENCE_FILES,reference_files.companyindustrysector,CompanyIndustrySector,"One row per REFERENCE_FILES CompanyIndustrySector, identified by Id.",Id,,Name,Industry Sector Description,Brief description of the value.,String(255),string,255,,,CompanyIndustrySector,Name,false,false,,,false,documented,REFERENCE_FILES,19,Name | Industry Sector Description | Brief description of the value.,
REFERENCE_FILES,reference_files.companynaicscode,CompanyNAICSCode,"One row per REFERENCE_FILES CompanyNAICSCode, identified by Id.",Id,,Code,NAICS Code,6-digit NAICS Code.,String(6),string,6,,,CompanyNAICSCode,Code,false,false,,,false,documented,REFERENCE_FILES,26,Code | NAICS Code | 6-digit NAICS Code.,
REFERENCE_FILES,reference_files.companynaicscode,CompanyNAICSCode,"One row per REFERENCE_FILES CompanyNAICSCode, identified by Id.",Id,,Id,NAICS Id,Identifier value used as a link to the current record in all other records.,Int,integer,,,,CompanyNAICSCode,Id,true,false,,,false,documented,REFERENCE_FILES,27,Id | NAICS Id | Identifier value used as a link to the current record in all other records.,
REFERENCE_FILES,reference_files.companynaicscode,CompanyNAICSCode,"One row per REFERENCE_FILES CompanyNAICSCode, identified by Id.",Id,,Name,NAICS Description,Description of the business activity represented by the code value.,String(255),string,255,,,CompanyNAICSCode,Name,false,false,,,false,documented,REFERENCE_FILES,28,Name | NAICS Description | Description of the business activity represented by the code value.,
REFERENCE_FILES,reference_files.companyorganisationtype,CompanyOrganisationType,"One row per REFERENCE_FILES CompanyOrganisationType, identified by Id.",Id,,Code,Organisation Type Code,Short code to identify an organisation type.,String(2),string,2,,,CompanyOrganisationType,Code,false,false,,,false,documented,REFERENCE_FILES,35,Code | Organisation Type Code | Short code to identify an organisation type.,
REFERENCE_FILES,reference_files.companyorganisationtype,CompanyOrganisationType,"One row per REFERENCE_FILES CompanyOrganisationType, identified by Id.",Id,,Id,Organisation Type Id,Identifier value used as a link to the current record in all other records.,Int,integer,,,,CompanyOrganisationType,Id,true,false,,,false,documented,REFERENCE_FILES,36,Id | Organisation Type Id | Identifier value used as a link to the current record in all other records.,
REFERENCE_FILES,reference_files.companyorganisationtype,CompanyOrganisationType,"One row per REFERENCE_FILES CompanyOrganisationType, identified by Id.",Id,,Name,Organisation Type Description,Brief description of the value.,String(40),string,40,,,CompanyOrganisationType,Name,false,false,,,false,documented,REFERENCE_FILES,37,Name | Organisation Type Description | Brief description of the value.,
REFERENCE_FILES,reference_files.companypublicstatus,CompanyPublicStatus,"One row per REFERENCE_FILES CompanyPublicStatus, identified by Id.",Id,,Code,Public Status Code,Short code to identify a Company Public Status.category.,String(3),string,3,,,CompanyPublicStatus,Code,false,false,,,false,documented,REFERENCE_FILES,44,Code | Public Status Code | Short code to identify a Company Public Status.category.,
REFERENCE_FILES,reference_files.companypublicstatus,CompanyPublicStatus,"One row per REFERENCE_FILES CompanyPublicStatus, identified by Id.",Id,,Id,Public Status Id,Identifier value used as a link to the current record in all other records.,Int,integer,,,,CompanyPublicStatus,Id,true,false,,,false,documented,REFERENCE_FILES,45,Id | Public Status Id | Identifier value used as a link to the current record in all other records.,
REFERENCE_FILES,reference_files.companypublicstatus,CompanyPublicStatus,"One row per REFERENCE_FILES CompanyPublicStatus, identified by Id.",Id,,Name,Public Status Description,Brief description of the value.,String(40),string,40,,,CompanyPublicStatus,Name,false,false,,,false,documented,REFERENCE_FILES,46,Name | Public Status Description | Brief description of the value.,
REFERENCE_FILES,reference_files.companyreitsubsector,CompanyREITSubSector,"One row per REFERENCE_FILES CompanyREITSubSector, identified by Id.",Id,,Code,Reit Subsector Code,Short code to identify a Reit Subsector.,String(2),string,2,,,CompanyREITSubSector,Code,false,false,,,false,documented,REFERENCE_FILES,53,Code | Reit Subsector Code | Short code to identify a Reit Subsector.,
REFERENCE_FILES,reference_files.companyreitsubsector,CompanyREITSubSector,"One row per REFERENCE_FILES CompanyREITSubSector, identified by Id.",Id,,Id,ReitSubsector Id,Identifier value used as a link to the current record in all other records.,Int,integer,,,,CompanyREITSubSector,Id,true,false,,,false,documented,REFERENCE_FILES,54,Id | ReitSubsector Id | Identifier value used as a link to the current record in all other records.,
REFERENCE_FILES,reference_files.companyreitsubsector,CompanyREITSubSector,"One row per REFERENCE_FILES CompanyREITSubSector, identified by Id.",Id,,Name,Reit Subsector Name,Brief description of the value.,String(40),string,40,,,CompanyREITSubSector,Name,false,false,,,false,documented,REFERENCE_FILES,55,Name | Reit Subsector Name | Brief description of the value.,
REFERENCE_FILES,reference_files.companysiccode,CompanySICCode,"One row per REFERENCE_FILES CompanySICCode, identified by Id.",Id,,Code,SIC Code,4-digit Sic Code.,String(4),string,4,,,CompanySICCode,Code,false,false,,,false,documented,REFERENCE_FILES,62,Code | SIC Code | 4-digit Sic Code.,
REFERENCE_FILES,reference_files.companysiccode,CompanySICCode,"One row per REFERENCE_FILES CompanySICCode, identified by Id.",Id,,Id,SIC Id,Identifier value used as a link to the current record in all other records.,Int,integer,,,,CompanySICCode,Id,true,false,,,false,documented,REFERENCE_FILES,63,Id | SIC Id | Identifier value used as a link to the current record in all other records.,
REFERENCE_FILES,reference_files.companysiccode,CompanySICCode,"One row per REFERENCE_FILES CompanySICCode, identified by Id.",Id,,Name,SIC Description,Description of the industry represented by the SIC code.,String(255),string,255,,,CompanySICCode,Name,false,false,,,false,documented,REFERENCE_FILES,64,Name | SIC Description | Description of the industry represented by the SIC code.,
REFERENCE_FILES,reference_files.companysig,CompanySIG,"One row per REFERENCE_FILES CompanySIG, identified by Id.",Id,,Code,SIG/GIG Code,Short code to identify a Specific Industry Group or General Industry Group.,String(4),string,4,,,CompanySIG,Code,false,false,,,false,documented,REFERENCE_FILES,71,Code | SIG/GIG Code | Short code to identify a Specific Industry Group or General Industry Group.,
REFERENCE_FILES,reference_files.companysig,CompanySIG,"One row per REFERENCE_FILES CompanySIG, identified by Id.",Id,,GroupId,Group Head Id,There are two levels of SIG codes. This field connects a SIG eg. Finance-Automobile to a GIG eg. Finance. The highest level region is referered to as (GIG) General Industry Group in Dealogic products.,Int,integer,,,,CompanySIG,GroupId,false,false,,,false,documented,REFERENCE_FILES,72,GroupId | Group Head Id | There are two levels of SIG codes. This field connects a SIG eg. Finance-Automobile to a GIG eg. Finance. The highest level region is referered to as (GIG) General Industry Group in Dealogic products.,
REFERENCE_FILES,reference_files.companysig,CompanySIG,"One row per REFERENCE_FILES CompanySIG, identified by Id.",Id,,Id,SIG/GIG Id,Identifier value used as a link to the current record in all other records.,Int,integer,,,,CompanySIG,Id,true,false,,,false,documented,REFERENCE_FILES,73,Id | SIG/GIG Id | Identifier value used as a link to the current record in all other records.,
REFERENCE_FILES,reference_files.companysig,CompanySIG,"One row per REFERENCE_FILES CompanySIG, identified by Id.",Id,,IndustrySectorId,Industry Sector Id,Link to the industry sector reference that the SIG code is grouped into.,Int,integer,,,,CompanySIG,IndustrySectorId,false,true,reference_files.companyindustrysector,Id,false,documented,REFERENCE_FILES,74,IndustrySectorId | Industry Sector Id | Link to the industry sector reference that the SIG code is grouped into.,
REFERENCE_FILES,reference_files.companysig,CompanySIG,"One row per REFERENCE_FILES CompanySIG, identified by Id.",Id,,Name,SIG/GIG Description,Description of the business sectore represented by the SIG/GIG code.,String(255),string,255,,,CompanySIG,Name,false,false,,,false,documented,REFERENCE_FILES,75,Name | SIG/GIG Description | Description of the business sectore represented by the SIG/GIG code.,
REFERENCE_FILES,reference_files.country,Country,"One row per REFERENCE_FILES Country, identified by Id.",Id,,Id,Country Id,Identifier for the code used as a link in other records.,Int,integer,,,,Country,Id,true,false,,,false,documented,REFERENCE_FILES,82,Id | Country Id | Identifier for the code used as a link in other records.,
REFERENCE_FILES,reference_files.country,Country,"One row per REFERENCE_FILES Country, identified by Id.",Id,,ISO2Code,ISO Code (alpha-2),Standard 2-character code assigned to a country by ISO 3166-1,String(2),string,2,,,Country,ISO2Code,false,false,,,false,documented,REFERENCE_FILES,83,ISO2Code | ISO Code (alpha-2) | Standard 2-character code assigned to a country by ISO 3166-1,
REFERENCE_FILES,reference_files.country,Country,"One row per REFERENCE_FILES Country, identified by Id.",Id,,ISOCode,ISO Code (alpha-3),Standard 3-character code assigned to a country by ISO 3166-1,String(3),string,3,,,Country,ISOCode,false,false,,,false,documented,REFERENCE_FILES,84,ISOCode | ISO Code (alpha-3) | Standard 3-character code assigned to a country by ISO 3166-1,
REFERENCE_FILES,reference_files.country,Country,"One row per REFERENCE_FILES Country, identified by Id.",Id,,Name,Country Descriptions,Brief description of the value.,String(40),string,40,,,Country,Name,false,false,,,false,documented,REFERENCE_FILES,85,Name | Country Descriptions | Brief description of the value.,
REFERENCE_FILES,reference_files.country,Country,"One row per REFERENCE_FILES Country, identified by Id.",Id,,RegionId,Region Id,Link to the region reference table to identify the region to which the country belongs.,Int,integer,,,,Country,RegionId,false,true,reference_files.region,Id,false,documented,REFERENCE_FILES,86,RegionId | Region Id | Link to the region reference table to identify the region to which the country belongs.,
REFERENCE_FILES,reference_files.currency,Currency,"One row per REFERENCE_FILES Currency, identified by Id.",Id,,Id,Currency Id,Identifier value used as a link to the current record in all other records..,Int,integer,,,,Currency,Id,true,false,,,false,documented,REFERENCE_FILES,93,Id | Currency Id | Identifier value used as a link to the current record in all other records..,
REFERENCE_FILES,reference_files.currency,Currency,"One row per REFERENCE_FILES Currency, identified by Id.",Id,,ISOCode,Currency ISO Code,Standard ISO 4217 Currency Codes,String(3),string,3,,,Currency,ISOCode,false,false,,,false,documented,REFERENCE_FILES,94,ISOCode | Currency ISO Code | Standard ISO 4217 Currency Codes,
REFERENCE_FILES,reference_files.currency,Currency,"One row per REFERENCE_FILES Currency, identified by Id.",Id,,Name,Currency Description,Brief description of the value.,String(225),string,225,,,Currency,Name,false,false,,,false,documented,REFERENCE_FILES,95,Name | Currency Description | Brief description of the value.,
REFERENCE_FILES,reference_files.dcmbankrole,DCMBankRole,"One row per REFERENCE_FILES DCMBankRole, identified by Id.",Id,,Code,DCM Bank Role Code,Short code to identify a Dcm Bank Role.,String(3),string,3,,,DCMBankRole,Code,false,false,,,false,documented,REFERENCE_FILES,102,Code | DCM Bank Role Code | Short code to identify a Dcm Bank Role.,
REFERENCE_FILES,reference_files.dcmbankrole,DCMBankRole,"One row per REFERENCE_FILES DCMBankRole, identified by Id.",Id,,Id,DCM Bank Role Id,Identifier value used as a link to the current record in the DCM bank record.,Int,integer,,,,DCMBankRole,Id,true,false,,,false,documented,REFERENCE_FILES,103,Id | DCM Bank Role Id | Identifier value used as a link to the current record in the DCM bank record.,
REFERENCE_FILES,reference_files.dcmbankrole,DCMBankRole,"One row per REFERENCE_FILES DCMBankRole, identified by Id.",Id,,Name,DCM Bank Role Description,Brief description of the value.,String(50),string,50,,,DCMBankRole,Name,false,false,,,false,documented,REFERENCE_FILES,104,Name | DCM Bank Role Description | Brief description of the value.,
REFERENCE_FILES,reference_files.dcmbasis,DCMBasis,"One row per REFERENCE_FILES DCMBasis, identified by Id.",Id,,Code,DCM Basis Code,Short code to identify a Basis.,String(1),string,1,,,DCMBasis,Code,false,false,,,false,documented,REFERENCE_FILES,111,Code | DCM Basis Code | Short code to identify a Basis.,
REFERENCE_FILES,reference_files.dcmbasis,DCMBasis,"One row per REFERENCE_FILES DCMBasis, identified by Id.",Id,,Id,DCM Basis Id,Identifier value used as a link to the current record in all other records.,Int,integer,,,,DCMBasis,Id,true,false,,,false,documented,REFERENCE_FILES,112,Id | DCM Basis Id | Identifier value used as a link to the current record in all other records.,
REFERENCE_FILES,reference_files.dcmbasis,DCMBasis,"One row per REFERENCE_FILES DCMBasis, identified by Id.",Id,,Name,DCM Basis Description,Brief description of the value.,String(50),string,50,,,DCMBasis,Name,false,false,,,false,documented,REFERENCE_FILES,113,Name | DCM Basis Description | Brief description of the value.,
REFERENCE_FILES,reference_files.dcmcollateraltype,DCMCollateralType,"One row per REFERENCE_FILES DCMCollateralType, identified by Id.",Id,,Code,DCM Collateral Type Code,Short code to identify a Collateral type.,String(1),string,1,,,DCMCollateralType,Code,false,false,,,false,documented,REFERENCE_FILES,120,Code | DCM Collateral Type Code | Short code to identify a Collateral type.,
REFERENCE_FILES,reference_files.dcmcollateraltype,DCMCollateralType,"One row per REFERENCE_FILES DCMCollateralType, identified by Id.",Id,,Id,DCM Collateral Type Id,Identifier value used as a link to the current record in all other records.,Int,integer,,,,DCMCollateralType,Id,true,false,,,false,documented,REFERENCE_FILES,121,Id | DCM Collateral Type Id | Identifier value used as a link to the current record in all other records.,
REFERENCE_FILES,reference_files.dcmcollateraltype,DCMCollateralType,"One row per REFERENCE_FILES DCMCollateralType, identified by Id.",Id,,Name,DCM Collateral Type Description,Brief description of the value.,String(50),string,50,,,DCMCollateralType,Name,false,false,,,false,documented,REFERENCE_FILES,122,Name | DCM Collateral Type Description | Brief description of the value.,
REFERENCE_FILES,reference_files.dcmdealinnovation,DCMDealInnovation,"One row per REFERENCE_FILES DCMDealInnovation, identified by Id.",Id,,Code,DCM Deal Innovation Type Code,short code to identify a deal innovation type.,String(7),string,7,,,DCMDealInnovation,Code,false,false,,,false,documented,REFERENCE_FILES,129,Code | DCM Deal Innovation Type Code | short code to identify a deal innovation type.,
REFERENCE_FILES,reference_files.dcmdealinnovation,DCMDealInnovation,"One row per REFERENCE_FILES DCMDealInnovation, identified by Id.",Id,,Id,DCM Deal InnovationType Id,Identifier value used as a link to the current record in all other records.,Int,integer,,,,DCMDealInnovation,Id,true,false,,,false,documented,REFERENCE_FILES,130,Id | DCM Deal InnovationType Id | Identifier value used as a link to the current record in all other records.,
REFERENCE_FILES,reference_files.dcmdealinnovation,DCMDealInnovation,"One row per REFERENCE_FILES DCMDealInnovation, identified by Id.",Id,,Name,DCM Deal InnovationType Description,Brief description of the value.,String(50),string,50,,,DCMDealInnovation,Name,false,false,,,false,documented,REFERENCE_FILES,131,Name | DCM Deal InnovationType Description | Brief description of the value.,
REFERENCE_FILES,reference_files.dcmdealtype,DCMDealType,"One row per REFERENCE_FILES DCMDealType, identified by Id.",Id,,Code,DCM Deal Type Code,short code to identify a deal type.,String(7),string,7,,,DCMDealType,Code,false,false,,,false,documented,REFERENCE_FILES,138,Code | DCM Deal Type Code | short code to identify a deal type.,
REFERENCE_FILES,reference_files.dcmdealtype,DCMDealType,"One row per REFERENCE_FILES DCMDealType, identified by Id.",Id,,Id,DCM Deal Type Id,Identifier value used as a link to the current record in all other records.,Int,integer,,,,DCMDealType,Id,true,false,,,false,documented,REFERENCE_FILES,139,Id | DCM Deal Type Id | Identifier value used as a link to the current record in all other records.,
REFERENCE_FILES,reference_files.dcmdealtype,DCMDealType,"One row per REFERENCE_FILES DCMDealType, identified by Id.",Id,,LongCode,Deal Type Code,Short code  to identify a deal type with DCM prefix.,String(15),string,15,,,DCMDealType,LongCode,false,false,,,false,documented,REFERENCE_FILES,140,LongCode | Deal Type Code | Short code  to identify a deal type with DCM prefix.,
REFERENCE_FILES,reference_files.dcmdealtype,DCMDealType,"One row per REFERENCE_FILES DCMDealType, identified by Id.",Id,,Name,DCM Deal Type Description,Brief description of the value.,String(50),string,50,,,DCMDealType,Name,false,false,,,false,documented,REFERENCE_FILES,141,Name | DCM Deal Type Description | Brief description of the value.,
REFERENCE_FILES,reference_files.dcmissuetype,DCMIssueType,"One row per REFERENCE_FILES DCMIssueType, identified by Id.",Id,,Code,DCM Issue Type Code,Short code to identify a Dcm IssueType.,String(6),string,6,,,DCMIssueType,Code,false,false,,,false,documented,REFERENCE_FILES,148,Code | DCM Issue Type Code | Short code to identify a Dcm IssueType.,
REFERENCE_FILES,reference_files.dcmissuetype,DCMIssueType,"One row per REFERENCE_FILES DCMIssueType, identified by Id.",Id,,Id,DCM Issue Type Id,Identifier value used as a link to the current record in all other records.,Int,integer,,,,DCMIssueType,Id,true,false,,,false,documented,REFERENCE_FILES,149,Id | DCM Issue Type Id | Identifier value used as a link to the current record in all other records.,
REFERENCE_FILES,reference_files.dcmissuetype,DCMIssueType,"One row per REFERENCE_FILES DCMIssueType, identified by Id.",Id,,Name,DCM Issue Type Description,Brief description of the value.,String(50),string,50,,,DCMIssueType,Name,false,false,,,false,documented,REFERENCE_FILES,150,Name | DCM Issue Type Description | Brief description of the value.,
REFERENCE_FILES,reference_files.dcmlocalissuetype,DCMLocalIssueType,"One row per REFERENCE_FILES DCMLocalIssueType, identified by Id.",Id,,Code,DCM Local Issue Type Code,Short code to identify a Dcm Local IssueType.,String(6),string,6,,,DCMLocalIssueType,Code,false,false,,,false,documented,REFERENCE_FILES,157,Code | DCM Local Issue Type Code | Short code to identify a Dcm Local IssueType.,
REFERENCE_FILES,reference_files.dcmlocalissuetype,DCMLocalIssueType,"One row per REFERENCE_FILES DCMLocalIssueType, identified by Id.",Id,,Id,DCM Local Issue Type Id,Identifier value used as a link to the current record in all other records.,Int,integer,,,,DCMLocalIssueType,Id,true,false,,,false,documented,REFERENCE_FILES,158,Id | DCM Local Issue Type Id | Identifier value used as a link to the current record in all other records.,
REFERENCE_FILES,reference_files.dcmlocalissuetype,DCMLocalIssueType,"One row per REFERENCE_FILES DCMLocalIssueType, identified by Id.",Id,,Name,DCM Local Issue Type Description,Brief description of the value.,String(50),string,50,,,DCMLocalIssueType,Name,false,false,,,false,documented,REFERENCE_FILES,159,Name | DCM Local Issue Type Description | Brief description of the value.,
REFERENCE_FILES,reference_files.dcmmarketsubtype,DCMMarketSubType,"One row per REFERENCE_FILES DCMMarketSubType, identified by Id.",Id,,Code,DCM Market Sub Type Code,Short code to identify a DCM Market Sub Type.,String(6),string,6,,,DCMMarketSubType,Code,false,false,,,false,documented,REFERENCE_FILES,166,Code | DCM Market Sub Type Code | Short code to identify a DCM Market Sub Type.,
REFERENCE_FILES,reference_files.dcmmarketsubtype,DCMMarketSubType,"One row per REFERENCE_FILES DCMMarketSubType, identified by Id.",Id,,Id,DCM Market Sub Type Id,Identifier value used as a link to the current record in all other records.,Int,integer,,,,DCMMarketSubType,Id,true,false,,,false,documented,REFERENCE_FILES,167,Id | DCM Market Sub Type Id | Identifier value used as a link to the current record in all other records.,
REFERENCE_FILES,reference_files.dcmmarketsubtype,DCMMarketSubType,"One row per REFERENCE_FILES DCMMarketSubType, identified by Id.",Id,,Name,DCM Market Sub Type Description,Brief description of the value.,String(50),string,50,,,DCMMarketSubType,Name,false,false,,,false,documented,REFERENCE_FILES,168,Name | DCM Market Sub Type Description | Brief description of the value.,
REFERENCE_FILES,reference_files.dcmmarkettype,DCMMarketType,"One row per REFERENCE_FILES DCMMarketType, identified by Id.",Id,,Code,DCM Market Type Code,Short code to identify a DCM Market Type.,String(6),string,6,,,DCMMarketType,Code,false,false,,,false,documented,REFERENCE_FILES,175,Code | DCM Market Type Code | Short code to identify a DCM Market Type.,
REFERENCE_FILES,reference_files.dcmmarkettype,DCMMarketType,"One row per REFERENCE_FILES DCMMarketType, identified by Id.",Id,,Id,DCM Market Type Id,Identifier value used as a link to the current record in all other records.,Int,integer,,,,DCMMarketType,Id,true,false,,,false,documented,REFERENCE_FILES,176,Id | DCM Market Type Id | Identifier value used as a link to the current record in all other records.,
REFERENCE_FILES,reference_files.dcmmarkettype,DCMMarketType,"One row per REFERENCE_FILES DCMMarketType, identified by Id.",Id,,Name,DCM Market Type Description,Brief description of the value.,String(50),string,50,,,DCMMarketType,Name,false,false,,,false,documented,REFERENCE_FILES,177,Name | DCM Market Type Description | Brief description of the value.,
REFERENCE_FILES,reference_files.dcmmtnprogramtype,DCMMTNProgramType,"One row per REFERENCE_FILES DCMMTNProgramType, identified by Id.",Id,,Code,MTN Program Type Code,Short code to identify a Mtn ProgramType.,String(4),string,4,,,DCMMTNProgramType,Code,false,false,,,false,documented,REFERENCE_FILES,184,Code | MTN Program Type Code | Short code to identify a Mtn ProgramType.,
REFERENCE_FILES,reference_files.dcmmtnprogramtype,DCMMTNProgramType,"One row per REFERENCE_FILES DCMMTNProgramType, identified by Id.",Id,,Id,MTN Program Type Id,Identifier value used as a link to the current record in all other records.,Int,integer,,,,DCMMTNProgramType,Id,true,false,,,false,documented,REFERENCE_FILES,185,Id | MTN Program Type Id | Identifier value used as a link to the current record in all other records.,
REFERENCE_FILES,reference_files.dcmmtnprogramtype,DCMMTNProgramType,"One row per REFERENCE_FILES DCMMTNProgramType, identified by Id.",Id,,Name,MTN Program Type Description,Brief description of the value.,String(50),string,50,,,DCMMTNProgramType,Name,false,false,,,false,documented,REFERENCE_FILES,186,Name | MTN Program Type Description | Brief description of the value.,
REFERENCE_FILES,reference_files.dcmsecuritytype,DCMSecurityType,"One row per REFERENCE_FILES DCMSecurityType, identified by Id.",Id,,Code,DCM Security Type Code,Short code to identify a Dcm SecurityType.,String(9),string,9,,,DCMSecurityType,Code,false,false,,,false,documented,REFERENCE_FILES,193,Code | DCM Security Type Code | Short code to identify a Dcm SecurityType.,
REFERENCE_FILES,reference_files.dcmsecuritytype,DCMSecurityType,"One row per REFERENCE_FILES DCMSecurityType, identified by Id.",Id,,Id,DCM Security Type Id,Identifier value used as a link to the current record in all other records.,Int,integer,,,,DCMSecurityType,Id,true,false,,,false,documented,REFERENCE_FILES,194,Id | DCM Security Type Id | Identifier value used as a link to the current record in all other records.,
REFERENCE_FILES,reference_files.dcmsecuritytype,DCMSecurityType,"One row per REFERENCE_FILES DCMSecurityType, identified by Id.",Id,,Name,DCM Security Type Description,Brief description of the value.,String(100),string,100,,,DCMSecurityType,Name,false,false,,,false,documented,REFERENCE_FILES,195,Name | DCM Security Type Description | Brief description of the value.,
REFERENCE_FILES,reference_files.dcmtiercapital,DCMTierCapital,"One row per REFERENCE_FILES DCMTierCapital, identified by Id.",Id,,Code,DCM Tier Capital Code,2 character code to identify a DcmTier Capital category.,String(2),string,2,,,DCMTierCapital,Code,false,false,,,false,documented,REFERENCE_FILES,202,Code | DCM Tier Capital Code | 2 character code to identify a DcmTier Capital category.,
REFERENCE_FILES,reference_files.dcmtiercapital,DCMTierCapital,"One row per REFERENCE_FILES DCMTierCapital, identified by Id.",Id,,Id,DCM Tier Capital Id,Identifier value used as a link to the current record in all other records.,Int,integer,,,,DCMTierCapital,Id,true,false,,,false,documented,REFERENCE_FILES,203,Id | DCM Tier Capital Id | Identifier value used as a link to the current record in all other records.,
REFERENCE_FILES,reference_files.dcmtiercapital,DCMTierCapital,"One row per REFERENCE_FILES DCMTierCapital, identified by Id.",Id,,Name,DCM Tier Capital Description,Brief description of the value.,String(50),string,50,,,DCMTierCapital,Name,false,false,,,false,documented,REFERENCE_FILES,204,Name | DCM Tier Capital Description | Brief description of the value.,
REFERENCE_FILES,reference_files.dealstatus.dealsectortype,DealStatus,"One row per REFERENCE_FILES DealStatus, identified by Id.",Id,,Code,Deal Sector Code,Short code to identify the deal sector type.,String(3),string,3,,,DealSectorType,Code,false,false,,,false,documented,REFERENCE_FILES,211,Code | Deal Sector Code | Short code to identify the deal sector type.,
REFERENCE_FILES,reference_files.dealstatus.dealsectortype,DealStatus,"One row per REFERENCE_FILES DealStatus, identified by Id.",Id,,Id,Deal Sector Id,Identifier value used as a link to the current record in all other records.,Int,integer,,,,DealSectorType,Id,true,false,,,false,documented,REFERENCE_FILES,212,Id | Deal Sector Id | Identifier value used as a link to the current record in all other records.,
REFERENCE_FILES,reference_files.dealstatus.dealsectortype,DealStatus,"One row per REFERENCE_FILES DealStatus, identified by Id.",Id,,Name,Deal Sector Type,Brief description of the value.,String(30),string,30,,,DealSectorType,Name,false,false,,,false,documented,REFERENCE_FILES,213,Name | Deal Sector Type | Brief description of the value.,
REFERENCE_FILES,reference_files.dealstatus.dealstatus,DealStatus,"One row per REFERENCE_FILES DealStatus, identified by Id.",Id,,Code,Deal Status Code,Short code to identify the deal status.,String(3),string,3,,,DealStatus,Code,false,false,,,false,documented,REFERENCE_FILES,220,Code | Deal Status Code | Short code to identify the deal status.,
REFERENCE_FILES,reference_files.dealstatus.dealstatus,DealStatus,"One row per REFERENCE_FILES DealStatus, identified by Id.",Id,,Id,Deal Status Id,Identifier value used as a link to the current record in all other records.,Int,integer,,,,DealStatus,Id,true,false,,,false,documented,REFERENCE_FILES,221,Id | Deal Status Id | Identifier value used as a link to the current record in all other records.,
REFERENCE_FILES,reference_files.dealstatus.dealstatus,DealStatus,"One row per REFERENCE_FILES DealStatus, identified by Id.",Id,,Name,Deal Status Description,Brief description of the value.,String(30),string,30,,,DealStatus,Name,false,false,,,false,documented,REFERENCE_FILES,222,Name | Deal Status Description | Brief description of the value.,
REFERENCE_FILES,reference_files.ecmatmbasis,ECMATMBasis,"One row per REFERENCE_FILES ECMATMBasis, identified by Id.",Id,,Code,ECM ATM Basis Code,Short code to identify an ATM Basis.,String(5),string,5,,,ECMATMBasis,Code,false,false,,,false,documented,REFERENCE_FILES,229,Code | ECM ATM Basis Code | Short code to identify an ATM Basis.,
REFERENCE_FILES,reference_files.ecmatmbasis,ECMATMBasis,"One row per REFERENCE_FILES ECMATMBasis, identified by Id.",Id,,Id,ECM ATM Basis Id,Identifier value used as a link to the current record in the ECM ATM Basis record..,Int,integer,,,,ECMATMBasis,Id,true,false,,,false,documented,REFERENCE_FILES,230,Id | ECM ATM Basis Id | Identifier value used as a link to the current record in the ECM ATM Basis record..,
REFERENCE_FILES,reference_files.ecmatmbasis,ECMATMBasis,"One row per REFERENCE_FILES ECMATMBasis, identified by Id.",Id,,Name,ECM ATM Basis Description,Brief description of the value.,String(12),string,12,,,ECMATMBasis,Name,false,false,,,false,documented,REFERENCE_FILES,231,Name | ECM ATM Basis Description | Brief description of the value.,
REFERENCE_FILES,reference_files.ecmattorneyrole,ECMAttorneyRole,"One row per REFERENCE_FILES ECMAttorneyRole, identified by Id.",Id,,Code,ECM Attorney Role Code,Short code to identify an ECM Attorney Role.,String(3),string,3,,,ECMAttorneyRole,Code,false,false,,,false,documented,REFERENCE_FILES,238,Code | ECM Attorney Role Code | Short code to identify an ECM Attorney Role.,
REFERENCE_FILES,reference_files.ecmattorneyrole,ECMAttorneyRole,"One row per REFERENCE_FILES ECMAttorneyRole, identified by Id.",Id,,Id,ECM Attorney Role Id,Identifier value used as a link to the current record in all other records.,Int,integer,,,,ECMAttorneyRole,Id,true,false,,,false,documented,REFERENCE_FILES,239,Id | ECM Attorney Role Id | Identifier value used as a link to the current record in all other records.,
REFERENCE_FILES,reference_files.ecmattorneyrole,ECMAttorneyRole,"One row per REFERENCE_FILES ECMAttorneyRole, identified by Id.",Id,,Name,ECM Attorney Role Description,Brief description of the Attorney Role.,String(50),string,50,,,ECMAttorneyRole,Name,false,false,,,false,documented,REFERENCE_FILES,240,Name | ECM Attorney Role Description | Brief description of the Attorney Role.,
REFERENCE_FILES,reference_files.ecmbankrole,ECMBankRole,"One row per REFERENCE_FILES ECMBankRole, identified by Id.",Id,,Code,ECM Bank Role Code,Short code to identify an ECM Bank Role.,String(3),string,3,,,ECMBankRole,Code,false,false,,,false,documented,REFERENCE_FILES,247,Code | ECM Bank Role Code | Short code to identify an ECM Bank Role.,
REFERENCE_FILES,reference_files.ecmbankrole,ECMBankRole,"One row per REFERENCE_FILES ECMBankRole, identified by Id.",Id,,Id,ECM Bank Role Id,Identifier value used as a link to the current record in all other records.,Int,integer,,,,ECMBankRole,Id,true,false,,,false,documented,REFERENCE_FILES,248,Id | ECM Bank Role Id | Identifier value used as a link to the current record in all other records.,
REFERENCE_FILES,reference_files.ecmbankrole,ECMBankRole,"One row per REFERENCE_FILES ECMBankRole, identified by Id.",Id,,Name,ECM Bank Role Description,Brief description of the value.,String(60),string,60,,,ECMBankRole,Name,false,false,,,false,documented,REFERENCE_FILES,249,Name | ECM Bank Role Description | Brief description of the value.,
REFERENCE_FILES,reference_files.ecmcit,ECMCIT,"One row per REFERENCE_FILES ECMCIT, identified by Id.",Id,,Code,ECM Canadian Income Trust Code,Short code to identify a ECM CanadaTrust Category.,String(4),string,4,,,ECMCIT,Code,false,false,,,false,documented,REFERENCE_FILES,256,Code | ECM Canadian Income Trust Code | Short code to identify a ECM CanadaTrust Category.,
REFERENCE_FILES,reference_files.ecmcit,ECMCIT,"One row per REFERENCE_FILES ECMCIT, identified by Id.",Id,,Id,ECM Canadian Income Trust Id,Identifier value used as a link to the current record in all other records.,Int,integer,,,,ECMCIT,Id,true,false,,,false,documented,REFERENCE_FILES,257,Id | ECM Canadian Income Trust Id | Identifier value used as a link to the current record in all other records.,
REFERENCE_FILES,reference_files.ecmcit,ECMCIT,"One row per REFERENCE_FILES ECMCIT, identified by Id.",Id,,Name,ECM Canadian Income Trust Description,Brief description of the value.,String(30),string,30,,,ECMCIT,Name,false,false,,,false,documented,REFERENCE_FILES,258,Name | ECM Canadian Income Trust Description | Brief description of the value.,
REFERENCE_FILES,reference_files.ecmconvertiblerank,ECMConvertibleRank,"One row per REFERENCE_FILES ECMConvertibleRank, identified by Id.",Id,,Code,ECM Convertible Rank Code,Short code to identify a convertible rank.,String(5),string,5,,,ECMConvertibleRank,Code,false,false,,,false,documented,REFERENCE_FILES,265,Code | ECM Convertible Rank Code | Short code to identify a convertible rank.,
REFERENCE_FILES,reference_files.ecmconvertiblerank,ECMConvertibleRank,"One row per REFERENCE_FILES ECMConvertibleRank, identified by Id.",Id,,Id,ECM Convertible Rank Id,Identifier value used as a link to the current record in the convertible rank table.,Int,integer,,,,ECMConvertibleRank,Id,true,false,,,false,documented,REFERENCE_FILES,266,Id | ECM Convertible Rank Id | Identifier value used as a link to the current record in the convertible rank table.,
REFERENCE_FILES,reference_files.ecmconvertiblerank,ECMConvertibleRank,"One row per REFERENCE_FILES ECMConvertibleRank, identified by Id.",Id,,Name,ECM Convertible Rank Description,Brief description of the value.,String(30),string,30,,,ECMConvertibleRank,Name,false,false,,,false,documented,REFERENCE_FILES,267,Name | ECM Convertible Rank Description | Brief description of the value.,
REFERENCE_FILES,reference_files.ecmdealtype,ECMDealType,"One row per REFERENCE_FILES ECMDealType, identified by Id.",Id,,Code,DealType Code,short code to identify a deal type.,String(6),string,6,,,ECMDealType,Code,false,false,,,false,documented,REFERENCE_FILES,274,Code | DealType Code | short code to identify a deal type.,
REFERENCE_FILES,reference_files.ecmdealtype,ECMDealType,"One row per REFERENCE_FILES ECMDealType, identified by Id.",Id,,Id,DealType Id,Identifier value used as a link to the current record in all other records.,Int,integer,,,,ECMDealType,Id,true,false,,,false,documented,REFERENCE_FILES,275,Id | DealType Id | Identifier value used as a link to the current record in all other records.,
REFERENCE_FILES,reference_files.ecmdealtype,ECMDealType,"One row per REFERENCE_FILES ECMDealType, identified by Id.",Id,,Name,DealType Description,Brief description of the value.,String(25),string,25,,,ECMDealType,Name,false,false,,,false,documented,REFERENCE_FILES,276,Name | DealType Description | Brief description of the value.,
REFERENCE_FILES,reference_files.ecmmarketsubtype,ECMMarketSubType,"One row per REFERENCE_FILES ECMMarketSubType, identified by Id.",Id,,Code,ECM Market SubType Code,Short code to identify an ECM Market SubType.,String(2),string,2,,,ECMMarketSubType,Code,false,false,,,false,documented,REFERENCE_FILES,283,Code | ECM Market SubType Code | Short code to identify an ECM Market SubType.,
REFERENCE_FILES,reference_files.ecmmarketsubtype,ECMMarketSubType,"One row per REFERENCE_FILES ECMMarketSubType, identified by Id.",Id,,Id,ECM Market SubType Id,Identifier value used as a link to the current record in all other records.,Int,integer,,,,ECMMarketSubType,Id,true,false,,,false,documented,REFERENCE_FILES,284,Id | ECM Market SubType Id | Identifier value used as a link to the current record in all other records.,
REFERENCE_FILES,reference_files.ecmmarketsubtype,ECMMarketSubType,"One row per REFERENCE_FILES ECMMarketSubType, identified by Id.",Id,,Name,ECM Market SubType Description,Brief description of the value.,String(9),string,9,,,ECMMarketSubType,Name,false,false,,,false,documented,REFERENCE_FILES,285,Name | ECM Market SubType Description | Brief description of the value.,
REFERENCE_FILES,reference_files.ecmoffertype,ECMOfferType,"One row per REFERENCE_FILES ECMOfferType, identified by Id.",Id,,Code,ECM Offer Type Code,"Single character to indicate the offer type (R = Retail, I = institutional),.",String(1),string,1,,,ECMOfferType,Code,false,false,,,false,documented,REFERENCE_FILES,292,"Code | ECM Offer Type Code | Single character to indicate the offer type (R = Retail, I = institutional),.",
REFERENCE_FILES,reference_files.ecmoffertype,ECMOfferType,"One row per REFERENCE_FILES ECMOfferType, identified by Id.",Id,,Id,ECM Offer Type Id,Identifier value used as a link to the current record in the offer type record.,Int,integer,,,,ECMOfferType,Id,true,false,,,false,documented,REFERENCE_FILES,293,Id | ECM Offer Type Id | Identifier value used as a link to the current record in the offer type record.,
REFERENCE_FILES,reference_files.ecmoffertype,ECMOfferType,"One row per REFERENCE_FILES ECMOfferType, identified by Id.",Id,,Name,ECM Offer Type Description,Brief description of the value.,String(50),string,50,,,ECMOfferType,Name,false,false,,,false,documented,REFERENCE_FILES,294,Name | ECM Offer Type Description | Brief description of the value.,
REFERENCE_FILES,reference_files.ecmpriceperiod,ECMPricePeriod,"One row per REFERENCE_FILES ECMPricePeriod, identified by an undocumented key.",,,Code,ECM Price Period Code,Short code to identify a price period,String(5),string,5,,,ECMPricePeriod,Code,false,false,,,false,documented,REFERENCE_FILES,301,Code | ECM Price Period Code | Short code to identify a price period,
REFERENCE_FILES,reference_files.ecmpriceperiod,ECMPricePeriod,"One row per REFERENCE_FILES ECMPricePeriod, identified by an undocumented key.",,,Id,ECM Price Period Id,Identifier value used as a link to the current record in all other records.,Int,integer,,,,ECMPricePeriod,Id,false,false,,,false,documented,REFERENCE_FILES,302,Id | ECM Price Period Id | Identifier value used as a link to the current record in all other records.,
REFERENCE_FILES,reference_files.ecmpriceperiod,ECMPricePeriod,"One row per REFERENCE_FILES ECMPricePeriod, identified by an undocumented key.",,,Name,ECM Price Period Description,Descriibes the time period,String(30),string,30,,,ECMPricePeriod,Name,false,false,,,false,documented,REFERENCE_FILES,303,Name | ECM Price Period Description | Descriibes the time period,
REFERENCE_FILES,reference_files.ecmpricerange,ECMPriceRange,"One row per REFERENCE_FILES ECMPriceRange, identified by Id.",Id,,Code,ECM Issue Price Range Code,Short code to identify an ECM Issue Price Range.,String(4),string,4,,,ECMPriceRange,Code,false,false,,,false,documented,REFERENCE_FILES,310,Code | ECM Issue Price Range Code | Short code to identify an ECM Issue Price Range.,
REFERENCE_FILES,reference_files.ecmpricerange,ECMPriceRange,"One row per REFERENCE_FILES ECMPriceRange, identified by Id.",Id,,Id,ECM Issue Price Range Id,Identifier value used as a link to the current record in all other records.,Int,integer,,,,ECMPriceRange,Id,true,false,,,false,documented,REFERENCE_FILES,311,Id | ECM Issue Price Range Id | Identifier value used as a link to the current record in all other records.,
REFERENCE_FILES,reference_files.ecmpricerange,ECMPriceRange,"One row per REFERENCE_FILES ECMPriceRange, identified by Id.",Id,,Name,ECM Issue Price Range Description,Brief description of the value.,String(50),string,50,,,ECMPriceRange,Name,false,false,,,false,documented,REFERENCE_FILES,312,Name | ECM Issue Price Range Description | Brief description of the value.,
REFERENCE_FILES,reference_files.ecmrevisiondirection,ECMRevisionDirection,"One row per REFERENCE_FILES ECMRevisionDirection, identified by Id.",Id,,Code,ECM Revision Direction Code,"Single character to identify the Revision Direction (U = up, D = down).",String(1),string,1,,,ECMRevisionDirection,Code,false,false,,,false,documented,REFERENCE_FILES,319,"Code | ECM Revision Direction Code | Single character to identify the Revision Direction (U = up, D = down).",
REFERENCE_FILES,reference_files.ecmrevisiondirection,ECMRevisionDirection,"One row per REFERENCE_FILES ECMRevisionDirection, identified by Id.",Id,,Id,ECM Revision Direction Id,Identifier value used as a link to the current record in the Revision Direction list..,Int,integer,,,,ECMRevisionDirection,Id,true,false,,,false,documented,REFERENCE_FILES,320,Id | ECM Revision Direction Id | Identifier value used as a link to the current record in the Revision Direction list..,
REFERENCE_FILES,reference_files.ecmrevisiondirection,ECMRevisionDirection,"One row per REFERENCE_FILES ECMRevisionDirection, identified by Id.",Id,,Name,ECM Revision Direction Description,Brief description of the value.,String(10),string,10,,,ECMRevisionDirection,Name,false,false,,,false,documented,REFERENCE_FILES,321,Name | ECM Revision Direction Description | Brief description of the value.,
REFERENCE_FILES,reference_files.ecmsecuritytype,ECMSecurityType,"One row per REFERENCE_FILES ECMSecurityType, identified by Id.",Id,,Code,ECM Security Type Code,"Single character to identify the Revision Direction (U = up, D = down).",String(5),string,5,,,ECMSecurityType,Code,false,false,,,false,documented,REFERENCE_FILES,328,"Code | ECM Security Type Code | Single character to identify the Revision Direction (U = up, D = down).",
REFERENCE_FILES,reference_files.ecmsecuritytype,ECMSecurityType,"One row per REFERENCE_FILES ECMSecurityType, identified by Id.",Id,,Id,ECM Security Type Id,Identifier value used as a link between an ECM Security Type record and an ECM tranche record.,Int,integer,,,,ECMSecurityType,Id,true,false,,,false,documented,REFERENCE_FILES,329,Id | ECM Security Type Id | Identifier value used as a link between an ECM Security Type record and an ECM tranche record.,
REFERENCE_FILES,reference_files.ecmsecuritytype,ECMSecurityType,"One row per REFERENCE_FILES ECMSecurityType, identified by Id.",Id,,Name,ECM Security Type Description,Brief description of the value.,String(40),string,40,,,ECMSecurityType,Name,false,false,,,false,documented,REFERENCE_FILES,330,Name | ECM Security Type Description | Brief description of the value.,
REFERENCE_FILES,reference_files.ecmshelftype,ECMShelfType,"One row per REFERENCE_FILES ECMShelfType, identified by Id.",Id,,Code,ECM Shelf Type Code,Short code to identify the ECM Security Type,String(5),string,5,,,ECMShelfType,Code,false,false,,,false,documented,REFERENCE_FILES,337,Code | ECM Shelf Type Code | Short code to identify the ECM Security Type,
REFERENCE_FILES,reference_files.ecmshelftype,ECMShelfType,"One row per REFERENCE_FILES ECMShelfType, identified by Id.",Id,,Id,ECM Shelf Type Id,Identifier value used as a link to the current record in all other records.,Int,integer,,,,ECMShelfType,Id,true,false,,,false,documented,REFERENCE_FILES,338,Id | ECM Shelf Type Id | Identifier value used as a link to the current record in all other records.,
REFERENCE_FILES,reference_files.ecmshelftype,ECMShelfType,"One row per REFERENCE_FILES ECMShelfType, identified by Id.",Id,,Name,ECM Shelf Type Description,Brief description of the value.,String(30),string,30,,,ECMShelfType,Name,false,false,,,false,documented,REFERENCE_FILES,339,Name | ECM Shelf Type Description | Brief description of the value.,
REFERENCE_FILES,reference_files.ecmsubtype,ECMSubType,"One row per REFERENCE_FILES ECMSubType, identified by Id.",Id,,Code,ECM Tranche SubType Code,Short code to identify an ECM Tranche SubType.,String(9),string,9,,,ECMSubType,Code,false,false,,,false,documented,REFERENCE_FILES,346,Code | ECM Tranche SubType Code | Short code to identify an ECM Tranche SubType.,
REFERENCE_FILES,reference_files.ecmsubtype,ECMSubType,"One row per REFERENCE_FILES ECMSubType, identified by Id.",Id,,Id,ECM Tranche SubType Id,Identifier value used as a link to the current record in all other records.,Int,integer,,,,ECMSubType,Id,true,false,,,false,documented,REFERENCE_FILES,347,Id | ECM Tranche SubType Id | Identifier value used as a link to the current record in all other records.,
REFERENCE_FILES,reference_files.ecmsubtype,ECMSubType,"One row per REFERENCE_FILES ECMSubType, identified by Id.",Id,,Name,ECM Tranche SubType Description,Brief description of the value.,String(50),string,50,,,ECMSubType,Name,false,false,,,false,documented,REFERENCE_FILES,348,Name | ECM Tranche SubType Description | Brief description of the value.,
REFERENCE_FILES,reference_files.ecmtargetmarket,ECMTargetMarket,"One row per REFERENCE_FILES ECMTargetMarket, identified by Id.",Id,,Code,ECM Target Market Code,Short code to identify an ECMTarget Market.,String(3),string,3,,,ECMTargetMarket,Code,false,false,,,false,documented,REFERENCE_FILES,355,Code | ECM Target Market Code | Short code to identify an ECMTarget Market.,
REFERENCE_FILES,reference_files.ecmtargetmarket,ECMTargetMarket,"One row per REFERENCE_FILES ECMTargetMarket, identified by Id.",Id,,Id,ECM Target Market Id,Identifier value used as a link to the current record in all other records.,Int,integer,,,,ECMTargetMarket,Id,true,false,,,false,documented,REFERENCE_FILES,356,Id | ECM Target Market Id | Identifier value used as a link to the current record in all other records.,
REFERENCE_FILES,reference_files.ecmtargetmarket,ECMTargetMarket,"One row per REFERENCE_FILES ECMTargetMarket, identified by Id.",Id,,Name,ECM Target Market Description,Brief description of the value.,String(50),string,50,,,ECMTargetMarket,Name,false,false,,,false,documented,REFERENCE_FILES,357,Name | ECM Target Market Description | Brief description of the value.,
REFERENCE_FILES,reference_files.ecmwithdrawn,ECMWithdrawn,"One row per REFERENCE_FILES ECMWithdrawn, identified by an undocumented key.",,,Code,ECM Withdrawn Code,"Single-character code to identify a deal withdrawn reason,",String(1),string,1,,,ECMWithdrawn,Code,false,false,,,false,documented,REFERENCE_FILES,364,"Code | ECM Withdrawn Code | Single-character code to identify a deal withdrawn reason,",
REFERENCE_FILES,reference_files.ecmwithdrawn,ECMWithdrawn,"One row per REFERENCE_FILES ECMWithdrawn, identified by an undocumented key.",,,Id,ECM Withdrawn Id,Identifier value used as a link to the current record in all other records.,Int,integer,,,,ECMWithdrawn,Id,false,false,,,false,documented,REFERENCE_FILES,365,Id | ECM Withdrawn Id | Identifier value used as a link to the current record in all other records.,
REFERENCE_FILES,reference_files.ecmwithdrawn,ECMWithdrawn,"One row per REFERENCE_FILES ECMWithdrawn, identified by an undocumented key.",,,Name,ECM Withdrawn Description,Brief description of the value.,String(30),string,30,,,ECMWithdrawn,Name,false,false,,,false,documented,REFERENCE_FILES,366,Name | ECM Withdrawn Description | Brief description of the value.,
REFERENCE_FILES,reference_files.exchange,Exchange,"One row per REFERENCE_FILES Exchange, identified by Id.",Id,,Code,Stock Exchange code,Short code to identify the exchange.,String(3),string,3,,,Exchange,Code,false,false,,,false,documented,REFERENCE_FILES,373,Code | Stock Exchange code | Short code to identify the exchange.,
REFERENCE_FILES,reference_files.exchange,Exchange,"One row per REFERENCE_FILES Exchange, identified by Id.",Id,,CountryISOCode,Stock Exchange Nationality Code,Link to the ISOCode in the country reference identifying the country in which the stock exchange is based.,String(3),string,3,,,Exchange,CountryISOCode,false,true,reference_files.country,ISOCode,false,documented,REFERENCE_FILES,374,CountryISOCode | Stock Exchange Nationality Code | Link to the ISOCode in the country reference identifying the country in which the stock exchange is based.,
REFERENCE_FILES,reference_files.exchange,Exchange,"One row per REFERENCE_FILES Exchange, identified by Id.",Id,,ExchangeCountryId,Stock Exchange Nationality,Link to country reference identifying the country in which the stock exchange is based.,Int,integer,,,,Exchange,ExchangeCountryId,false,true,reference_files.country,Id,false,documented,REFERENCE_FILES,375,ExchangeCountryId | Stock Exchange Nationality | Link to country reference identifying the country in which the stock exchange is based.,
REFERENCE_FILES,reference_files.exchange,Exchange,"One row per REFERENCE_FILES Exchange, identified by Id.",Id,,Id,Stock Exchange Id,Identifier value used as a link to the current record in all other records.,Int,integer,,,,Exchange,Id,true,false,,,false,documented,REFERENCE_FILES,376,Id | Stock Exchange Id | Identifier value used as a link to the current record in all other records.,
REFERENCE_FILES,reference_files.exchange,Exchange,"One row per REFERENCE_FILES Exchange, identified by Id.",Id,,MIC,Stock Exchange MIC,MIC,String(4),string,4,,,Exchange,MIC,false,false,,,false,documented,REFERENCE_FILES,377,MIC | Stock Exchange MIC | MIC,
REFERENCE_FILES,reference_files.exchange,Exchange,"One row per REFERENCE_FILES Exchange, identified by Id.",Id,,Name,Stock Exchange Description,Brief description of the value.,String(225),string,225,,,Exchange,Name,false,false,,,false,documented,REFERENCE_FILES,378,Name | Stock Exchange Description | Brief description of the value.,
REFERENCE_FILES,reference_files.exchange,Exchange,"One row per REFERENCE_FILES Exchange, identified by Id.",Id,,ReutersShort,Stock Exchange Reuters Short,Reuters Short,String(3),string,3,,,Exchange,ReutersShort,false,false,,,false,documented,REFERENCE_FILES,379,ReutersShort | Stock Exchange Reuters Short | Reuters Short,
REFERENCE_FILES,reference_files.frequency,Frequency,"One row per REFERENCE_FILES Frequency, identified by Id.",Id,,Code,Frequency Code,Single-character code to identify a payment frequency .,String(1),string,1,,,Frequency,Code,false,false,,,false,documented,REFERENCE_FILES,386,Code | Frequency Code | Single-character code to identify a payment frequency .,
REFERENCE_FILES,reference_files.frequency,Frequency,"One row per REFERENCE_FILES Frequency, identified by Id.",Id,,Id,Frequency Id,Identifier value used as a link to the current record in all other records.,Int,integer,,,,Frequency,Id,true,false,,,false,documented,REFERENCE_FILES,387,Id | Frequency Id | Identifier value used as a link to the current record in all other records.,
REFERENCE_FILES,reference_files.frequency,Frequency,"One row per REFERENCE_FILES Frequency, identified by Id.",Id,,Name,Frequency Description,Brief description of the value.,String(12),string,12,,,Frequency,Name,false,false,,,false,documented,REFERENCE_FILES,388,Name | Frequency Description | Brief description of the value.,
REFERENCE_FILES,reference_files.loanbankrole,LoanBankRole,"One row per REFERENCE_FILES LoanBankRole, identified by Id.",Id,,Code,Loan Bank Role Code,Short code to identify a Loan Bank Role.,String(4),string,4,,,LoanBankRole,Code,false,false,,,false,documented,REFERENCE_FILES,395,Code | Loan Bank Role Code | Short code to identify a Loan Bank Role.,
REFERENCE_FILES,reference_files.loanbankrole,LoanBankRole,"One row per REFERENCE_FILES LoanBankRole, identified by Id.",Id,,Id,Loan Bank Role Id,Identifier value used as a link to the current record in all other records.,Int,integer,,,,LoanBankRole,Id,true,false,,,false,documented,REFERENCE_FILES,396,Id | Loan Bank Role Id | Identifier value used as a link to the current record in all other records.,
REFERENCE_FILES,reference_files.loanbankrole,LoanBankRole,"One row per REFERENCE_FILES LoanBankRole, identified by Id.",Id,,Name,Loan Bank Role Description,Brief description of the value.,String(24),string,24,,,LoanBankRole,Name,false,false,,,false,documented,REFERENCE_FILES,397,Name | Loan Bank Role Description | Brief description of the value.,
REFERENCE_FILES,reference_files.loanbasis,LoanBasis,"One row per REFERENCE_FILES LoanBasis, identified by Id.",Id,,Code,Loan Basis Code,2-character code to identify a Loan Basis.,String(2),string,2,,,LoanBasis,Code,false,false,,,false,documented,REFERENCE_FILES,404,Code | Loan Basis Code | 2-character code to identify a Loan Basis.,
REFERENCE_FILES,reference_files.loanbasis,LoanBasis,"One row per REFERENCE_FILES LoanBasis, identified by Id.",Id,,Id,Loan Basis Id,Identifier value used as a link to the current record in all other records.,Int,integer,,,,LoanBasis,Id,true,false,,,false,documented,REFERENCE_FILES,405,Id | Loan Basis Id | Identifier value used as a link to the current record in all other records.,
REFERENCE_FILES,reference_files.loanbasis,LoanBasis,"One row per REFERENCE_FILES LoanBasis, identified by Id.",Id,,Name,Loan Basis Description,Brief description of the value.,String(40),string,40,,,LoanBasis,Name,false,false,,,false,documented,REFERENCE_FILES,406,Name | Loan Basis Description | Brief description of the value.,
REFERENCE_FILES,reference_files.loancompanyrole,LoanCompanyRole,"One row per REFERENCE_FILES LoanCompanyRole, identified by Id.",Id,,Code,Loan Company Role Code,Single character code to identify a Loan Company Role.Either B for borrower or S for Loan sponsor.,String(1),string,1,,,LoanCompanyRole,Code,false,false,,,false,documented,REFERENCE_FILES,413,Code | Loan Company Role Code | Single character code to identify a Loan Company Role.Either B for borrower or S for Loan sponsor.,
REFERENCE_FILES,reference_files.loancompanyrole,LoanCompanyRole,"One row per REFERENCE_FILES LoanCompanyRole, identified by Id.",Id,,Id,Loan Company Role Id,Identifier value used as a link to the current record in all other records.,Int,integer,,,,LoanCompanyRole,Id,true,false,,,false,documented,REFERENCE_FILES,414,Id | Loan Company Role Id | Identifier value used as a link to the current record in all other records.,
REFERENCE_FILES,reference_files.loancompanyrole,LoanCompanyRole,"One row per REFERENCE_FILES LoanCompanyRole, identified by Id.",Id,,Name,Loan Company Role Description,Brief description of the value.,String(20),string,20,,,LoanCompanyRole,Name,false,false,,,false,documented,REFERENCE_FILES,415,Name | Loan Company Role Description | Brief description of the value.,
REFERENCE_FILES,reference_files.loandealtype,LoanDealType,"One row per REFERENCE_FILES LoanDealType, identified by Id.",Id,,Code,Loan Deal Type Code,short code to identify a deal type.,String(3),string,3,,,LoanDealType,Code,false,false,,,false,documented,REFERENCE_FILES,422,Code | Loan Deal Type Code | short code to identify a deal type.,
REFERENCE_FILES,reference_files.loandealtype,LoanDealType,"One row per REFERENCE_FILES LoanDealType, identified by Id.",Id,,Id,Loan Deal Type Id,Identifier value used as a link to the current record in all other records.,Int,integer,,,,LoanDealType,Id,true,false,,,false,documented,REFERENCE_FILES,423,Id | Loan Deal Type Id | Identifier value used as a link to the current record in all other records.,
REFERENCE_FILES,reference_files.loandealtype,LoanDealType,"One row per REFERENCE_FILES LoanDealType, identified by Id.",Id,,Name,Loan Deal Type Description,Brief description of the value.,String(25),string,25,,,LoanDealType,Name,false,false,,,false,documented,REFERENCE_FILES,424,Name | Loan Deal Type Description | Brief description of the value.,
REFERENCE_FILES,reference_files.loaninstrumenttype,LoanInstrumentType,"One row per REFERENCE_FILES LoanInstrumentType, identified by Id.",Id,,Code,Loan Instrument Type Code,Short code to identify a Loan Instrument Type.,String(6),string,6,,,LoanInstrumentType,Code,false,false,,,false,documented,REFERENCE_FILES,431,Code | Loan Instrument Type Code | Short code to identify a Loan Instrument Type.,
REFERENCE_FILES,reference_files.loaninstrumenttype,LoanInstrumentType,"One row per REFERENCE_FILES LoanInstrumentType, identified by Id.",Id,,Id,Loan Instrument Type Id,Identifier value used as a link to the current record in all other records.,Int,integer,,,,LoanInstrumentType,Id,true,false,,,false,documented,REFERENCE_FILES,432,Id | Loan Instrument Type Id | Identifier value used as a link to the current record in all other records.,
REFERENCE_FILES,reference_files.loaninstrumenttype,LoanInstrumentType,"One row per REFERENCE_FILES LoanInstrumentType, identified by Id.",Id,,Name,Loan Instrument Type Description,Brief description of the value.,String(30),string,30,,,LoanInstrumentType,Name,false,false,,,false,documented,REFERENCE_FILES,433,Name | Loan Instrument Type Description | Brief description of the value.,
REFERENCE_FILES,reference_files.loanmarkettype,LoanMarketType,"One row per REFERENCE_FILES LoanMarketType, identified by Id.",Id,,Code,Loan Market Type Code,Short code to identify a Loan MarketType.,String(5),string,5,,,LoanMarketType,Code,false,false,,,false,documented,REFERENCE_FILES,440,Code | Loan Market Type Code | Short code to identify a Loan MarketType.,
REFERENCE_FILES,reference_files.loanmarkettype,LoanMarketType,"One row per REFERENCE_FILES LoanMarketType, identified by Id.",Id,,Id,Loan Market Type Id,Identifier value used as a link to the current record in all other records.,Int,integer,,,,LoanMarketType,Id,true,false,,,false,documented,REFERENCE_FILES,441,Id | Loan Market Type Id | Identifier value used as a link to the current record in all other records.,
REFERENCE_FILES,reference_files.loanmarkettype,LoanMarketType,"One row per REFERENCE_FILES LoanMarketType, identified by Id.",Id,,Name,Loan Market Type Description,Brief description of the value.,String(25),string,25,,,LoanMarketType,Name,false,false,,,false,documented,REFERENCE_FILES,442,Name | Loan Market Type Description | Brief description of the value.,
REFERENCE_FILES,reference_files.mnaacquisitionmethod,MNAAcquisitionMethod,"One row per REFERENCE_FILES MNAAcquisitionMethod, identified by Id.",Id,,Code,M&A Acquisition Technique Code,Short code to identify an Acquisition Technique.,String(10),string,10,,,MNAAcquisitionMethod,Code,false,false,,,false,documented,REFERENCE_FILES,449,Code | M&A Acquisition Technique Code | Short code to identify an Acquisition Technique.,
REFERENCE_FILES,reference_files.mnaacquisitionmethod,MNAAcquisitionMethod,"One row per REFERENCE_FILES MNAAcquisitionMethod, identified by Id.",Id,,Id,M&A Acquisition Technique Id,Identifier value used as a link to the current record in the M&A deal record.,Int,integer,,,,MNAAcquisitionMethod,Id,true,false,,,false,documented,REFERENCE_FILES,450,Id | M&A Acquisition Technique Id | Identifier value used as a link to the current record in the M&A deal record.,
REFERENCE_FILES,reference_files.mnaacquisitionmethod,MNAAcquisitionMethod,"One row per REFERENCE_FILES MNAAcquisitionMethod, identified by Id.",Id,,Name,M&A Acquisition Technique Description,Brief description of the value.,String(255),string,255,,,MNAAcquisitionMethod,Name,false,false,,,false,documented,REFERENCE_FILES,451,Name | M&A Acquisition Technique Description | Brief description of the value.,
REFERENCE_FILES,reference_files.mnaadvisorrole,MNAAdvisorRole,"One row per REFERENCE_FILES MNAAdvisorRole, identified by Id.",Id,,Code,M&A Advisor Role code,Short code to identify an advisor role.,String(6),string,6,,,MNAAdvisorRole,Code,false,false,,,false,documented,REFERENCE_FILES,458,Code | M&A Advisor Role code | Short code to identify an advisor role.,
REFERENCE_FILES,reference_files.mnaadvisorrole,MNAAdvisorRole,"One row per REFERENCE_FILES MNAAdvisorRole, identified by Id.",Id,,Id,M&A Advisor Role Id,Identifier value used as a link to the current record in the M&A Advisor record.,Int,integer,,,,MNAAdvisorRole,Id,true,false,,,false,documented,REFERENCE_FILES,459,Id | M&A Advisor Role Id | Identifier value used as a link to the current record in the M&A Advisor record.,
REFERENCE_FILES,reference_files.mnaadvisorrole,MNAAdvisorRole,"One row per REFERENCE_FILES MNAAdvisorRole, identified by Id.",Id,,Name,M&A Advisor Role Description,Brief description of the value.,String(255),string,255,,,MNAAdvisorRole,Name,false,false,,,false,documented,REFERENCE_FILES,460,Name | M&A Advisor Role Description | Brief description of the value.,
REFERENCE_FILES,reference_files.mnaboardattitude,MNABoardAttitude,"One row per REFERENCE_FILES MNABoardAttitude, identified by Id.",Id,,Code,M&A Board Attitude Code,Short code to identify a Board Attitude.,String(6),string,6,,,MNABoardAttitude,Code,false,false,,,false,documented,REFERENCE_FILES,467,Code | M&A Board Attitude Code | Short code to identify a Board Attitude.,
REFERENCE_FILES,reference_files.mnaboardattitude,MNABoardAttitude,"One row per REFERENCE_FILES MNABoardAttitude, identified by Id.",Id,,Id,M&A Board Attitude Id,Identifier value used as a link to the current record in the Board Attitude code list.,Int,integer,,,,MNABoardAttitude,Id,true,false,,,false,documented,REFERENCE_FILES,468,Id | M&A Board Attitude Id | Identifier value used as a link to the current record in the Board Attitude code list.,
REFERENCE_FILES,reference_files.mnaboardattitude,MNABoardAttitude,"One row per REFERENCE_FILES MNABoardAttitude, identified by Id.",Id,,Name,M&A Board Attitude Description,Brief Description of the item.,String(25),string,25,,,MNABoardAttitude,Name,false,false,,,false,documented,REFERENCE_FILES,469,Name | M&A Board Attitude Description | Brief Description of the item.,
REFERENCE_FILES,reference_files.mnacompanyrole,MNACompanyRole,"One row per REFERENCE_FILES MNACompanyRole, identified by Id.",Id,,Code,M&A Company Role Code,Short code to identify an Mna Company Role.,String(6),string,6,,,MNACompanyRole,Code,false,false,,,false,documented,REFERENCE_FILES,476,Code | M&A Company Role Code | Short code to identify an Mna Company Role.,
REFERENCE_FILES,reference_files.mnacompanyrole,MNACompanyRole,"One row per REFERENCE_FILES MNACompanyRole, identified by Id.",Id,,Id,M&A Company Role Id,Identifier value used as a link to the current record in all other records.,Int,integer,,,,MNACompanyRole,Id,true,false,,,false,documented,REFERENCE_FILES,477,Id | M&A Company Role Id | Identifier value used as a link to the current record in all other records.,
REFERENCE_FILES,reference_files.mnacompanyrole,MNACompanyRole,"One row per REFERENCE_FILES MNACompanyRole, identified by Id.",Id,,Name,M&A Company Role Description,Brief description of the value.,String(30),string,30,,,MNACompanyRole,Name,false,false,,,false,documented,REFERENCE_FILES,478,Name | M&A Company Role Description | Brief description of the value.,
REFERENCE_FILES,reference_files.mnadealconisderationtype,MNADealConisderationType,"One row per REFERENCE_FILES MNADealConisderationType, identified by Id.",Id,,Code,M&A Deal Conisderation Type Code,short code to identify a deal consideration type.,String(4),string,4,,,MNADealConisderationType,Code,false,false,,,false,documented,REFERENCE_FILES,485,Code | M&A Deal Conisderation Type Code | short code to identify a deal consideration type.,
REFERENCE_FILES,reference_files.mnadealconisderationtype,MNADealConisderationType,"One row per REFERENCE_FILES MNADealConisderationType, identified by Id.",Id,,Id,M&A Deal Conisderation Type Id,Identifier value used as a link to the current record in all other records.,Int,integer,,,,MNADealConisderationType,Id,true,false,,,false,documented,REFERENCE_FILES,486,Id | M&A Deal Conisderation Type Id | Identifier value used as a link to the current record in all other records.,
REFERENCE_FILES,reference_files.mnadealconisderationtype,MNADealConisderationType,"One row per REFERENCE_FILES MNADealConisderationType, identified by Id.",Id,,Name,M&A Deal Conisderation Type Description,Brief description of the value.,String(255),string,255,,,MNADealConisderationType,Name,false,false,,,false,documented,REFERENCE_FILES,487,Name | M&A Deal Conisderation Type Description | Brief description of the value.,
REFERENCE_FILES,reference_files.mnadealtype,MNADealType,"One row per REFERENCE_FILES MNADealType, identified by Id.",Id,,Code,M&A Deal Type Code,short code to identify a deal type.,String(4),string,4,,,MNADealType,Code,false,false,,,false,documented,REFERENCE_FILES,494,Code | M&A Deal Type Code | short code to identify a deal type.,
REFERENCE_FILES,reference_files.mnadealtype,MNADealType,"One row per REFERENCE_FILES MNADealType, identified by Id.",Id,,Id,M&A Deal Type Id,Identifier value used as a link to the current record in all other records.,Int,integer,,,,MNADealType,Id,true,false,,,false,documented,REFERENCE_FILES,495,Id | M&A Deal Type Id | Identifier value used as a link to the current record in all other records.,
REFERENCE_FILES,reference_files.mnadealtype,MNADealType,"One row per REFERENCE_FILES MNADealType, identified by Id.",Id,,Name,M&A Deal Type Description,Brief description of the value.,String(255),string,255,,,MNADealType,Name,false,false,,,false,documented,REFERENCE_FILES,496,Name | M&A Deal Type Description | Brief description of the value.,
REFERENCE_FILES,reference_files.mnadefensetechnique,MNADefenseTechnique,"One row per REFERENCE_FILES MNADefenseTechnique, identified by Id.",Id,,Code,M&A Defense Technique Code,short code to identify a Defense Technique.,String(4),string,4,,,MNADefenseTechniques,Code,false,false,,,false,documented,REFERENCE_FILES,503,Code | M&A Defense Technique Code | short code to identify a Defense Technique.,
REFERENCE_FILES,reference_files.mnadefensetechnique,MNADefenseTechnique,"One row per REFERENCE_FILES MNADefenseTechnique, identified by Id.",Id,,Id,M&A Defense Technique Id,Identifier value used as a link to the current record in all other records.,Int,integer,,,,MNADefenseTechniques,Id,true,false,,,false,documented,REFERENCE_FILES,504,Id | M&A Defense Technique Id | Identifier value used as a link to the current record in all other records.,
REFERENCE_FILES,reference_files.mnadefensetechnique,MNADefenseTechnique,"One row per REFERENCE_FILES MNADefenseTechnique, identified by Id.",Id,,Name,M&A Defense Technique Description,Brief description of the value.,String(255),string,255,,,MNADefenseTechniques,Name,false,false,,,false,documented,REFERENCE_FILES,505,Name | M&A Defense Technique Description | Brief description of the value.,
REFERENCE_FILES,reference_files.proceeds,Proceeds,"One row per REFERENCE_FILES Proceeds, identified by Id.",Id,,Code,Use of Proceeds Code,Short code to identify a use of proceeds.,String(3),string,3,,,Proceeds,Code,false,false,,,false,documented,REFERENCE_FILES,512,Code | Use of Proceeds Code | Short code to identify a use of proceeds.,
REFERENCE_FILES,reference_files.proceeds,Proceeds,"One row per REFERENCE_FILES Proceeds, identified by Id.",Id,,Id,Use of Proceeds Id,Id field used in deal records to refer to a particular use of proceeds.,Int,integer,,,,Proceeds,Id,true,false,,,false,documented,REFERENCE_FILES,513,Id | Use of Proceeds Id | Id field used in deal records to refer to a particular use of proceeds.,
REFERENCE_FILES,reference_files.proceeds,Proceeds,"One row per REFERENCE_FILES Proceeds, identified by Id.",Id,,Name,Use of Proceeds Description,Brief description of the value.,String(32),string,32,,,Proceeds,Name,false,false,,,false,documented,REFERENCE_FILES,514,Name | Use of Proceeds Description | Brief description of the value.,
REFERENCE_FILES,reference_files.region,Region,"One row per REFERENCE_FILES Region, identified by Id.",Id,,Code,Region Code,Short code to identify a region.,String(5),string,5,,,Region,Code,false,false,,,false,documented,REFERENCE_FILES,521,Code | Region Code | Short code to identify a region.,
REFERENCE_FILES,reference_files.region,Region,"One row per REFERENCE_FILES Region, identified by Id.",Id,,Id,Region Id,Identifier value used as a link to the current record in all other records.,Int,integer,,,,Region,Id,true,false,,,false,documented,REFERENCE_FILES,522,Id | Region Id | Identifier value used as a link to the current record in all other records.,
REFERENCE_FILES,reference_files.region,Region,"One row per REFERENCE_FILES Region, identified by Id.",Id,,Name,Region Description,Brief description of the value.,String(30),string,30,,,Region,Name,false,false,,,false,documented,REFERENCE_FILES,523,Name | Region Description | Brief description of the value.,
REFERENCE_FILES,reference_files.region,Region,"One row per REFERENCE_FILES Region, identified by Id.",Id,,ParentId,Region Parent Id,There are two tiers of regions. This field connects a lower-tier region eg Europe to a wider region eg EMEA. The highest level region is referred to as World Region in Dealogic products.,Int,integer,,,,Region,ParentId,false,true,reference_files.region,Id,false,documented,REFERENCE_FILES,524,ParentId | Region Parent Id | There are two tiers of regions. This field connects a lower-tier region eg Europe to a wider region eg EMEA. The highest level region is referred to as World Region in Dealogic products.,
REFERENCE_FILES,reference_files.sponsoractivitytype,SponsorActivityType,"One row per REFERENCE_FILES SponsorActivityType, identified by Id.",Id,,Code,Financial Sponsor Activity Type Code,Short code to identify an Financial Sponsor Type.,String(3),string,3,,,SponsorActivityType,Code,false,false,,,false,documented,REFERENCE_FILES,531,Code | Financial Sponsor Activity Type Code | Short code to identify an Financial Sponsor Type.,
REFERENCE_FILES,reference_files.sponsoractivitytype,SponsorActivityType,"One row per REFERENCE_FILES SponsorActivityType, identified by Id.",Id,,Id,Financial Sponsor Activity Type Id,Identifier value used as a link to the current record in all other records.,Int,integer,,,,SponsorActivityType,Id,true,false,,,false,documented,REFERENCE_FILES,532,Id | Financial Sponsor Activity Type Id | Identifier value used as a link to the current record in all other records.,
REFERENCE_FILES,reference_files.sponsoractivitytype,SponsorActivityType,"One row per REFERENCE_FILES SponsorActivityType, identified by Id.",Id,,Name,Financial Sponsor Activity Type Description,Brief description of the value.,String(50),string,50,,,SponsorActivityType,Name,false,false,,,false,documented,REFERENCE_FILES,533,Name | Financial Sponsor Activity Type Description | Brief description of the value.,
REFERENCE_FILES,reference_files.state,State,"One row per REFERENCE_FILES State, identified by Id.",Id,,Code,US State Code,Standard 2-digit code to identify a US State.,String(2),string,2,,,State,Code,false,false,,,false,documented,REFERENCE_FILES,540,Code | US State Code | Standard 2-digit code to identify a US State.,
REFERENCE_FILES,reference_files.state,State,"One row per REFERENCE_FILES State, identified by Id.",Id,,CountryId,US State Country Id,Link to country reference used to identify non-US states in the list.,Int,integer,,,,State,CountryId,false,true,reference_files.country,Id,false,documented,REFERENCE_FILES,541,CountryId | US State Country Id | Link to country reference used to identify non-US states in the list.,
REFERENCE_FILES,reference_files.state,State,"One row per REFERENCE_FILES State, identified by Id.",Id,,Id,US State Id,Identifier value used as a link to the current record in all other records.,Int,integer,,,,State,Id,true,false,,,false,documented,REFERENCE_FILES,542,Id | US State Id | Identifier value used as a link to the current record in all other records.,
REFERENCE_FILES,reference_files.state,State,"One row per REFERENCE_FILES State, identified by Id.",Id,,Name,US State Name,State Name,Int,integer,,,,State,Name,false,false,,,false,documented,REFERENCE_FILES,543,Name | US State Name | State Name,
